namespace,nombre,patrón,vista,archivo:línea,categoría,plantilla,kwargs,selenium,pruebas
,login,/accounts/login/,djgentelella.views.auth.GentelellaLoginView,.venv/lib/python3.13/site-packages/django/views/generic/base.py:77,infra,,,0,0
,logout,/accounts/logout/,djgentelella.views.auth.GentelellaLogoutView,.venv/lib/python3.13/site-packages/django/views/generic/base.py:134,infra,,,0,0
,password_change,/accounts/password_change/,django.contrib.auth.views.PasswordChangeView,.venv/lib/python3.13/site-packages/django/views/generic/base.py:360,infra,,,0,0
,password_change_done,/accounts/password_change/done/,django.contrib.auth.views.PasswordChangeDoneView,.venv/lib/python3.13/site-packages/django/views/generic/base.py:383,infra,,,0,0
,password_reset,/accounts/password_reset/,django.contrib.auth.views.PasswordResetView,.venv/lib/python3.13/site-packages/django/views/generic/base.py:227,infra,,,0,0
,password_reset_done,/accounts/password_reset/done/,django.contrib.auth.views.PasswordResetDoneView,.venv/lib/python3.13/site-packages/django/views/generic/base.py:134,infra,,,0,0
,password_reset_confirm,/accounts/reset/<uidb64>/<token>/,django.contrib.auth.views.PasswordResetConfirmView,.venv/lib/python3.13/site-packages/django/views/generic/base.py:266,infra,,uidb64|token,0,0
,password_reset_complete,/accounts/reset/done/,django.contrib.auth.views.PasswordResetDoneView,.venv/lib/python3.13/site-packages/django/views/generic/base.py:134,infra,,,0,0
,rolbase-list,/gtapis/^rolbase/$,auth_and_perms.gtselects.RolS2OrgManagement,.venv/lib/python3.13/site-packages/django/views/decorators/csrf.py:491,api,,,0,0
,rolbase-detail,/gtapis/^rolbase/(?P<pk>[^/.]+)/$,auth_and_perms.gtselects.RolS2OrgManagement,.venv/lib/python3.13/site-packages/django/views/decorators/csrf.py:491,api,,pk,0,0
,laborguserbase-list,/gtapis/^laborguserbase/$,auth_and_perms.gtselects.LabUserS2OrgManagement,.venv/lib/python3.13/site-packages/django/views/decorators/csrf.py:491,api,,,0,0
,laborguserbase-detail,/gtapis/^laborguserbase/(?P<pk>[^/.]+)/$,auth_and_perms.gtselects.LabUserS2OrgManagement,.venv/lib/python3.13/site-packages/django/views/decorators/csrf.py:491,api,,pk,0,0
,orguserbase-list,/gtapis/^orguserbase/$,auth_and_perms.gtselects.UserS2OrgManagement,.venv/lib/python3.13/site-packages/django/views/decorators/csrf.py:491,api,,,0,0
,orguserbase-detail,/gtapis/^orguserbase/(?P<pk>[^/.]+)/$,auth_and_perms.gtselects.UserS2OrgManagement,.venv/lib/python3.13/site-packages/django/views/decorators/csrf.py:491,api,,pk,0,0
,groupbase-list,/gtapis/^groupbase/$,auth_and_perms.gtselects.GroupS2,.venv/lib/python3.13/site-packages/django/views/decorators/csrf.py:491,api,,,0,0
,userbase-list,/gtapis/^userbase/$,auth_and_perms.gtselects.UserApi,.venv/lib/python3.13/site-packages/django/views/decorators/csrf.py:491,api,,,0,0
,relorgbase-list,/gtapis/^relorgbase/$,auth_and_perms.gtselects.RelOrgBaseS2,.venv/lib/python3.13/site-packages/django/views/decorators/csrf.py:491,api,,,0,0
,relorgbase-detail,/gtapis/^relorgbase/(?P<pk>[^/.]+)/$,auth_and_perms.gtselects.RelOrgBaseS2,.venv/lib/python3.13/site-packages/django/views/decorators/csrf.py:491,api,,pk,0,0
,relorgfullbase-list,/gtapis/^relorgfullbase/$,auth_and_perms.gtselects.RelOrgFullS2,.venv/lib/python3.13/site-packages/django/views/decorators/csrf.py:491,api,,,0,0
,relorgfullbase-detail,/gtapis/^relorgfullbase/(?P<pk>[^/.]+)/$,auth_and_perms.gtselects.RelOrgFullS2,.venv/lib/python3.13/site-packages/django/views/decorators/csrf.py:491,api,,pk,0,0
,laborgbase-list,/gtapis/^laborgbase/$,auth_and_perms.gtselects.LabOrgBaseS2,.venv/lib/python3.13/site-packages/django/views/decorators/csrf.py:491,api,,,0,0
,laborgbase-detail,/gtapis/^laborgbase/(?P<pk>[^/.]+)/$,auth_and_perms.gtselects.LabOrgBaseS2,.venv/lib/python3.13/site-packages/django/views/decorators/csrf.py:491,api,,pk,0,0
,roluserorgbase-list,/gtapis/^roluserorgbase/$,auth_and_perms.gtselects.RolUserOrgS2,.venv/lib/python3.13/site-packages/django/views/decorators/csrf.py:491,api,,,0,0
,roluserorgbase-detail,/gtapis/^roluserorgbase/(?P<pk>[^/.]+)/$,auth_and_perms.gtselects.RolUserOrgS2,.venv/lib/python3.13/site-packages/django/views/decorators/csrf.py:491,api,,pk,0,0
,orgbyuser-list,/gtapis/^orgbyuser/$,auth_and_perms.gtselects.OrgbyUserOrgS2,.venv/lib/python3.13/site-packages/django/views/decorators/csrf.py:491,api,,,0,0
,groupsbyprofile-list,/gtapis/^groupsbyprofile/$,auth_and_perms.gtselects.GroupsByProfile,.venv/lib/python3.13/site-packages/django/views/decorators/csrf.py:491,api,,,0,1
,usersbyorg-list,/gtapis/^usersbyorg/$,auth_and_perms.gtselects.UsersByOrganization,.venv/lib/python3.13/site-packages/django/views/decorators/csrf.py:491,api,,,0,1
,orgtree-list,/gtapis/^orgtree/$,auth_and_perms.gtselects.OrgTree,.venv/lib/python3.13/site-packages/django/views/decorators/csrf.py:491,api,,,0,1
,objbyorg-list,/gtapis/^objbyorg/$,auth_and_perms.gtselects.ObjectByOrganization,.venv/lib/python3.13/site-packages/django/views/decorators/csrf.py:491,api,,,0,1
,objectlimitschart-list,/gtapis/^objectlimits/$,laboratory.gtcharts.ObjectLimitsClassChart,.venv/lib/python3.13/site-packages/django/views/decorators/csrf.py:491,api,,,0,0
,objectlimitschart-detail,/gtapis/^objectlimits/(?P<pk>[^/.]+)/$,laboratory.gtcharts.ObjectLimitsClassChart,.venv/lib/python3.13/site-packages/django/views/decorators/csrf.py:491,api,,pk,0,0
,rolsearch-list,/gtapis/^rol/$,laboratory.gtselects.RolGModelLookup,.venv/lib/python3.13/site-packages/django/views/decorators/csrf.py:491,api,,,0,0
,organization_rols-list,/gtapis/^organization_rols/$,laboratory.gtselects.OrganizationRolslLookup,.venv/lib/python3.13/site-packages/django/views/decorators/csrf.py:491,api,,,0,0
,objectsearch-list,/gtapis/^object/$,laboratory.gtselects.ObjectGModelLookup,.venv/lib/python3.13/site-packages/django/views/decorators/csrf.py:491,api,,,0,0
,objectorgsearch-list,/gtapis/^objectorgsearch/$,laboratory.gtselects.ObjectGModelLookup,.venv/lib/python3.13/site-packages/django/views/decorators/csrf.py:491,api,,,0,1
,catalogunit-list,/gtapis/^catalogunit/$,laboratory.gtselects.CatalogUnitLookup,.venv/lib/python3.13/site-packages/django/views/decorators/csrf.py:491,api,,,0,0
,catalogunitIncDec-list,/gtapis/^catalogunitIncDec/$,laboratory.gtselects.CatalogUnitIncreaseDecrease,.venv/lib/python3.13/site-packages/django/views/decorators/csrf.py:491,api,,,0,0
,available-container-search-list,/gtapis/^available-container-search/$,laboratory.gtselects.AvailableContainerLookup,.venv/lib/python3.13/site-packages/django/views/decorators/csrf.py:491,api,,,0,1
,container-for-cloning-search-list,/gtapis/^container-for-cloning-search/$,laboratory.gtselects.ContainersForCloningLookup,.venv/lib/python3.13/site-packages/django/views/decorators/csrf.py:491,api,,,0,1
,shelfobject_status_search-list,/gtapis/^shelfobject_status_search/$,laboratory.gtselects.ShelfObject_StatusModelLookup,.venv/lib/python3.13/site-packages/django/views/decorators/csrf.py:491,api,,,0,0
,provider-list,/gtapis/^provider/$,laboratory.gtselects.ProviderLookup,.venv/lib/python3.13/site-packages/django/views/decorators/csrf.py:491,api,,,0,0
,objectorgavailable-list,/gtapis/^objectorgavailable/$,laboratory.gtselects.ObjectAvailableLookup,.venv/lib/python3.13/site-packages/django/views/decorators/csrf.py:491,api,,,0,1
,object_providers-list,/gtapis/^object_providers/$,laboratory.gtselects.ObjectProvidersLookup,.venv/lib/python3.13/site-packages/django/views/decorators/csrf.py:491,api,,,0,0
,organization_roles-list,/gtapis/^organization_roles/$,laboratory.gtselects.OrganizationRolslLookup,.venv/lib/python3.13/site-packages/django/views/decorators/csrf.py:491,api,,,0,0
,instrumentalfamily-list,/gtapis/^instrumentalfamily/$,laboratory.gtselects.InstrumentalFamilyLookup,.venv/lib/python3.13/site-packages/django/views/decorators/csrf.py:491,api,,,0,0
,org_profiles-list,/gtapis/^org_profiles/$,laboratory.gtselects.OrganizationProfileslLookup,.venv/lib/python3.13/site-packages/django/views/decorators/csrf.py:491,api,,,0,0
,profiles_ref-list,/gtapis/^profiles_ref/$,laboratory.gtselects.ProfilesRefLookup,.venv/lib/python3.13/site-packages/django/views/decorators/csrf.py:491,api,,,0,0
,org_providers-list,/gtapis/^org_providers/$,laboratory.gtselects.OrganizationProviderslLookup,.venv/lib/python3.13/site-packages/django/views/decorators/csrf.py:491,api,,,0,0
,userorg-list,/gtapis/^userorg/$,laboratory.gtselects.UsersOrganizationsLookup,.venv/lib/python3.13/site-packages/django/views/decorators/csrf.py:491,api,,,0,0
,equipmenttype-list,/gtapis/^equipmenttype/$,laboratory.gtselects.EquipmentTypeLookup,.venv/lib/python3.13/site-packages/django/views/decorators/csrf.py:491,api,,,0,0
,risk_users-list,/gtapis/^risk_users/$,laboratory.gtselects.UserseslLookup,.venv/lib/python3.13/site-packages/django/views/decorators/csrf.py:491,api,,,0,0
,risk_regents-list,/gtapis/^risk_regents/$,laboratory.gtselects.RegentslLookup,.venv/lib/python3.13/site-packages/django/views/decorators/csrf.py:491,api,,,0,0
,risk_building-list,/gtapis/^risk_building/$,laboratory.gtselects.BuildinglLookup,.venv/lib/python3.13/site-packages/django/views/decorators/csrf.py:491,api,,,0,0
,risk_laboratory-list,/gtapis/^risk_laboratory/$,laboratory.gtselects.RiskLaboratorylLookup,.venv/lib/python3.13/site-packages/django/views/decorators/csrf.py:491,api,,,0,0
,risk_structure-list,/gtapis/^risk_structure/$,laboratory.gtselects.RiskStructurelLookup,.venv/lib/python3.13/site-packages/django/views/decorators/csrf.py:491,api,,,0,0
,user_organization-list,/gtapis/^user_organization/$,laboratory.gtselects.RiskUsersOrganizations,.venv/lib/python3.13/site-packages/django/views/decorators/csrf.py:491,api,,,0,0
,imagebasename-list,/gtapis/^selectimg/$,laboratory.gtselects.ImageSelect2Lookup,.venv/lib/python3.13/site-packages/django/views/decorators/csrf.py:491,api,,,0,0
,get_laboratories_by_organization-list,/gtapis/^get_laboratories_by_organization/$,laboratory.gtselects.LaboratoryBtOrganizations,.venv/lib/python3.13/site-packages/django/views/decorators/csrf.py:491,api,,,0,0
,custom_procedure_template-list,/gtapis/^custom_procedure_template/$,academic.gtselects.ProcedureGModelLookup,.venv/lib/python3.13/site-packages/django/views/decorators/csrf.py:491,api,,,0,0
,prudencesearch-list,/gtapis/^prudence/$,sga.gtselects.PrudenceGModelLookup,.venv/lib/python3.13/site-packages/django/views/decorators/csrf.py:491,api,,,0,0
,dangersearch-list,/gtapis/^danger/$,sga.gtselects.DangerGModelLookup,.venv/lib/python3.13/site-packages/django/views/decorators/csrf.py:491,api,,,0,0
,catalogsga-list,/gtapis/^catalogsga/$,sga.gtselects.CatalogUnitLookup,.venv/lib/python3.13/site-packages/django/views/decorators/csrf.py:491,api,,,0,0
,user_organization_loop-list,/gtapis/^user_organization_loop/$,sga.gtselects.OrganizationUserLookup,.venv/lib/python3.13/site-packages/django/views/decorators/csrf.py:491,api,,,0,0
,user_laboratory_loop-list,/gtapis/^user_laboratory_loop/$,sga.gtselects.UserLaboratoryLookup,.venv/lib/python3.13/site-packages/django/views/decorators/csrf.py:491,api,,,0,0
,newslettertemplatebasename-list,/gtapis/^newslettertemplate/$,djgentelella.async_notification.gtselects.NewsLetterTemplateSelect2View,.venv/lib/python3.13/site-packages/django/views/decorators/csrf.py:491,infra,,,0,0
,newsletterbasename-list,/gtapis/^newsletter/$,djgentelella.async_notification.gtselects.NewsLetterSelect2View,.venv/lib/python3.13/site-packages/django/views/decorators/csrf.py:491,infra,,,0,0
,dangerindicationchart-list,/gtapis/^dangerIndication/$,risk_management.gtcharts.LaboratoryDangerIndicationChart,.venv/lib/python3.13/site-packages/django/views/decorators/csrf.py:491,api,,,0,0
,dangerindicationchart-detail,/gtapis/^dangerIndication/(?P<pk>[^/.]+)/$,risk_management.gtcharts.LaboratoryDangerIndicationChart,.venv/lib/python3.13/site-packages/django/views/decorators/csrf.py:491,api,,pk,0,0
,whiteorganchart-list,/gtapis/^white_organ/$,risk_management.gtcharts.LaboratoryWhiteOrganChart,.venv/lib/python3.13/site-packages/django/views/decorators/csrf.py:491,api,,,0,0
,whiteorganchart-detail,/gtapis/^white_organ/(?P<pk>[^/.]+)/$,risk_management.gtcharts.LaboratoryWhiteOrganChart,.venv/lib/python3.13/site-packages/django/views/decorators/csrf.py:491,api,,pk,0,0
,precursortypechart-list,/gtapis/^precursor_type/$,risk_management.gtcharts.LaboratoryPrecursorTypeChart,.venv/lib/python3.13/site-packages/django/views/decorators/csrf.py:491,api,,,0,0
,precursortypechart-detail,/gtapis/^precursor_type/(?P<pk>[^/.]+)/$,risk_management.gtcharts.LaboratoryPrecursorTypeChart,.venv/lib/python3.13/site-packages/django/views/decorators/csrf.py:491,api,,pk,0,0
,nfpachart-list,/gtapis/^nfpa/$,risk_management.gtcharts.LaboratoryNFPAChart,.venv/lib/python3.13/site-packages/django/views/decorators/csrf.py:491,api,,,0,0
,nfpachart-detail,/gtapis/^nfpa/(?P<pk>[^/.]+)/$,risk_management.gtcharts.LaboratoryNFPAChart,.venv/lib/python3.13/site-packages/django/views/decorators/csrf.py:491,api,,pk,0,0
,uecodechart-list,/gtapis/^ue_code/$,risk_management.gtcharts.LaboratoryUECodeChart,.venv/lib/python3.13/site-packages/django/views/decorators/csrf.py:491,api,,,0,0
,uecodechart-detail,/gtapis/^ue_code/(?P<pk>[^/.]+)/$,risk_management.gtcharts.LaboratoryUECodeChart,.venv/lib/python3.13/site-packages/django/views/decorators/csrf.py:491,api,,pk,0,0
,storageclasschart-list,/gtapis/^storage_class/$,risk_management.gtcharts.LaboratoryStorageClassChart,.venv/lib/python3.13/site-packages/django/views/decorators/csrf.py:491,api,,,0,0
,storageclasschart-detail,/gtapis/^storage_class/(?P<pk>[^/.]+)/$,risk_management.gtcharts.LaboratoryStorageClassChart,.venv/lib/python3.13/site-packages/django/views/decorators/csrf.py:491,api,,pk,0,0
,substancetonschart-list,/gtapis/^substance_tons/$,risk_management.gtcharts.SubstanceQuantityTonsChart,.venv/lib/python3.13/site-packages/django/views/decorators/csrf.py:491,api,,,0,0
,substancetonschart-detail,/gtapis/^substance_tons/(?P<pk>[^/.]+)/$,risk_management.gtcharts.SubstanceQuantityTonsChart,.venv/lib/python3.13/site-packages/django/views/decorators/csrf.py:491,api,,pk,0,0
,eslochart-list,/gtapis/^eslo/$,risk_management.gtcharts.EstablishmentLogsClassChart,.venv/lib/python3.13/site-packages/django/views/decorators/csrf.py:491,api,,,0,0
,eslochart-detail,/gtapis/^eslo/(?P<pk>[^/.]+)/$,risk_management.gtcharts.EstablishmentLogsClassChart,.venv/lib/python3.13/site-packages/django/views/decorators/csrf.py:491,api,,pk,0,0
,iperrisklevelchart-list,/gtapis/^iper_risk_level/$,risk_management.gtcharts.IPERRiskLevelChart,.venv/lib/python3.13/site-packages/django/views/decorators/csrf.py:491,api,,,0,0
,iperrisklevelchart-detail,/gtapis/^iper_risk_level/(?P<pk>[^/.]+)/$,risk_management.gtcharts.IPERRiskLevelChart,.venv/lib/python3.13/site-packages/django/views/decorators/csrf.py:491,api,,pk,0,0
,iperhazardcategorychart-list,/gtapis/^iper_hazard_category/$,risk_management.gtcharts.IPERHazardCategoryChart,.venv/lib/python3.13/site-packages/django/views/decorators/csrf.py:491,api,,,0,0
,iperhazardcategorychart-detail,/gtapis/^iper_hazard_category/(?P<pk>[^/.]+)/$,risk_management.gtcharts.IPERHazardCategoryChart,.venv/lib/python3.13/site-packages/django/views/decorators/csrf.py:491,api,,pk,0,0
,ipercompliancechart-list,/gtapis/^iper_compliance/$,risk_management.gtcharts.IPERComplianceChart,.venv/lib/python3.13/site-packages/django/views/decorators/csrf.py:491,api,,,0,0
,ipercompliancechart-detail,/gtapis/^iper_compliance/(?P<pk>[^/.]+)/$,risk_management.gtcharts.IPERComplianceChart,.venv/lib/python3.13/site-packages/django/views/decorators/csrf.py:491,api,,pk,0,0
,risk_laboratories-list,/gtapis/^risk_laboratories/$,risk_management.gtselects.RiskLaboraratory,.venv/lib/python3.13/site-packages/django/views/decorators/csrf.py:491,api,,,0,0
,risk_buildings-list,/gtapis/^risk_buildings/$,risk_management.gtselects.RiskBuildings,.venv/lib/python3.13/site-packages/django/views/decorators/csrf.py:491,api,,,0,0
,regent_laboratories-list,/gtapis/^regent_laboratories/$,risk_management.gtselects.RegentLaboraratory,.venv/lib/python3.13/site-packages/django/views/decorators/csrf.py:491,api,,,0,0
,informtemplate-list,/gtapis/^informtemplate/$,derb.gtselects.CustomFormModelLookup,.venv/lib/python3.13/site-packages/django/views/decorators/csrf.py:491,api,,,0,0
,informtemplate-detail,/gtapis/^informtemplate/(?P<pk>[^/.]+)/$,derb.gtselects.CustomFormModelLookup,.venv/lib/python3.13/site-packages/django/views/decorators/csrf.py:491,api,,pk,0,0
,lab_room-list,/gtapis/^lab_room/$,report.gtselects.LabRoomLookup,.venv/lib/python3.13/site-packages/django/views/decorators/csrf.py:491,api,,,0,1
,furniture-list,/gtapis/^furniture/$,report.gtselects.FurnitureLookup,.venv/lib/python3.13/site-packages/django/views/decorators/csrf.py:491,api,,,0,1
,labs_by_org-list,/gtapis/^labs_by_org/$,report.gtselects.LabsByOrgLookup,.venv/lib/python3.13/site-packages/django/views/decorators/csrf.py:491,api,,,0,0
,lab_room_ref-list,/gtapis/^lab_room_ref/$,report.gtselects.LabRoomRefLookup,.venv/lib/python3.13/site-packages/django/views/decorators/csrf.py:491,api,,,0,0
,furniture_ref-list,/gtapis/^furniture_ref/$,report.gtselects.FurnitureRefLookup,.venv/lib/python3.13/site-packages/django/views/decorators/csrf.py:491,api,,,0,0
,shelf-list,/gtapis/^shelf/$,report.gtselects.ShelfLookup,.venv/lib/python3.13/site-packages/django/views/decorators/csrf.py:491,api,,,0,1
,flag_sprite,/flags/sprite.svg,djgentelella.views.flags.FlagSpriteView,.venv/lib/python3.13/site-packages/django/views/generic/base.py:97,infra,,,0,0
,flag_icon,"/^flags/(?P<code>[a-z]{2,5}(?:-[a-z]{2,3})?)\.svg$",djgentelella.views.flags.FlagIconView,.venv/lib/python3.13/site-packages/django/views/generic/base.py:97,infra,,code,0,0
,upload_file_view,/djgentelella/upload/,djgentelella.chunked_upload.views.ChunkedUploadView,.venv/lib/python3.13/site-packages/django/views/generic/base.py:97,infra,,,0,0
,upload_file_done,/djgentelella/upload/done/,djgentelella.chunked_upload.views.ChunkedUploadCompleteView,.venv/lib/python3.13/site-packages/django/views/generic/base.py:97,infra,,,0,0
,upload_pdf_view,/djgentelella/upload/pdf/,djgentelella.chunked_upload.views.PDFChunkedUploadView,.venv/lib/python3.13/site-packages/django/views/generic/base.py:97,infra,,,0,0
,upload_pdf_done,/djgentelella/upload/pdf/done/,djgentelella.chunked_upload.views.PDFChunkedUploadCompleteView,.venv/lib/python3.13/site-packages/django/views/generic/base.py:97,infra,,,0,0
,help,/help/(?P<pk>\d+)?,djgentelella.widgets.helper.HelperWidgetView,.venv/lib/python3.13/site-packages/django/views/decorators/csrf.py:491,infra,,pk,0,0
,notifications,/^notification/(?P<pk>\d+)?$,djgentelella.notification.base.NotificacionAPIView,.venv/lib/python3.13/site-packages/django/views/decorators/csrf.py:491,infra,,pk,0,0
,notification_list,/^notification/list/$,djgentelella.notification.base.notification_list_view,.venv/lib/python3.13/site-packages/django/contrib/auth/decorators.py:20,infra,,,0,0
,api-notificationtable-list,/tableapi/^notificationtableview/$,djgentelella.notification.base.NotificationViewSet,.venv/lib/python3.13/site-packages/django/views/decorators/csrf.py:491,autocomplete,,,0,0
,api-notificationtable-list,/tableapi/^notificationtableview\.(?P<format>[a-z0-9]+)/?$,djgentelella.notification.base.NotificationViewSet,.venv/lib/python3.13/site-packages/django/views/decorators/csrf.py:491,autocomplete,,format,0,0
,api-notificationtable-detail,/tableapi/^notificationtableview/(?P<pk>[^/.]+)/$,djgentelella.notification.base.NotificationViewSet,.venv/lib/python3.13/site-packages/django/views/decorators/csrf.py:491,autocomplete,,pk,0,0
,api-notificationtable-detail,/tableapi/^notificationtableview/(?P<pk>[^/.]+)\.(?P<format>[a-z0-9]+)/?$,djgentelella.notification.base.NotificationViewSet,.venv/lib/python3.13/site-packages/django/views/decorators/csrf.py:491,autocomplete,,pk|format,0,0
,api-root,/tableapi/,rest_framework.routers.APIRootView,.venv/lib/python3.13/site-packages/django/views/decorators/csrf.py:97,autocomplete,,,0,0
,api-root,/tableapi/<drf_format_suffix:format>,rest_framework.routers.APIRootView,.venv/lib/python3.13/site-packages/django/views/decorators/csrf.py:97,autocomplete,,format,0,0
,signature_config,/update_config/,djgentelella.firmador_digital.views.update_signature_settings,.venv/lib/python3.13/site-packages/django/contrib/auth/decorators.py:10,infra,,,0,0
,api-trash-list,/api/trash/^api_trash/$,djgentelella.trash.api.TrashViewSet,.venv/lib/python3.13/site-packages/django/views/decorators/csrf.py:491,infra,,,0,0
,api-trash-list,/api/trash/^api_trash\.(?P<format>[a-z0-9]+)/?$,djgentelella.trash.api.TrashViewSet,.venv/lib/python3.13/site-packages/django/views/decorators/csrf.py:491,infra,,format,0,0
,api-trash-detail-template,/api/trash/^api_trash/detail_template/$,djgentelella.trash.api.TrashViewSet,.venv/lib/python3.13/site-packages/django/views/decorators/csrf.py:491,infra,,,0,0
,api-trash-detail-template,/api/trash/^api_trash/detail_template\.(?P<format>[a-z0-9]+)/?$,djgentelella.trash.api.TrashViewSet,.venv/lib/python3.13/site-packages/django/views/decorators/csrf.py:491,infra,,format,0,0
,api-trash-detail,/api/trash/^api_trash/(?P<pk>[^/.]+)/$,djgentelella.trash.api.TrashViewSet,.venv/lib/python3.13/site-packages/django/views/decorators/csrf.py:491,infra,,pk,0,0
,api-trash-detail,/api/trash/^api_trash/(?P<pk>[^/.]+)\.(?P<format>[a-z0-9]+)/?$,djgentelella.trash.api.TrashViewSet,.venv/lib/python3.13/site-packages/django/views/decorators/csrf.py:491,infra,,pk|format,0,0
,api-trash-get-values-for-update,/api/trash/^api_trash/(?P<pk>[^/.]+)/get_values_for_update/$,djgentelella.trash.api.TrashViewSet,.venv/lib/python3.13/site-packages/django/views/decorators/csrf.py:491,infra,,pk,0,0
,api-trash-get-values-for-update,/api/trash/^api_trash/(?P<pk>[^/.]+)/get_values_for_update\.(?P<format>[a-z0-9]+)/?$,djgentelella.trash.api.TrashViewSet,.venv/lib/python3.13/site-packages/django/views/decorators/csrf.py:491,infra,,pk|format,0,0
,api-trash-restore,/api/trash/^api_trash/(?P<pk>[^/.]+)/restore/$,djgentelella.trash.api.TrashViewSet,.venv/lib/python3.13/site-packages/django/views/decorators/csrf.py:491,infra,,pk,0,0
,api-trash-restore,/api/trash/^api_trash/(?P<pk>[^/.]+)/restore\.(?P<format>[a-z0-9]+)/?$,djgentelella.trash.api.TrashViewSet,.venv/lib/python3.13/site-packages/django/views/decorators/csrf.py:491,infra,,pk|format,0,0
,api-root,/api/trash/,rest_framework.routers.APIRootView,.venv/lib/python3.13/site-packages/django/views/decorators/csrf.py:97,api,,,0,0
,api-root,/api/trash/<drf_format_suffix:format>,rest_framework.routers.APIRootView,.venv/lib/python3.13/site-packages/django/views/decorators/csrf.py:97,api,,format,0,0
,api-history-list,/api/history/^api_history/$,djgentelella.history.api.HistoryViewSet,.venv/lib/python3.13/site-packages/django/views/decorators/csrf.py:491,infra,,,0,0
,api-history-list,/api/history/^api_history\.(?P<format>[a-z0-9]+)/?$,djgentelella.history.api.HistoryViewSet,.venv/lib/python3.13/site-packages/django/views/decorators/csrf.py:491,infra,,format,0,0
,api-history-detail-template,/api/history/^api_history/detail_template/$,djgentelella.history.api.HistoryViewSet,.venv/lib/python3.13/site-packages/django/views/decorators/csrf.py:491,infra,,,0,0
,api-history-detail-template,/api/history/^api_history/detail_template\.(?P<format>[a-z0-9]+)/?$,djgentelella.history.api.HistoryViewSet,.venv/lib/python3.13/site-packages/django/views/decorators/csrf.py:491,infra,,format,0,0
,api-history-detail,/api/history/^api_history/(?P<pk>[^/.]+)/$,djgentelella.history.api.HistoryViewSet,.venv/lib/python3.13/site-packages/django/views/decorators/csrf.py:491,infra,,pk,0,0
,api-history-detail,/api/history/^api_history/(?P<pk>[^/.]+)\.(?P<format>[a-z0-9]+)/?$,djgentelella.history.api.HistoryViewSet,.venv/lib/python3.13/site-packages/django/views/decorators/csrf.py:491,infra,,pk|format,0,0
,api-history-get-values-for-update,/api/history/^api_history/(?P<pk>[^/.]+)/get_values_for_update/$,djgentelella.history.api.HistoryViewSet,.venv/lib/python3.13/site-packages/django/views/decorators/csrf.py:491,infra,,pk,0,0
,api-history-get-values-for-update,/api/history/^api_history/(?P<pk>[^/.]+)/get_values_for_update\.(?P<format>[a-z0-9]+)/?$,djgentelella.history.api.HistoryViewSet,.venv/lib/python3.13/site-packages/django/views/decorators/csrf.py:491,infra,,pk|format,0,0
,api-root,/api/history/,rest_framework.routers.APIRootView,.venv/lib/python3.13/site-packages/django/views/decorators/csrf.py:97,api,,,0,0
,api-root,/api/history/<drf_format_suffix:format>,rest_framework.routers.APIRootView,.venv/lib/python3.13/site-packages/django/views/decorators/csrf.py:97,api,,format,0,0
,tinymce_upload_image,/^u_image$,djgentelella.wysiwyg.views.image_upload,.venv/lib/python3.13/site-packages/django/contrib/auth/decorators.py:25,infra,,,0,0
,tinymce_upload_video,/^u_video$,djgentelella.wysiwyg.views.video_upload,.venv/lib/python3.13/site-packages/django/contrib/auth/decorators.py:32,infra,,,0,0
,voice_transcribe,/voice/transcribe/,djgentelella.voice.views.VoiceTranscribeView,.venv/lib/python3.13/site-packages/django/views/generic/base.py:97,infra,,,0,0
,permission_view_list,/permissionsmanagement/<int:pk>,djgentelella.permission_management.views.get_permissions,.venv/lib/python3.13/site-packages/django/contrib/auth/decorators.py:42,infra,,pk,0,0
,permissionsmanagement-list,/permissionsmanagement/list,djgentelella.permission_management.views.get_permission_list,.venv/lib/python3.13/site-packages/django/contrib/auth/decorators.py:11,infra,,,0,0
,permcategorymanagement-save,/permissionsmanagement/save,djgentelella.permission_management.views.save_permcategorymanagement,.venv/lib/python3.13/site-packages/django/contrib/auth/decorators.py:28,infra,,,0,0
,djgentelella-js-catalog,/djsi18n/,django.views.i18n.JavaScriptCatalog,.venv/lib/python3.13/site-packages/django/utils/decorators.py:97,infra,,,0,0
,permission_denied,/permission_denied,authentication.views.PermissionDeniedView,.venv/lib/python3.13/site-packages/django/views/generic/base.py:97,pagina,laboratory/permission_denied.html,,1,0
,general_info,/general_info,presentation.views.general_information,src/presentation/views.py:326,pagina,general_information.html,,1,0
,home,/,django.views.generic.base.RedirectView,.venv/lib/python3.13/site-packages/django/views/generic/base.py:97,accion,,,0,0
,index,/index/,presentation.views.index_organilab,src/presentation/views.py:320,pagina,index.html,,1,1
,tutorials,/index/tutorial/<int:org_pk>,presentation.views.index_tutorial,.venv/lib/python3.13/site-packages/django/views/decorators/cache.py:33,pagina,tutorial.html,org_pk,1,0
,tutorial_progress_api,/index/tutorial/api/progress/,presentation.views.tutorial_progress_api,.venv/lib/python3.13/site-packages/django/contrib/auth/decorators.py:157,json,,,0,0
,tutorial_toggle_api,/index/tutorial/api/toggle/,presentation.views.tutorial_toggle_api,.venv/lib/python3.13/site-packages/django/contrib/auth/decorators.py:194,json,,,0,0
,tutorial_reactivate_api,/index/tutorial/api/reactivate/,presentation.views.tutorial_reactivate_api,.venv/lib/python3.13/site-packages/django/contrib/auth/decorators.py:208,json,,,0,0
,feedback,/index/feedback,presentation.views.FeedbackView,.venv/lib/python3.13/site-packages/django/views/generic/base.py:106,pagina,feedback/feedbackentry_form.html,,0,1
,check_ok,/index/check_ok,presentation.check_system.do_checks,src/presentation/check_system.py:4,infra,,,0,0
,error_view,/index/error,presentation.views.error_view,src/presentation/views.py:330,pagina,error_view.html,,1,0
auth_and_perms,select_organization_by_user,/perms/organizations/,auth_and_perms.views.select_organization.select_organization_by_user,.venv/lib/python3.13/site-packages/django/contrib/auth/decorators.py:6,pagina,auth_and_perms/select_organization.html,,1,1
auth_and_perms,api-rol-list,/perms/api/^rol/$,auth_and_perms.api.viewsets.RolAPI,.venv/lib/python3.13/site-packages/django/views/decorators/csrf.py:491,api,,,0,1
auth_and_perms,api-rol-detail,/perms/api/^rol/(?P<pk>[^/.]+)/$,auth_and_perms.api.viewsets.RolAPI,.venv/lib/python3.13/site-packages/django/views/decorators/csrf.py:491,api,,pk,0,0
auth_and_perms,api-rolbyorg-detail,/perms/api/^profilepermissionrol/(?P<pk>[^/.]+)/$,auth_and_perms.api.viewsets.UpdateRolOrganizationProfilePermission,.venv/lib/python3.13/site-packages/django/views/decorators/csrf.py:491,api,,pk,0,0
auth_and_perms,api-prolaborg-list,/perms/api/^profilelaborgrol/$,auth_and_perms.api.viewsets.UserLaboratoryOrganization,.venv/lib/python3.13/site-packages/django/views/decorators/csrf.py:491,api,,,0,1
auth_and_perms,api-userinorg-list,/perms/api/^profileinorgrol/$,auth_and_perms.api.viewsets.UserInOrganization,.venv/lib/python3.13/site-packages/django/views/decorators/csrf.py:491,api,,,0,1
auth_and_perms,api-userinorg-inerit-profile,/perms/api/^profileinorgrol/inerit_profile/$,auth_and_perms.api.viewsets.UserInOrganization,.venv/lib/python3.13/site-packages/django/views/decorators/csrf.py:491,api,,,0,0
auth_and_perms,api-extuserinorg-list,/perms/api/^extuserinorgrol/$,auth_and_perms.api.viewsets.ExternalUserToOrganizationViewSet,.venv/lib/python3.13/site-packages/django/views/decorators/csrf.py:491,api,,,0,0
auth_and_perms,api-extuserinorg-detail,/perms/api/^extuserinorgrol/(?P<org_pk>[^/.]+)/$,auth_and_perms.api.viewsets.ExternalUserToOrganizationViewSet,.venv/lib/python3.13/site-packages/django/views/decorators/csrf.py:491,api,,org_pk,0,0
auth_and_perms,api-deluserorgcontt-list,/perms/api/^deluserorgcontt/$,auth_and_perms.api.viewsets.DeleteUserFromContenttypeViewSet,.venv/lib/python3.13/site-packages/django/views/decorators/csrf.py:491,api,,,0,1
auth_and_perms,api-relusertocontenttype-list,/perms/api/^relusertocontenttype/$,auth_and_perms.api.viewsets.ProfileToContenttypeObjectAPI,.venv/lib/python3.13/site-packages/django/views/decorators/csrf.py:491,api,,,0,1
auth_and_perms,api-searchshelfobjectorg-list,/perms/api/^searchshelfobjectorg/$,auth_and_perms.api.viewsets.SearchShelfObjectOrganization,.venv/lib/python3.13/site-packages/django/views/decorators/csrf.py:491,api,,,0,1
auth_and_perms,api-userlist-list,/perms/api/^userlist/$,auth_and_perms.api.viewsets.UserListViewset,.venv/lib/python3.13/site-packages/django/views/decorators/csrf.py:491,api,,,0,0
auth_and_perms,api-userlist-detail-template,/perms/api/^userlist/detail_template/$,auth_and_perms.api.viewsets.UserListViewset,.venv/lib/python3.13/site-packages/django/views/decorators/csrf.py:491,api,,,0,0
auth_and_perms,api-userlist-detail,/perms/api/^userlist/(?P<pk>[^/.]+)/$,auth_and_perms.api.viewsets.UserListViewset,.venv/lib/python3.13/site-packages/django/views/decorators/csrf.py:491,api,,pk,0,0
auth_and_perms,api-userlist-get-values-for-update,/perms/api/^userlist/(?P<pk>[^/.]+)/get_values_for_update/$,auth_and_perms.api.viewsets.UserListViewset,.venv/lib/python3.13/site-packages/django/views/decorators/csrf.py:491,api,,pk,0,0
auth_and_perms,api-laborglist-list,/perms/api/^laborglist/$,auth_and_perms.api.viewsets.LaboratoryOrganizationViewset,.venv/lib/python3.13/site-packages/django/views/decorators/csrf.py:491,api,,,0,0
auth_and_perms,api-orglablist-list,/perms/api/^orglablist/$,auth_and_perms.api.viewsets.OrganizationLaboratoryViewset,.venv/lib/python3.13/site-packages/django/views/decorators/csrf.py:491,api,,,0,0
auth_and_perms,api-laborgroles-list,/perms/api/^laborgroles/$,auth_and_perms.api.viewsets.LaboratoryOrganizationRoles,.venv/lib/python3.13/site-packages/django/views/decorators/csrf.py:491,api,,,0,0
auth_and_perms,api-userroles-roles-in-laboratory,/perms/api/^userroles/roles-in-laboratory/(?P<user_pk>[^/.]+)/$,auth_and_perms.api.viewsets.UserRoles,.venv/lib/python3.13/site-packages/django/views/decorators/csrf.py:491,api,,user_pk,0,0
auth_and_perms,api-userroles-roles-in-organization,/perms/api/^userroles/roles-in-organization/(?P<user_pk>[^/.]+)/$,auth_and_perms.api.viewsets.UserRoles,.venv/lib/python3.13/site-packages/django/views/decorators/csrf.py:491,api,,user_pk,0,0
auth_and_perms,change_to_impostor,/perms/switch_user/<int:org_pk>/<int:pk>,auth_and_perms.views.impostor.add_user_impostor,.venv/lib/python3.13/site-packages/django/contrib/auth/decorators.py:17,accion,,org_pk|pk,0,0
auth_and_perms,remove_impostor,/perms/end_switch_user,auth_and_perms.views.impostor.remove_impostor,.venv/lib/python3.13/site-packages/django/contrib/auth/decorators.py:66,accion,,,0,0
auth_and_perms,login_with_bccr,/perms/login_bccr,auth_and_perms.views.fva_rest_authentication.login_with_bccr,.venv/lib/python3.13/site-packages/django/views/decorators/csrf.py:36,json,,,0,0
auth_and_perms,check_signature_window_status_register,/perms/registration/digitalsignature/checkstatus,auth_and_perms.views.fva_rest_authentication.check_signature_window_status_register,src/auth_and_perms/views/fva_rest_authentication.py:119,json,,,0,0
auth_and_perms,show_qr_img,/perms/totp/img/<int:pk>/,auth_and_perms.views.user_org_creation.show_QR_img,src/auth_and_perms/views/user_org_creation.py:235,descarga,,pk,0,0
auth_and_perms,organizationManager,/perms/organization/manage/,auth_and_perms.views.organizationstructure.organization_manage_view,.venv/lib/python3.13/site-packages/django/contrib/auth/decorators.py:52,pagina,auth_and_perms/list_organizations.html,,1,1
auth_and_perms,map_of_laboratories,/perms/<int:org_pk>/organization/map/laboratories/,auth_and_perms.views.select_organization.map_of_laboratories_view,.venv/lib/python3.13/site-packages/django/contrib/auth/decorators.py:15,pagina,auth_and_perms/map_of_laboratories.html,org_pk,0,0
auth_and_perms,addusersorganization,/perms/organization/manage/addusersorganization/<int:pk>/,auth_and_perms.views.organizationstructure.add_users_organization,.venv/lib/python3.13/site-packages/django/contrib/auth/decorators.py:139,descarga,,pk,0,1
auth_and_perms,add_user,/perms/organization/manage/users/add/<int:pk>/,auth_and_perms.views.organizationstructure.AddUser,.venv/lib/python3.13/site-packages/django/views/generic/base.py:134,pagina,auth/user_form.html,pk,0,1
auth_and_perms,add_rol_by_laboratory,/perms/organization/manage/rols/add/,auth_and_perms.views.organizationstructure.add_rol_by_laboratory,src/auth_and_perms/views/organizationstructure.py:317,descarga,,,0,0
auth_and_perms,list_rol_by_org,/perms/organization/manage/rols/list/<int:org_pk>/,auth_and_perms.views.organizationstructure.ListRolByOrganization,.venv/lib/python3.13/site-packages/django/views/generic/base.py:134,pagina,auth_and_perms/rol_list.html,org_pk,0,1
auth_and_perms,del_rol_by_org,/perms/organization/manage/rols/del/<int:org_pk>/<int:pk>,auth_and_perms.views.organizationstructure.DeleteRolByOrganization,.venv/lib/python3.13/site-packages/django/views/generic/base.py:134,pagina,auth_and_perms/rol_confirm_delete.html,org_pk|pk,0,1
auth_and_perms,copy_rols,/perms/organization/manage/rols/copy/<int:pk>/,auth_and_perms.views.organizationstructure.copy_rols,.venv/lib/python3.13/site-packages/django/contrib/auth/decorators.py:483,accion,,pk,0,1
auth_and_perms,add_contenttype_to_org,/perms/organization/manage/relorgcont/add/,auth_and_perms.views.organizationstructure.add_contenttype_to_org,.venv/lib/python3.13/site-packages/django/contrib/auth/decorators.py:448,accion,,,0,1
auth_and_perms,api_update_groups_by_profile,/perms/update_groups_by_profile/,auth_and_perms.api.viewsets.UpdateGroupsByProfile,.venv/lib/python3.13/site-packages/django/views/decorators/csrf.py:97,api,,,0,1
auth_and_perms,api_organization_buttons,/perms/organization_buttons/,auth_and_perms.api.viewsets.OrganizationButtons,.venv/lib/python3.13/site-packages/django/views/decorators/csrf.py:97,api,,,0,1
auth_and_perms,get_roles_by_organization,/perms/get_roles_by_organization/<int:pk>/,auth_and_perms.views.organizationstructure.get_roles_by_organization,.venv/lib/python3.13/site-packages/django/contrib/auth/decorators.py:512,json,,pk,0,0
auth_and_perms,get_org_administrators,/perms/get_org_administrators/<int:pk>/,auth_and_perms.views.organizationstructure.get_org_administrators,.venv/lib/python3.13/site-packages/django/contrib/auth/decorators.py:524,descarga,,pk,0,0
auth_and_perms,manage_org_labs,/perms/api/manage_org_labs/<int:pk>/,auth_and_perms.api.viewsets.ManageOrgLabsAPI,.venv/lib/python3.13/site-packages/django/views/decorators/csrf.py:97,api,,pk,0,0
auth_and_perms,update_rol,/perms/update_rol/<int:org_pk>/<int:pk>/,auth_and_perms.views.organizationstructure.update_rol,.venv/lib/python3.13/site-packages/django/contrib/auth/decorators.py:568,accion,,org_pk|pk,0,0
auth_and_perms,get_rol,/perms/get_rol/<int:pk>/,auth_and_perms.views.organizationstructure.get_rol,.venv/lib/python3.13/site-packages/django/contrib/auth/decorators.py:559,json,,pk,0,0
auth_and_perms,api_laboratory_geolocations,/perms/api/laboratory_geolocations/,auth_and_perms.api.viewsets.LaboratoryGeolocationsAPI,.venv/lib/python3.13/site-packages/django/views/decorators/csrf.py:97,api,,,0,0
auth_and_perms,get_users,/perms/get_users/,auth_and_perms.views.user_org_creation.get_users,.venv/lib/python3.13/site-packages/django/contrib/auth/decorators.py:243,pagina,auth_and_perms/user_list.html,,0,0
auth_and_perms,lab_org_list,/perms/lab_org_list/,auth_and_perms.views.organizationstructure.get_labs_orgs,.venv/lib/python3.13/site-packages/django/contrib/auth/decorators.py:595,pagina,auth_and_perms/lab_org_list.html,,0,0
auth_and_perms,enable_child_organizations,/perms/enable_child_organizations/,auth_and_perms.views.organizationstructure.enable_child_organizations,.venv/lib/python3.13/site-packages/django/contrib/auth/decorators.py:602,accion,,,0,0
laboratory,api_reservation_delete,/rp/api/reservedProducts/<int:pk>/delete/,laboratory.api.views.ApiReservedProductsCRUD,.venv/lib/python3.13/site-packages/django/views/decorators/csrf.py:97,api,,pk,0,1
laboratory,api_reservation_update,/rp/api/reservedProducts/<int:pk>/update/,laboratory.api.views.ApiReservedProductsCRUD,.venv/lib/python3.13/site-packages/django/views/decorators/csrf.py:97,api,,pk,0,1
laboratory,api_individual_reservation_create,/r/api/reservation/,laboratory.api.views.ApiReservationCRUD,.venv/lib/python3.13/site-packages/django/views/decorators/csrf.py:97,api,,,0,1
laboratory,object_reservation,/reserve_object/<int:modelpk>,laboratory.reservation.ShelfObjectReservation,.venv/lib/python3.13/site-packages/django/views/generic/base.py:30,pagina,djreservation/product_form.html,modelpk,0,0
laboratory,get_lab_id,/returnLabId,laboratory.functions.return_laboratory_of_shelf_id,src/laboratory/functions.py:6,json,,,0,0
laboratory,organization_actions,/organization/manage/actions,laboratory.views.organizations.OrganizationActionsFormview,.venv/lib/python3.13/site-packages/django/views/generic/base.py:134,descarga,,,0,0
laboratory,delete_organization,/organization/<int:pk>/delete,laboratory.views.organizations.OrganizationDeleteView,.venv/lib/python3.13/site-packages/django/views/generic/base.py:134,pagina,laboratory/organizationstructure_confirm_delete.html,pk,0,1
laboratory,create_organization,/organization/create,laboratory.views.organizations.OrganizationCreateView,.venv/lib/python3.13/site-packages/django/views/generic/base.py:134,pagina,laboratory/organizationstructure_form.html,,0,1
laboratory,update_organization,/organization/<int:pk>/update,laboratory.views.organizations.OrganizationUpdateView,.venv/lib/python3.13/site-packages/django/views/generic/base.py:134,pagina,laboratory/organizationstructure_form.html,pk,0,1
laboratory,profile,/profile/<int:pk>/info,authentication.users.ChangeUser,.venv/lib/python3.13/site-packages/django/views/generic/base.py:34,pagina,auth/change_user.html,pk,0,1
laboratory,password_change,/profile/<int:pk>/password,authentication.users.password_change,.venv/lib/python3.13/site-packages/django/contrib/auth/decorators.py:98,json,,pk,0,1
laboratory,profile_detail,/profile/info/<int:org_pk>/<int:pk>,authentication.users.get_profile,.venv/lib/python3.13/site-packages/django/contrib/auth/decorators.py:86,pagina,laboratory/profile_detail.html,org_pk|pk,0,1
laboratory,logentry_list,/logentry/<int:org_pk>,laboratory.views.logentry.get_logentry_from_organization,.venv/lib/python3.13/site-packages/django/contrib/auth/decorators.py:8,pagina,laboratory/logentry_list.html,org_pk,0,1
laboratory,trash_list,/trash/<int:org_pk>,laboratory.views.trash.get_trash_from_organization,.venv/lib/python3.13/site-packages/django/contrib/auth/decorators.py:8,pagina,laboratory/trash_list.html,org_pk,0,0
laboratory,reports,/reports/<int:org_pk>/,laboratory.views.reports.report_index,.venv/lib/python3.13/site-packages/django/contrib/auth/decorators.py:166,pagina,laboratory/reports/report_index.html,org_pk,1,1
laboratory,my_reservations,/<int:org_pk>/my_reservations/<int:lab_pk>,laboratory.views.my_reservations.MyReservationView,.venv/lib/python3.13/site-packages/django/views/generic/base.py:134,pagina,laboratory/my_reservations_list.html,org_pk|lab_pk,1,1
laboratory,labindex,/<int:org_pk>/labindex/<int:lab_pk>,laboratory.views.lab_index,.venv/lib/python3.13/site-packages/django/contrib/auth/decorators.py:9,pagina,laboratory/index.html,org_pk|lab_pk,1,1
laboratory,laboratory_update,/<int:org_pk>/laboratory/<int:pk>/edit/,laboratory.views.laboratory.LaboratoryEdit,.venv/lib/python3.13/site-packages/django/views/generic/base.py:134,pagina,laboratory/edit.html,org_pk|pk,0,1
laboratory,create_lab,/<int:org_pk>/create_lab/,laboratory.views.laboratory.CreateLaboratoryFormView,.venv/lib/python3.13/site-packages/django/views/generic/base.py:134,pagina,laboratory/laboratory_create.html,org_pk,1,1
laboratory,mylabs,/<int:org_pk>/my_labs/,laboratory.views.laboratory.LaboratoryListView,.venv/lib/python3.13/site-packages/django/views/generic/base.py:134,pagina,laboratory/laboratory_list.html,org_pk,1,1
laboratory,inform_index,/inform_manager/<int:org_pk>/index/,laboratory.views.inform_period.get_inform_index,.venv/lib/python3.13/site-packages/django/contrib/auth/decorators.py:61,pagina,informs/index.html,org_pk,0,1
laboratory,add_period_scheduler,/inform_manager/<int:org_pk>/add/,laboratory.views.inform_period.InformSchedulerAdd,.venv/lib/python3.13/site-packages/django/views/generic/base.py:134,pagina,informs/informscheduler_create.html,org_pk,0,1
laboratory,edit_period_scheduler,/inform_manager/<int:org_pk>/edit/<int:pk>/,laboratory.views.inform_period.InformSchedulerEdit,.venv/lib/python3.13/site-packages/django/views/generic/base.py:134,pagina,informs/informscheduler_edit.html,org_pk|pk,0,1
laboratory,detail_period_scheduler,/inform_manager/<int:org_pk>/detail/<int:pk>/,laboratory.views.inform_period.InformSchedulerDetail,.venv/lib/python3.13/site-packages/django/views/generic/base.py:134,pagina,informs/informscheduler_detail.html,org_pk|pk,0,1
laboratory,protocol_list,/lab/<int:org_pk>/<int:lab_pk>/protocols/list,laboratory.protocol.views.protocol_list,.venv/lib/python3.13/site-packages/django/contrib/auth/decorators.py:18,pagina,laboratory/protocol/protocol_list.html,org_pk|lab_pk,1,1
laboratory,protocol_create,/lab/<int:org_pk>/<int:lab_pk>/protocols/create,laboratory.protocol.views.ProtocolCreateView,.venv/lib/python3.13/site-packages/django/views/generic/base.py:134,pagina,laboratory/protocol/create.html,org_pk|lab_pk,0,1
laboratory,protocol_update,/lab/<int:org_pk>/<int:lab_pk>/protocols/update/<int:pk>/,laboratory.protocol.views.ProtocolUpdateView,.venv/lib/python3.13/site-packages/django/views/generic/base.py:134,pagina,laboratory/protocol/update.html,org_pk|lab_pk|pk,0,1
laboratory,protocol_delete,/lab/<int:org_pk>/<int:lab_pk>/protocols/delete/<int:pk>/,laboratory.protocol.views.ProtocolDeleteView,.venv/lib/python3.13/site-packages/django/views/generic/base.py:134,pagina,laboratory/protocol/delete.html,org_pk|lab_pk|pk,0,1
laboratory,laboratory_delete,/lab/<int:org_pk>/<int:pk>/delete/,laboratory.views.laboratory.LaboratoryDeleteView,.venv/lib/python3.13/site-packages/django/views/generic/base.py:134,pagina,laboratory/laboratory_delete.html,org_pk|pk,0,1
laboratory,disposal_substance,/lab/<int:org_pk>/search/disposal/,laboratory.search.SearchDisposalObject,.venv/lib/python3.13/site-packages/django/views/generic/base.py:134,pagina,laboratory/disposal_substance.html,org_pk,0,1
laboratory,api-shelobjectsreactives-list,//<int:org_pk>/<int:lab_pk>/api/reactives/^api_shelobjectsreactives/$,laboratory.api.views.ShelObjectReactiveViewset,.venv/lib/python3.13/site-packages/django/views/decorators/csrf.py:491,api,,org_pk|lab_pk,0,0
laboratory,api-shelobjectsreactives-list,//<int:org_pk>/<int:lab_pk>/api/reactives/^api_shelobjectsreactives\.(?P<format>[a-z0-9]+)/?$,laboratory.api.views.ShelObjectReactiveViewset,.venv/lib/python3.13/site-packages/django/views/decorators/csrf.py:491,api,,org_pk|lab_pk|format,0,0
laboratory,api-shelobjectsreactives-decrease,//<int:org_pk>/<int:lab_pk>/api/reactives/^api_shelobjectsreactives/decrease/$,laboratory.api.views.ShelObjectReactiveViewset,.venv/lib/python3.13/site-packages/django/views/decorators/csrf.py:491,api,,org_pk|lab_pk,0,0
laboratory,api-shelobjectsreactives-decrease,//<int:org_pk>/<int:lab_pk>/api/reactives/^api_shelobjectsreactives/decrease\.(?P<format>[a-z0-9]+)/?$,laboratory.api.views.ShelObjectReactiveViewset,.venv/lib/python3.13/site-packages/django/views/decorators/csrf.py:491,api,,org_pk|lab_pk|format,0,0
laboratory,api-shelobjectsreactives-detail-template,//<int:org_pk>/<int:lab_pk>/api/reactives/^api_shelobjectsreactives/detail_template/$,laboratory.api.views.ShelObjectReactiveViewset,.venv/lib/python3.13/site-packages/django/views/decorators/csrf.py:491,api,,org_pk|lab_pk,0,0
laboratory,api-shelobjectsreactives-detail-template,//<int:org_pk>/<int:lab_pk>/api/reactives/^api_shelobjectsreactives/detail_template\.(?P<format>[a-z0-9]+)/?$,laboratory.api.views.ShelObjectReactiveViewset,.venv/lib/python3.13/site-packages/django/views/decorators/csrf.py:491,api,,org_pk|lab_pk|format,0,0
laboratory,api-shelobjectsreactives-increase,//<int:org_pk>/<int:lab_pk>/api/reactives/^api_shelobjectsreactives/increase/$,laboratory.api.views.ShelObjectReactiveViewset,.venv/lib/python3.13/site-packages/django/views/decorators/csrf.py:491,api,,org_pk|lab_pk,0,0
laboratory,api-shelobjectsreactives-increase,//<int:org_pk>/<int:lab_pk>/api/reactives/^api_shelobjectsreactives/increase\.(?P<format>[a-z0-9]+)/?$,laboratory.api.views.ShelObjectReactiveViewset,.venv/lib/python3.13/site-packages/django/views/decorators/csrf.py:491,api,,org_pk|lab_pk|format,0,0
laboratory,api-shelobjectsreactives-detail,//<int:org_pk>/<int:lab_pk>/api/reactives/^api_shelobjectsreactives/(?P<pk>[^/.]+)/$,laboratory.api.views.ShelObjectReactiveViewset,.venv/lib/python3.13/site-packages/django/views/decorators/csrf.py:491,api,,org_pk|lab_pk|pk,0,0
laboratory,api-shelobjectsreactives-detail,//<int:org_pk>/<int:lab_pk>/api/reactives/^api_shelobjectsreactives/(?P<pk>[^/.]+)\.(?P<format>[a-z0-9]+)/?$,laboratory.api.views.ShelObjectReactiveViewset,.venv/lib/python3.13/site-packages/django/views/decorators/csrf.py:491,api,,org_pk|lab_pk|pk|format,0,0
laboratory,api-shelobjectsreactives-get-values-for-update,//<int:org_pk>/<int:lab_pk>/api/reactives/^api_shelobjectsreactives/(?P<pk>[^/.]+)/get_values_for_update/$,laboratory.api.views.ShelObjectReactiveViewset,.venv/lib/python3.13/site-packages/django/views/decorators/csrf.py:491,api,,org_pk|lab_pk|pk,0,0
laboratory,api-shelobjectsreactives-get-values-for-update,//<int:org_pk>/<int:lab_pk>/api/reactives/^api_shelobjectsreactives/(?P<pk>[^/.]+)/get_values_for_update\.(?P<format>[a-z0-9]+)/?$,laboratory.api.views.ShelObjectReactiveViewset,.venv/lib/python3.13/site-packages/django/views/decorators/csrf.py:491,api,,org_pk|lab_pk|pk|format,0,0
laboratory,api-root,//<int:org_pk>/<int:lab_pk>/api/reactives/,rest_framework.routers.APIRootView,.venv/lib/python3.13/site-packages/django/views/decorators/csrf.py:97,api,,org_pk|lab_pk,0,0
laboratory,api-root,//<int:org_pk>/<int:lab_pk>/api/reactives/<drf_format_suffix:format>,rest_framework.routers.APIRootView,.venv/lib/python3.13/site-packages/django/views/decorators/csrf.py:97,api,,org_pk|lab_pk|format,0,0
laboratory,rooms_list,/lab/<int:org_pk>/<int:lab_pk>/rooms/,laboratory.views.labroom.LaboratoryRoomsList,.venv/lib/python3.13/site-packages/django/views/generic/base.py:134,pagina,laboratory/laboratoryroom_list.html,org_pk|lab_pk,1,1
laboratory,labview,/lab/<int:org_pk>/<int:lab_pk>/rooms/labview/,laboratory.views.labview.LabView,.venv/lib/python3.13/site-packages/django/views/generic/base.py:134,pagina,laboratory/labview/labview.html,org_pk|lab_pk,1,1
laboratory,rooms_create,/lab/<int:org_pk>/<int:lab_pk>/rooms/create,laboratory.views.labroom.LabroomCreate,.venv/lib/python3.13/site-packages/django/views/generic/base.py:134,pagina,laboratory/laboratoryroom_form.html,org_pk|lab_pk,1,1
laboratory,rebuild_laboratory_qr,/lab/<int:org_pk>/<int:lab_pk>/rooms/rebuild_laboratory_qr,laboratory.views.labroom.rebuild_laboratory_qr,.venv/lib/python3.13/site-packages/django/contrib/auth/decorators.py:275,accion,,org_pk|lab_pk,0,0
laboratory,rooms_delete,/lab/<int:org_pk>/<int:lab_pk>/rooms/<int:pk>/delete,laboratory.views.labroom.LaboratoryRoomDelete,.venv/lib/python3.13/site-packages/django/views/generic/base.py:134,pagina,laboratory/laboratoryroom_confirm_delete.html,org_pk|lab_pk|pk,0,1
laboratory,rooms_update,/lab/<int:org_pk>/<int:lab_pk>/rooms/<int:pk>/edit,laboratory.views.labroom.LabroomUpdate,.venv/lib/python3.13/site-packages/django/views/generic/base.py:134,pagina,laboratory/laboratoryroom_form.html,org_pk|lab_pk|pk,0,1
laboratory,furniture_list,/lab/<int:org_pk>/<int:lab_pk>/furniture/,laboratory.views.furniture.list_furniture,.venv/lib/python3.13/site-packages/django/contrib/auth/decorators.py:204,ajax,,org_pk|lab_pk,1,1
laboratory,furniture_create,/lab/<int:org_pk>/<int:lab_pk>/furniture/create/<int:labroom>/,laboratory.views.furniture.FurnitureCreateView,.venv/lib/python3.13/site-packages/django/views/generic/base.py:134,pagina,laboratory/furniture_form.html,org_pk|lab_pk|labroom,0,1
laboratory,furniture_update,/lab/<int:org_pk>/<int:lab_pk>/furniture/edit/<int:pk>/,laboratory.views.furniture.FurnitureUpdateView,.venv/lib/python3.13/site-packages/django/views/generic/base.py:134,parcial,,org_pk|lab_pk|pk,0,1
laboratory,furniture_delete,/lab/<int:org_pk>/<int:lab_pk>/furniture/delete/<int:pk>/,laboratory.views.furniture.FurnitureDelete,.venv/lib/python3.13/site-packages/django/views/generic/base.py:134,pagina,laboratory/furniture_confirm_delete.html,org_pk|lab_pk|pk,0,1
laboratory,objectview_create,/lab/<int:org_pk>/<int:lab_pk>/objects/create,laboratory.views.objects.ObjectView.__init__.<locals>.ObjectCreateView,.venv/lib/python3.13/site-packages/django/views/generic/base.py:134,pagina,laboratory/objectview_form.html,org_pk|lab_pk,0,1
laboratory,objectview_update,/lab/<int:org_pk>/<int:lab_pk>/objects/edit/<int:pk>,laboratory.views.objects.ObjectView.__init__.<locals>.ObjectUpdateView,.venv/lib/python3.13/site-packages/django/views/generic/base.py:134,pagina,laboratory/objectview_form.html,org_pk|lab_pk|pk,0,1
laboratory,objectview_delete,/lab/<int:org_pk>/<int:lab_pk>/objects/delete/<int:pk>,laboratory.views.objects.ObjectView.__init__.<locals>.ObjectDeleteView,.venv/lib/python3.13/site-packages/django/views/generic/base.py:134,pagina,laboratory/objectview_delete.html,org_pk|lab_pk|pk,0,1
laboratory,reports_shelf_objects,/lab/<int:org_pk>/<int:lab_pk>/reports/shelf_objects/<int:pk>,laboratory.views.reports.report_shelf_objects,.venv/lib/python3.13/site-packages/django/contrib/auth/decorators.py:38,descarga,pdf/shelf_object_pdf.html,org_pk|lab_pk|pk,0,0
laboratory,reports_laboratory,/lab/<int:org_pk>/<int:lab_pk>/reports/list/laboratory/,laboratory.views.labroom.LaboratoryRoomReportView,.venv/lib/python3.13/site-packages/django/views/generic/base.py:134,pagina,report/base_report_form_view.html,org_pk|lab_pk,0,1
laboratory,shel_objects_reactives,/lab/<int:org_pk>/<int:lab_pk>/reports/reactives/,laboratory.views.shelfobject.shelf_object_reagents,.venv/lib/python3.13/site-packages/django/contrib/auth/decorators.py:949,pagina,laboratory/shelfobject/reactive.html,org_pk|lab_pk,1,0
laboratory,list_shelfobject,/lab/<int:org_pk>/<int:lab_pk>/shelfobject/list/,laboratory.views.shelfobject.list_shelfobject,.venv/lib/python3.13/site-packages/django/contrib/auth/decorators.py:103,ajax,,org_pk|lab_pk,1,0
laboratory,shelfobject_create,/lab/<int:org_pk>/<int:lab_pk>/shelfobject/create/,laboratory.views.shelfobject.ShelfObjectCreate,.venv/lib/python3.13/site-packages/django/views/generic/base.py:17,ajax,,org_pk|lab_pk,0,0
laboratory,shelfobject_delete,/lab/<int:org_pk>/<int:lab_pk>/shelfobject/delete/<int:pk>/,laboratory.views.shelfobject.ShelfObjectDelete,.venv/lib/python3.13/site-packages/django/views/generic/base.py:17,ajax,,org_pk|lab_pk|pk,0,0
laboratory,shelfobject_detail,/lab/<int:org_pk>/<int:lab_pk>/shelfobject/detail/<int:pk>/,laboratory.views.shelfobject.ShelfObjectDetail,.venv/lib/python3.13/site-packages/django/views/generic/base.py:17,ajax,,org_pk|lab_pk|pk,0,0
laboratory,shelfobject_label,/lab/<int:org_pk>/<int:lab_pk>/shelfobject/label/<int:pk>/,laboratory.views.shelfobject.generate_shelfobject_label,.venv/lib/python3.13/site-packages/django/contrib/auth/decorators.py:988,descarga,,org_pk|lab_pk|pk,0,0
laboratory,shelfobject_edit,/lab/<int:org_pk>/<int:lab_pk>/shelfobject/edit/<int:pk>/,laboratory.views.shelfobject.ShelfObjectEdit,.venv/lib/python3.13/site-packages/django/views/generic/base.py:17,ajax,,org_pk|lab_pk|pk,0,0
laboratory,shelfobject_searchupdate,/lab/<int:org_pk>/<int:lab_pk>/shelfobject/q/update/<int:pk>/,laboratory.views.shelfobject.ShelfObjectSearchUpdate,.venv/lib/python3.13/site-packages/django/views/generic/base.py:17,ajax,,org_pk|lab_pk|pk,0,0
laboratory,get_shelfobject_limit,/lab/<int:org_pk>/<int:lab_pk>/shelfobject/get_shelfobject_limit/<int:pk>/,laboratory.views.shelfobject.edit_limit_object,.venv/lib/python3.13/site-packages/django/contrib/auth/decorators.py:780,json,,org_pk|lab_pk|pk,0,0
laboratory,download_shelfobject_qr,/lab/<int:org_pk>/<int:lab_pk>/shelfobject/download_shelfobject_qr/<int:pk>/,laboratory.views.shelfobject.download_shelfobject_qr,.venv/lib/python3.13/site-packages/django/contrib/auth/decorators.py:803,descarga,,org_pk|lab_pk|pk,0,0
laboratory,get_shelfobject_log,/lab/<int:org_pk>/<int:lab_pk>/shelfobject/<int:pk>/log,laboratory.api.views.ShelfObjectObservationView,.venv/lib/python3.13/site-packages/django/contrib/auth/decorators.py:534,api,,org_pk|lab_pk|pk,0,1
laboratory,shelf_create,/lab/<int:org_pk>/<int:lab_pk>/shelf/create/,laboratory.views.shelfs.ShelfCreate,.venv/lib/python3.13/site-packages/django/views/generic/base.py:17,ajax,,org_pk|lab_pk,0,1
laboratory,shelf_delete,/lab/<int:org_pk>/<int:lab_pk>/shelf/delete/<int:pk>/<int:row>/<int:col>/,laboratory.views.shelfs.delete_shelf,.venv/lib/python3.13/site-packages/django_ajax/decorators.py:40,ajax,,org_pk|lab_pk|pk|row|col,0,1
laboratory,shelf_edit,/lab/<int:org_pk>/<int:lab_pk>/shelf/edit/<int:pk>/<int:row>/<int:col>/,laboratory.views.shelfs.ShelfEdit,.venv/lib/python3.13/site-packages/django/views/generic/base.py:17,ajax,,org_pk|lab_pk|pk|row|col,0,1
laboratory,shelf_containers,/lab/<int:org_pk>/<int:lab_pk>/shelf/containers/,laboratory.shelfobject_container.views.show_shelf_container,src/laboratory/shelfobject_container/views.py:12,pagina,laboratory/containers/container_list.html,org_pk|lab_pk,0,0
laboratory,api-objectfeature-list,/lab/<int:org_pk>/<int:lab_pk>/features/api/objectfeature/^api_objectfeature/$,laboratory.api.views.ObjectFeatureViewSet,.venv/lib/python3.13/site-packages/django/views/decorators/csrf.py:491,api,,org_pk|lab_pk,0,1
laboratory,api-objectfeature-list,/lab/<int:org_pk>/<int:lab_pk>/features/api/objectfeature/^api_objectfeature\.(?P<format>[a-z0-9]+)/?$,laboratory.api.views.ObjectFeatureViewSet,.venv/lib/python3.13/site-packages/django/views/decorators/csrf.py:491,api,,org_pk|lab_pk|format,0,1
laboratory,api-objectfeature-detail-template,/lab/<int:org_pk>/<int:lab_pk>/features/api/objectfeature/^api_objectfeature/detail_template/$,laboratory.api.views.ObjectFeatureViewSet,.venv/lib/python3.13/site-packages/django/views/decorators/csrf.py:491,api,,org_pk|lab_pk,0,0
laboratory,api-objectfeature-detail-template,/lab/<int:org_pk>/<int:lab_pk>/features/api/objectfeature/^api_objectfeature/detail_template\.(?P<format>[a-z0-9]+)/?$,laboratory.api.views.ObjectFeatureViewSet,.venv/lib/python3.13/site-packages/django/views/decorators/csrf.py:491,api,,org_pk|lab_pk|format,0,0
laboratory,api-objectfeature-detail,/lab/<int:org_pk>/<int:lab_pk>/features/api/objectfeature/^api_objectfeature/(?P<pk>[^/.]+)/$,laboratory.api.views.ObjectFeatureViewSet,.venv/lib/python3.13/site-packages/django/views/decorators/csrf.py:491,api,,org_pk|lab_pk|pk,0,1
laboratory,api-objectfeature-detail,/lab/<int:org_pk>/<int:lab_pk>/features/api/objectfeature/^api_objectfeature/(?P<pk>[^/.]+)\.(?P<format>[a-z0-9]+)/?$,laboratory.api.views.ObjectFeatureViewSet,.venv/lib/python3.13/site-packages/django/views/decorators/csrf.py:491,api,,org_pk|lab_pk|pk|format,0,1
laboratory,api-objectfeature-get-values-for-update,/lab/<int:org_pk>/<int:lab_pk>/features/api/objectfeature/^api_objectfeature/(?P<pk>[^/.]+)/get_values_for_update/$,laboratory.api.views.ObjectFeatureViewSet,.venv/lib/python3.13/site-packages/django/views/decorators/csrf.py:491,api,,org_pk|lab_pk|pk,0,0
laboratory,api-objectfeature-get-values-for-update,/lab/<int:org_pk>/<int:lab_pk>/features/api/objectfeature/^api_objectfeature/(?P<pk>[^/.]+)/get_values_for_update\.(?P<format>[a-z0-9]+)/?$,laboratory.api.views.ObjectFeatureViewSet,.venv/lib/python3.13/site-packages/django/views/decorators/csrf.py:491,api,,org_pk|lab_pk|pk|format,0,0
laboratory,api-root,/lab/<int:org_pk>/<int:lab_pk>/features/api/objectfeature/,rest_framework.routers.APIRootView,.venv/lib/python3.13/site-packages/django/views/decorators/csrf.py:97,api,,org_pk|lab_pk,0,0
laboratory,api-root,/lab/<int:org_pk>/<int:lab_pk>/features/api/objectfeature/<drf_format_suffix:format>,rest_framework.routers.APIRootView,.venv/lib/python3.13/site-packages/django/views/decorators/csrf.py:97,api,,org_pk|lab_pk|format,0,0
laboratory,objectfeatures_view,/lab/<int:org_pk>/<int:lab_pk>/features/list/,laboratory.views.objectfeature.objectfeatures_view,.venv/lib/python3.13/site-packages/django/contrib/auth/decorators.py:14,pagina,laboratory/objectfeatures_list.html,org_pk|lab_pk,1,0
laboratory,api-provider-list,/lab/<int:org_pk>/<int:lab_pk>/provider/api/provider/^api_provider/$,laboratory.api.views.ProviderViewSet,.venv/lib/python3.13/site-packages/django/views/decorators/csrf.py:491,api,,org_pk|lab_pk,0,1
laboratory,api-provider-list,/lab/<int:org_pk>/<int:lab_pk>/provider/api/provider/^api_provider\.(?P<format>[a-z0-9]+)/?$,laboratory.api.views.ProviderViewSet,.venv/lib/python3.13/site-packages/django/views/decorators/csrf.py:491,api,,org_pk|lab_pk|format,0,1
laboratory,api-provider-detail-template,/lab/<int:org_pk>/<int:lab_pk>/provider/api/provider/^api_provider/detail_template/$,laboratory.api.views.ProviderViewSet,.venv/lib/python3.13/site-packages/django/views/decorators/csrf.py:491,api,,org_pk|lab_pk,0,0
laboratory,api-provider-detail-template,/lab/<int:org_pk>/<int:lab_pk>/provider/api/provider/^api_provider/detail_template\.(?P<format>[a-z0-9]+)/?$,laboratory.api.views.ProviderViewSet,.venv/lib/python3.13/site-packages/django/views/decorators/csrf.py:491,api,,org_pk|lab_pk|format,0,0
laboratory,api-provider-detail,/lab/<int:org_pk>/<int:lab_pk>/provider/api/provider/^api_provider/(?P<pk>[^/.]+)/$,laboratory.api.views.ProviderViewSet,.venv/lib/python3.13/site-packages/django/views/decorators/csrf.py:491,api,,org_pk|lab_pk|pk,0,1
laboratory,api-provider-detail,/lab/<int:org_pk>/<int:lab_pk>/provider/api/provider/^api_provider/(?P<pk>[^/.]+)\.(?P<format>[a-z0-9]+)/?$,laboratory.api.views.ProviderViewSet,.venv/lib/python3.13/site-packages/django/views/decorators/csrf.py:491,api,,org_pk|lab_pk|pk|format,0,1
laboratory,api-provider-get-values-for-update,/lab/<int:org_pk>/<int:lab_pk>/provider/api/provider/^api_provider/(?P<pk>[^/.]+)/get_values_for_update/$,laboratory.api.views.ProviderViewSet,.venv/lib/python3.13/site-packages/django/views/decorators/csrf.py:491,api,,org_pk|lab_pk|pk,0,0
laboratory,api-provider-get-values-for-update,/lab/<int:org_pk>/<int:lab_pk>/provider/api/provider/^api_provider/(?P<pk>[^/.]+)/get_values_for_update\.(?P<format>[a-z0-9]+)/?$,laboratory.api.views.ProviderViewSet,.venv/lib/python3.13/site-packages/django/views/decorators/csrf.py:491,api,,org_pk|lab_pk|pk|format,0,0
laboratory,api-root,/lab/<int:org_pk>/<int:lab_pk>/provider/api/provider/,rest_framework.routers.APIRootView,.venv/lib/python3.13/site-packages/django/views/decorators/csrf.py:97,api,,org_pk|lab_pk,0,0
laboratory,api-root,/lab/<int:org_pk>/<int:lab_pk>/provider/api/provider/<drf_format_suffix:format>,rest_framework.routers.APIRootView,.venv/lib/python3.13/site-packages/django/views/decorators/csrf.py:97,api,,org_pk|lab_pk|format,0,0
laboratory,provider_view,/lab/<int:org_pk>/<int:lab_pk>/provider/list/,laboratory.views.provider.provider_view,.venv/lib/python3.13/site-packages/django/contrib/auth/decorators.py:8,pagina,laboratory/provider_list.html,org_pk|lab_pk,1,1
laboratory,api-object-list,/lab/<int:org_pk>/<int:lab_pk>/object/api/object/^api_object/$,laboratory.api.views.ObjectViewSet,.venv/lib/python3.13/site-packages/django/views/decorators/csrf.py:491,api,,org_pk|lab_pk,0,0
laboratory,api-object-list,/lab/<int:org_pk>/<int:lab_pk>/object/api/object/^api_object\.(?P<format>[a-z0-9]+)/?$,laboratory.api.views.ObjectViewSet,.venv/lib/python3.13/site-packages/django/views/decorators/csrf.py:491,api,,org_pk|lab_pk|format,0,0
laboratory,api-object-detail-template,/lab/<int:org_pk>/<int:lab_pk>/object/api/object/^api_object/detail_template/$,laboratory.api.views.ObjectViewSet,.venv/lib/python3.13/site-packages/django/views/decorators/csrf.py:491,api,,org_pk|lab_pk,0,0
laboratory,api-object-detail-template,/lab/<int:org_pk>/<int:lab_pk>/object/api/object/^api_object/detail_template\.(?P<format>[a-z0-9]+)/?$,laboratory.api.views.ObjectViewSet,.venv/lib/python3.13/site-packages/django/views/decorators/csrf.py:491,api,,org_pk|lab_pk|format,0,0
laboratory,api-object-detail,/lab/<int:org_pk>/<int:lab_pk>/object/api/object/^api_object/(?P<pk>[^/.]+)/$,laboratory.api.views.ObjectViewSet,.venv/lib/python3.13/site-packages/django/views/decorators/csrf.py:491,api,,org_pk|lab_pk|pk,0,0
laboratory,api-object-detail,/lab/<int:org_pk>/<int:lab_pk>/object/api/object/^api_object/(?P<pk>[^/.]+)\.(?P<format>[a-z0-9]+)/?$,laboratory.api.views.ObjectViewSet,.venv/lib/python3.13/site-packages/django/views/decorators/csrf.py:491,api,,org_pk|lab_pk|pk|format,0,0
laboratory,api-object-get-values-for-update,/lab/<int:org_pk>/<int:lab_pk>/object/api/object/^api_object/(?P<pk>[^/.]+)/get_values_for_update/$,laboratory.api.views.ObjectViewSet,.venv/lib/python3.13/site-packages/django/views/decorators/csrf.py:491,api,,org_pk|lab_pk|pk,0,0
laboratory,api-object-get-values-for-update,/lab/<int:org_pk>/<int:lab_pk>/object/api/object/^api_object/(?P<pk>[^/.]+)/get_values_for_update\.(?P<format>[a-z0-9]+)/?$,laboratory.api.views.ObjectViewSet,.venv/lib/python3.13/site-packages/django/views/decorators/csrf.py:491,api,,org_pk|lab_pk|pk|format,0,0
laboratory,api-root,/lab/<int:org_pk>/<int:lab_pk>/object/api/object/,rest_framework.routers.APIRootView,.venv/lib/python3.13/site-packages/django/views/decorators/csrf.py:97,api,,org_pk|lab_pk,0,0
laboratory,api-root,/lab/<int:org_pk>/<int:lab_pk>/object/api/object/<drf_format_suffix:format>,rest_framework.routers.APIRootView,.venv/lib/python3.13/site-packages/django/views/decorators/csrf.py:97,api,,org_pk|lab_pk|format,0,0
laboratory,object_view,/lab/<int:org_pk>/<int:lab_pk>/object/list/,laboratory.views.objects.object_view,.venv/lib/python3.13/site-packages/django/contrib/auth/decorators.py:284,pagina,laboratory/object_list.html,org_pk|lab_pk,1,1
laboratory,get_informs,/lab/<int:org_pk>/<int:lab_pk>/informs/get_list/,laboratory.views.informs.get_informs,.venv/lib/python3.13/site-packages/django/contrib/auth/decorators.py:20,pagina,laboratory/inform.html,org_pk|lab_pk,1,1
laboratory,add_informs,/lab/<int:org_pk>/<int:lab_pk>/informs/add_informs/<str:content_type>/<str:model>/,laboratory.views.informs.create_informs,.venv/lib/python3.13/site-packages/django/contrib/auth/decorators.py:66,pagina,laboratory/inform.html,org_pk|lab_pk|content_type|model,0,1
laboratory,complete_inform,/lab/<int:org_pk>/<int:lab_pk>/informs/complete_inform/<int:pk>/,laboratory.views.informs.complete_inform,.venv/lib/python3.13/site-packages/django/contrib/auth/decorators.py:140,pagina,laboratory/complete_inform.html,org_pk|lab_pk|pk,1,1
laboratory,remove_inform,/lab/<int:org_pk>/<int:lab_pk>/informs/remove_inform/<int:pk>/,laboratory.views.informs.remove_inform,.venv/lib/python3.13/site-packages/django/contrib/auth/decorators.py:36,accion,,org_pk|lab_pk|pk,0,1
laboratory,sustance_list,/lab/<int:org_pk>/<int:lab_pk>/sustance/,laboratory.views.objects.view_reactive_list,.venv/lib/python3.13/site-packages/django/contrib/auth/decorators.py:250,pagina,laboratory/sustance/list.html,org_pk|lab_pk,1,1
laboratory,reactive_stock_list,/lab/<int:org_pk>/<int:lab_pk>/sustance/reactive_stock/,laboratory.views.objectlimits.ReactiveStockDashboard,.venv/lib/python3.13/site-packages/django/views/generic/base.py:134,pagina,laboratory/objectlimit/dashboard.html,org_pk|lab_pk,0,0
laboratory,equipment_list,/lab/<int:org_pk>/<int:lab_pk>/equipment/,laboratory.views.objects.view_equipment_list,.venv/lib/python3.13/site-packages/django/contrib/auth/decorators.py:224,pagina,laboratory/equipment/list.html,org_pk|lab_pk,1,1
laboratory,instrumentalfamily_list,/lab/<int:org_pk>/<int:lab_pk>/equipment/instrumental/,laboratory.views.catalogs.view_instrumental_family_list,.venv/lib/python3.13/site-packages/django/contrib/auth/decorators.py:7,pagina,laboratory/instrumentalfamily/list.html,org_pk|lab_pk,0,0
laboratory,equipmenttype_list,/lab/<int:org_pk>/<int:lab_pk>/equipment/equipmenttype/,laboratory.views.catalogs.view_equipmenttype_list,.venv/lib/python3.13/site-packages/django/contrib/auth/decorators.py:20,pagina,laboratory/equipmenttype/list.html,org_pk|lab_pk,0,0
laboratory,block_notification,/lab/<int:lab_pk>/blocknotifications/<int:obj_pk>/,laboratory.views.objects.block_notifications,.venv/lib/python3.13/site-packages/django/contrib/auth/decorators.py:211,pagina,laboratory/block_object_notification.html,lab_pk|obj_pk,1,0
laboratory,api-shelfobjecttable-list,/so/api/<int:org_pk>/<int:lab_pk>/^api_shelfobject_table/$,laboratory.api.shelfobject.ShelfObjectTableViewSet,.venv/lib/python3.13/site-packages/django/views/decorators/csrf.py:491,api,,org_pk|lab_pk,0,0
laboratory,api-shelfobjecttable-list,/so/api/<int:org_pk>/<int:lab_pk>/^api_shelfobject_table\.(?P<format>[a-z0-9]+)/?$,laboratory.api.shelfobject.ShelfObjectTableViewSet,.venv/lib/python3.13/site-packages/django/views/decorators/csrf.py:491,api,,org_pk|lab_pk|format,0,0
laboratory,api-shelfobject-create-box-shelfobject,/so/api/<int:org_pk>/<int:lab_pk>/^api_shelfobject/create_box_shelfobject/$,laboratory.api.shelfobject.ShelfObjectViewSet,.venv/lib/python3.13/site-packages/django/views/decorators/csrf.py:491,api,,org_pk|lab_pk,0,0
laboratory,api-shelfobject-create-box-shelfobject,/so/api/<int:org_pk>/<int:lab_pk>/^api_shelfobject/create_box_shelfobject\.(?P<format>[a-z0-9]+)/?$,laboratory.api.shelfobject.ShelfObjectViewSet,.venv/lib/python3.13/site-packages/django/views/decorators/csrf.py:491,api,,org_pk|lab_pk|format,0,0
laboratory,api-shelfobject-create-shelfobject,/so/api/<int:org_pk>/<int:lab_pk>/^api_shelfobject/create_shelfobject/$,laboratory.api.shelfobject.ShelfObjectViewSet,.venv/lib/python3.13/site-packages/django/views/decorators/csrf.py:491,api,,org_pk|lab_pk,0,1
laboratory,api-shelfobject-create-shelfobject,/so/api/<int:org_pk>/<int:lab_pk>/^api_shelfobject/create_shelfobject\.(?P<format>[a-z0-9]+)/?$,laboratory.api.shelfobject.ShelfObjectViewSet,.venv/lib/python3.13/site-packages/django/views/decorators/csrf.py:491,api,,org_pk|lab_pk|format,0,1
laboratory,api-shelfobject-create-status,/so/api/<int:org_pk>/<int:lab_pk>/^api_shelfobject/create_status/$,laboratory.api.shelfobject.ShelfObjectViewSet,.venv/lib/python3.13/site-packages/django/views/decorators/csrf.py:491,api,,org_pk|lab_pk,0,1
laboratory,api-shelfobject-create-status,/so/api/<int:org_pk>/<int:lab_pk>/^api_shelfobject/create_status\.(?P<format>[a-z0-9]+)/?$,laboratory.api.shelfobject.ShelfObjectViewSet,.venv/lib/python3.13/site-packages/django/views/decorators/csrf.py:491,api,,org_pk|lab_pk|format,0,1
laboratory,api-shelfobject-delete,/so/api/<int:org_pk>/<int:lab_pk>/^api_shelfobject/delete/$,laboratory.api.shelfobject.ShelfObjectViewSet,.venv/lib/python3.13/site-packages/django/views/decorators/csrf.py:491,api,,org_pk|lab_pk,0,1
laboratory,api-shelfobject-delete,/so/api/<int:org_pk>/<int:lab_pk>/^api_shelfobject/delete\.(?P<format>[a-z0-9]+)/?$,laboratory.api.shelfobject.ShelfObjectViewSet,.venv/lib/python3.13/site-packages/django/views/decorators/csrf.py:491,api,,org_pk|lab_pk|format,0,1
laboratory,api-shelfobject-fill-decrease-shelfobject,/so/api/<int:org_pk>/<int:lab_pk>/^api_shelfobject/fill_decrease_shelfobject/$,laboratory.api.shelfobject.ShelfObjectViewSet,.venv/lib/python3.13/site-packages/django/views/decorators/csrf.py:491,api,,org_pk|lab_pk,0,1
laboratory,api-shelfobject-fill-decrease-shelfobject,/so/api/<int:org_pk>/<int:lab_pk>/^api_shelfobject/fill_decrease_shelfobject\.(?P<format>[a-z0-9]+)/?$,laboratory.api.shelfobject.ShelfObjectViewSet,.venv/lib/python3.13/site-packages/django/views/decorators/csrf.py:491,api,,org_pk|lab_pk|format,0,1
laboratory,api-shelfobject-fill-increase-shelfobject,/so/api/<int:org_pk>/<int:lab_pk>/^api_shelfobject/fill_increase_shelfobject/$,laboratory.api.shelfobject.ShelfObjectViewSet,.venv/lib/python3.13/site-packages/django/views/decorators/csrf.py:491,api,,org_pk|lab_pk,0,1
laboratory,api-shelfobject-fill-increase-shelfobject,/so/api/<int:org_pk>/<int:lab_pk>/^api_shelfobject/fill_increase_shelfobject\.(?P<format>[a-z0-9]+)/?$,laboratory.api.shelfobject.ShelfObjectViewSet,.venv/lib/python3.13/site-packages/django/views/decorators/csrf.py:491,api,,org_pk|lab_pk|format,0,1
laboratory,api-shelfobject-manage-shelfobject-container,/so/api/<int:org_pk>/<int:lab_pk>/^api_shelfobject/manage_shelfobject_container/$,laboratory.api.shelfobject.ShelfObjectViewSet,.venv/lib/python3.13/site-packages/django/views/decorators/csrf.py:491,api,,org_pk|lab_pk,0,0
laboratory,api-shelfobject-manage-shelfobject-container,/so/api/<int:org_pk>/<int:lab_pk>/^api_shelfobject/manage_shelfobject_container\.(?P<format>[a-z0-9]+)/?$,laboratory.api.shelfobject.ShelfObjectViewSet,.venv/lib/python3.13/site-packages/django/views/decorators/csrf.py:491,api,,org_pk|lab_pk|format,0,0
laboratory,api-shelfobject-move-shelfobject-to-shelf,/so/api/<int:org_pk>/<int:lab_pk>/^api_shelfobject/move_shelfobject_to_shelf/$,laboratory.api.shelfobject.ShelfObjectViewSet,.venv/lib/python3.13/site-packages/django/views/decorators/csrf.py:491,api,,org_pk|lab_pk,0,1
laboratory,api-shelfobject-move-shelfobject-to-shelf,/so/api/<int:org_pk>/<int:lab_pk>/^api_shelfobject/move_shelfobject_to_shelf\.(?P<format>[a-z0-9]+)/?$,laboratory.api.shelfobject.ShelfObjectViewSet,.venv/lib/python3.13/site-packages/django/views/decorators/csrf.py:491,api,,org_pk|lab_pk|format,0,1
laboratory,api-shelfobject-reserve,/so/api/<int:org_pk>/<int:lab_pk>/^api_shelfobject/reserve/$,laboratory.api.shelfobject.ShelfObjectViewSet,.venv/lib/python3.13/site-packages/django/views/decorators/csrf.py:491,api,,org_pk|lab_pk,0,1
laboratory,api-shelfobject-reserve,/so/api/<int:org_pk>/<int:lab_pk>/^api_shelfobject/reserve\.(?P<format>[a-z0-9]+)/?$,laboratory.api.shelfobject.ShelfObjectViewSet,.venv/lib/python3.13/site-packages/django/views/decorators/csrf.py:491,api,,org_pk|lab_pk|format,0,1
laboratory,api-shelfobject-return-shelfobject,/so/api/<int:org_pk>/<int:lab_pk>/^api_shelfobject/return_shelfobject/$,laboratory.api.shelfobject.ShelfObjectViewSet,.venv/lib/python3.13/site-packages/django/views/decorators/csrf.py:491,api,,org_pk|lab_pk,0,0
laboratory,api-shelfobject-return-shelfobject,/so/api/<int:org_pk>/<int:lab_pk>/^api_shelfobject/return_shelfobject\.(?P<format>[a-z0-9]+)/?$,laboratory.api.shelfobject.ShelfObjectViewSet,.venv/lib/python3.13/site-packages/django/views/decorators/csrf.py:491,api,,org_pk|lab_pk|format,0,0
laboratory,api-shelfobject-shelf-availability-information,/so/api/<int:org_pk>/<int:lab_pk>/^api_shelfobject/shelf_availability_information/$,laboratory.api.shelfobject.ShelfObjectViewSet,.venv/lib/python3.13/site-packages/django/views/decorators/csrf.py:491,api,,org_pk|lab_pk,0,1
laboratory,api-shelfobject-shelf-availability-information,/so/api/<int:org_pk>/<int:lab_pk>/^api_shelfobject/shelf_availability_information\.(?P<format>[a-z0-9]+)/?$,laboratory.api.shelfobject.ShelfObjectViewSet,.venv/lib/python3.13/site-packages/django/views/decorators/csrf.py:491,api,,org_pk|lab_pk|format,0,1
laboratory,api-shelfobject-tag,/so/api/<int:org_pk>/<int:lab_pk>/^api_shelfobject/tag/$,laboratory.api.shelfobject.ShelfObjectViewSet,.venv/lib/python3.13/site-packages/django/views/decorators/csrf.py:491,api,,org_pk|lab_pk,0,0
laboratory,api-shelfobject-tag,/so/api/<int:org_pk>/<int:lab_pk>/^api_shelfobject/tag\.(?P<format>[a-z0-9]+)/?$,laboratory.api.shelfobject.ShelfObjectViewSet,.venv/lib/python3.13/site-packages/django/views/decorators/csrf.py:491,api,,org_pk|lab_pk|format,0,0
laboratory,api-shelfobject-transfer-available-list,/so/api/<int:org_pk>/<int:lab_pk>/^api_shelfobject/transfer_available_list/$,laboratory.api.shelfobject.ShelfObjectViewSet,.venv/lib/python3.13/site-packages/django/views/decorators/csrf.py:491,api,,org_pk|lab_pk,0,0
laboratory,api-shelfobject-transfer-available-list,/so/api/<int:org_pk>/<int:lab_pk>/^api_shelfobject/transfer_available_list\.(?P<format>[a-z0-9]+)/?$,laboratory.api.shelfobject.ShelfObjectViewSet,.venv/lib/python3.13/site-packages/django/views/decorators/csrf.py:491,api,,org_pk|lab_pk|format,0,0
laboratory,api-shelfobject-transfer-in-approve,/so/api/<int:org_pk>/<int:lab_pk>/^api_shelfobject/transfer_in_approve/$,laboratory.api.shelfobject.ShelfObjectViewSet,.venv/lib/python3.13/site-packages/django/views/decorators/csrf.py:491,api,,org_pk|lab_pk,0,0
laboratory,api-shelfobject-transfer-in-approve,/so/api/<int:org_pk>/<int:lab_pk>/^api_shelfobject/transfer_in_approve\.(?P<format>[a-z0-9]+)/?$,laboratory.api.shelfobject.ShelfObjectViewSet,.venv/lib/python3.13/site-packages/django/views/decorators/csrf.py:491,api,,org_pk|lab_pk|format,0,0
laboratory,api-shelfobject-transfer-in-deny,/so/api/<int:org_pk>/<int:lab_pk>/^api_shelfobject/transfer_in_deny/$,laboratory.api.shelfobject.ShelfObjectViewSet,.venv/lib/python3.13/site-packages/django/views/decorators/csrf.py:491,api,,org_pk|lab_pk,0,0
laboratory,api-shelfobject-transfer-in-deny,/so/api/<int:org_pk>/<int:lab_pk>/^api_shelfobject/transfer_in_deny\.(?P<format>[a-z0-9]+)/?$,laboratory.api.shelfobject.ShelfObjectViewSet,.venv/lib/python3.13/site-packages/django/views/decorators/csrf.py:491,api,,org_pk|lab_pk|format,0,0
laboratory,api-shelfobject-transfer-out,/so/api/<int:org_pk>/<int:lab_pk>/^api_shelfobject/transfer_out/$,laboratory.api.shelfobject.ShelfObjectViewSet,.venv/lib/python3.13/site-packages/django/views/decorators/csrf.py:491,api,,org_pk|lab_pk,0,0
laboratory,api-shelfobject-transfer-out,/so/api/<int:org_pk>/<int:lab_pk>/^api_shelfobject/transfer_out\.(?P<format>[a-z0-9]+)/?$,laboratory.api.shelfobject.ShelfObjectViewSet,.venv/lib/python3.13/site-packages/django/views/decorators/csrf.py:491,api,,org_pk|lab_pk|format,0,0
laboratory,api-shelfobject-create-comments,/so/api/<int:org_pk>/<int:lab_pk>/^api_shelfobject/(?P<pk>[^/.]+)/create_comments/$,laboratory.api.shelfobject.ShelfObjectViewSet,.venv/lib/python3.13/site-packages/django/views/decorators/csrf.py:491,api,,org_pk|lab_pk|pk,0,1
laboratory,api-shelfobject-create-comments,/so/api/<int:org_pk>/<int:lab_pk>/^api_shelfobject/(?P<pk>[^/.]+)/create_comments\.(?P<format>[a-z0-9]+)/?$,laboratory.api.shelfobject.ShelfObjectViewSet,.venv/lib/python3.13/site-packages/django/views/decorators/csrf.py:491,api,,org_pk|lab_pk|pk|format,0,1
laboratory,api-shelfobject-create-recipient,/so/api/<int:org_pk>/<int:lab_pk>/^api_shelfobject/(?P<pk>[^/.]+)/create_recipient/$,laboratory.api.shelfobject.ShelfObjectViewSet,.venv/lib/python3.13/site-packages/django/views/decorators/csrf.py:491,api,,org_pk|lab_pk|pk,0,0
laboratory,api-shelfobject-create-recipient,/so/api/<int:org_pk>/<int:lab_pk>/^api_shelfobject/(?P<pk>[^/.]+)/create_recipient\.(?P<format>[a-z0-9]+)/?$,laboratory.api.shelfobject.ShelfObjectViewSet,.venv/lib/python3.13/site-packages/django/views/decorators/csrf.py:491,api,,org_pk|lab_pk|pk|format,0,0
laboratory,api-shelfobject-delete-recipient,/so/api/<int:org_pk>/<int:lab_pk>/^api_shelfobject/(?P<pk>[^/.]+)/delete_recipient/$,laboratory.api.shelfobject.ShelfObjectViewSet,.venv/lib/python3.13/site-packages/django/views/decorators/csrf.py:491,api,,org_pk|lab_pk|pk,0,0
laboratory,api-shelfobject-delete-recipient,/so/api/<int:org_pk>/<int:lab_pk>/^api_shelfobject/(?P<pk>[^/.]+)/delete_recipient\.(?P<format>[a-z0-9]+)/?$,laboratory.api.shelfobject.ShelfObjectViewSet,.venv/lib/python3.13/site-packages/django/views/decorators/csrf.py:491,api,,org_pk|lab_pk|pk|format,0,0
laboratory,api-shelfobject-details,/so/api/<int:org_pk>/<int:lab_pk>/^api_shelfobject/(?P<pk>[^/.]+)/details/$,laboratory.api.shelfobject.ShelfObjectViewSet,.venv/lib/python3.13/site-packages/django/views/decorators/csrf.py:491,api,,org_pk|lab_pk|pk,0,1
laboratory,api-shelfobject-details,/so/api/<int:org_pk>/<int:lab_pk>/^api_shelfobject/(?P<pk>[^/.]+)/details\.(?P<format>[a-z0-9]+)/?$,laboratory.api.shelfobject.ShelfObjectViewSet,.venv/lib/python3.13/site-packages/django/views/decorators/csrf.py:491,api,,org_pk|lab_pk|pk|format,0,1
laboratory,api-shelfobject-edit-equipment-shelfobject,/so/api/<int:org_pk>/<int:lab_pk>/^api_shelfobject/(?P<pk>[^/.]+)/edit_equipment_shelfobject/$,laboratory.api.shelfobject.ShelfObjectViewSet,.venv/lib/python3.13/site-packages/django/views/decorators/csrf.py:491,api,,org_pk|lab_pk|pk,0,1
laboratory,api-shelfobject-edit-equipment-shelfobject,/so/api/<int:org_pk>/<int:lab_pk>/^api_shelfobject/(?P<pk>[^/.]+)/edit_equipment_shelfobject\.(?P<format>[a-z0-9]+)/?$,laboratory.api.shelfobject.ShelfObjectViewSet,.venv/lib/python3.13/site-packages/django/views/decorators/csrf.py:491,api,,org_pk|lab_pk|pk|format,0,1
laboratory,api-shelfobject-edit-material-shelfobject,/so/api/<int:org_pk>/<int:lab_pk>/^api_shelfobject/(?P<pk>[^/.]+)/edit_material_shelfobject/$,laboratory.api.shelfobject.ShelfObjectViewSet,.venv/lib/python3.13/site-packages/django/views/decorators/csrf.py:491,api,,org_pk|lab_pk|pk,0,0
laboratory,api-shelfobject-edit-material-shelfobject,/so/api/<int:org_pk>/<int:lab_pk>/^api_shelfobject/(?P<pk>[^/.]+)/edit_material_shelfobject\.(?P<format>[a-z0-9]+)/?$,laboratory.api.shelfobject.ShelfObjectViewSet,.venv/lib/python3.13/site-packages/django/views/decorators/csrf.py:491,api,,org_pk|lab_pk|pk|format,0,0
laboratory,api-shelfobject-edit-reactive-shelfobject,/so/api/<int:org_pk>/<int:lab_pk>/^api_shelfobject/(?P<pk>[^/.]+)/edit_reactive_shelfobject/$,laboratory.api.shelfobject.ShelfObjectViewSet,.venv/lib/python3.13/site-packages/django/views/decorators/csrf.py:491,api,,org_pk|lab_pk|pk,0,0
laboratory,api-shelfobject-edit-reactive-shelfobject,/so/api/<int:org_pk>/<int:lab_pk>/^api_shelfobject/(?P<pk>[^/.]+)/edit_reactive_shelfobject\.(?P<format>[a-z0-9]+)/?$,laboratory.api.shelfobject.ShelfObjectViewSet,.venv/lib/python3.13/site-packages/django/views/decorators/csrf.py:491,api,,org_pk|lab_pk|pk|format,0,0
laboratory,api-shelfobject-get-box-edit-data,/so/api/<int:org_pk>/<int:lab_pk>/^api_shelfobject/(?P<pk>[^/.]+)/get_box_edit_data/$,laboratory.api.shelfobject.ShelfObjectViewSet,.venv/lib/python3.13/site-packages/django/views/decorators/csrf.py:491,api,,org_pk|lab_pk|pk,0,0
laboratory,api-shelfobject-get-box-edit-data,/so/api/<int:org_pk>/<int:lab_pk>/^api_shelfobject/(?P<pk>[^/.]+)/get_box_edit_data\.(?P<format>[a-z0-9]+)/?$,laboratory.api.shelfobject.ShelfObjectViewSet,.venv/lib/python3.13/site-packages/django/views/decorators/csrf.py:491,api,,org_pk|lab_pk|pk|format,0,0
laboratory,api-shelfobject-get-reactive-edit-data,/so/api/<int:org_pk>/<int:lab_pk>/^api_shelfobject/(?P<pk>[^/.]+)/get_reactive_edit_data/$,laboratory.api.shelfobject.ShelfObjectViewSet,.venv/lib/python3.13/site-packages/django/views/decorators/csrf.py:491,api,,org_pk|lab_pk|pk,0,0
laboratory,api-shelfobject-get-reactive-edit-data,/so/api/<int:org_pk>/<int:lab_pk>/^api_shelfobject/(?P<pk>[^/.]+)/get_reactive_edit_data\.(?P<format>[a-z0-9]+)/?$,laboratory.api.shelfobject.ShelfObjectViewSet,.venv/lib/python3.13/site-packages/django/views/decorators/csrf.py:491,api,,org_pk|lab_pk|pk|format,0,0
laboratory,api-shelfobject-get-shelfobject-limits,/so/api/<int:org_pk>/<int:lab_pk>/^api_shelfobject/(?P<pk>[^/.]+)/get_shelfobject_limits/$,laboratory.api.shelfobject.ShelfObjectViewSet,.venv/lib/python3.13/site-packages/django/views/decorators/csrf.py:491,api,,org_pk|lab_pk|pk,0,0
laboratory,api-shelfobject-get-shelfobject-limits,/so/api/<int:org_pk>/<int:lab_pk>/^api_shelfobject/(?P<pk>[^/.]+)/get_shelfobject_limits\.(?P<format>[a-z0-9]+)/?$,laboratory.api.shelfobject.ShelfObjectViewSet,.venv/lib/python3.13/site-packages/django/views/decorators/csrf.py:491,api,,org_pk|lab_pk|pk|format,0,0
laboratory,api-shelfobject-list-comments,/so/api/<int:org_pk>/<int:lab_pk>/^api_shelfobject/(?P<pk>[^/.]+)/list_comments/$,laboratory.api.shelfobject.ShelfObjectViewSet,.venv/lib/python3.13/site-packages/django/views/decorators/csrf.py:491,api,,org_pk|lab_pk|pk,0,1
laboratory,api-shelfobject-list-comments,/so/api/<int:org_pk>/<int:lab_pk>/^api_shelfobject/(?P<pk>[^/.]+)/list_comments\.(?P<format>[a-z0-9]+)/?$,laboratory.api.shelfobject.ShelfObjectViewSet,.venv/lib/python3.13/site-packages/django/views/decorators/csrf.py:491,api,,org_pk|lab_pk|pk|format,0,1
laboratory,api-shelfobject-recipient-list,/so/api/<int:org_pk>/<int:lab_pk>/^api_shelfobject/(?P<pk>[^/.]+)/recipient_list/$,laboratory.api.shelfobject.ShelfObjectViewSet,.venv/lib/python3.13/site-packages/django/views/decorators/csrf.py:491,api,,org_pk|lab_pk|pk,0,0
laboratory,api-shelfobject-recipient-list,/so/api/<int:org_pk>/<int:lab_pk>/^api_shelfobject/(?P<pk>[^/.]+)/recipient_list\.(?P<format>[a-z0-9]+)/?$,laboratory.api.shelfobject.ShelfObjectViewSet,.venv/lib/python3.13/site-packages/django/views/decorators/csrf.py:491,api,,org_pk|lab_pk|pk|format,0,0
laboratory,api-shelfobject-update-box-shelfobject,/so/api/<int:org_pk>/<int:lab_pk>/^api_shelfobject/(?P<pk>[^/.]+)/update_box_shelfobject/$,laboratory.api.shelfobject.ShelfObjectViewSet,.venv/lib/python3.13/site-packages/django/views/decorators/csrf.py:491,api,,org_pk|lab_pk|pk,0,0
laboratory,api-shelfobject-update-box-shelfobject,/so/api/<int:org_pk>/<int:lab_pk>/^api_shelfobject/(?P<pk>[^/.]+)/update_box_shelfobject\.(?P<format>[a-z0-9]+)/?$,laboratory.api.shelfobject.ShelfObjectViewSet,.venv/lib/python3.13/site-packages/django/views/decorators/csrf.py:491,api,,org_pk|lab_pk|pk|format,0,0
laboratory,api-shelfobject-update-status,/so/api/<int:org_pk>/<int:lab_pk>/^api_shelfobject/(?P<pk>[^/.]+)/update_status/$,laboratory.api.shelfobject.ShelfObjectViewSet,.venv/lib/python3.13/site-packages/django/views/decorators/csrf.py:491,api,,org_pk|lab_pk|pk,0,1
laboratory,api-shelfobject-update-status,/so/api/<int:org_pk>/<int:lab_pk>/^api_shelfobject/(?P<pk>[^/.]+)/update_status\.(?P<format>[a-z0-9]+)/?$,laboratory.api.shelfobject.ShelfObjectViewSet,.venv/lib/python3.13/site-packages/django/views/decorators/csrf.py:491,api,,org_pk|lab_pk|pk|format,0,1
laboratory,api-search-labview-get,/so/api/<int:org_pk>/<int:lab_pk>/^api_search_labview/get/$,laboratory.api.shelfobject.SearchLabView,.venv/lib/python3.13/site-packages/django/views/decorators/csrf.py:491,api,,org_pk|lab_pk,0,0
laboratory,api-search-labview-get,/so/api/<int:org_pk>/<int:lab_pk>/^api_search_labview/get\.(?P<format>[a-z0-9]+)/?$,laboratory.api.shelfobject.SearchLabView,.venv/lib/python3.13/site-packages/django/views/decorators/csrf.py:491,api,,org_pk|lab_pk|format,0,0
laboratory,api-root,/so/api/<int:org_pk>/<int:lab_pk>/,rest_framework.routers.APIRootView,.venv/lib/python3.13/site-packages/django/views/decorators/csrf.py:97,api,,org_pk|lab_pk,0,0
laboratory,api-root,/so/api/<int:org_pk>/<int:lab_pk>/<drf_format_suffix:format>,rest_framework.routers.APIRootView,.venv/lib/python3.13/site-packages/django/views/decorators/csrf.py:97,api,,org_pk|lab_pk|format,0,0
laboratory,api-labview-labroom-list,/labview/api/<int:org_pk>/<int:lab_pk>/^api_labview_labroom/$,laboratory.api.labview.viewsets.LabRoomManagement,.venv/lib/python3.13/site-packages/django/views/decorators/csrf.py:491,api,,org_pk|lab_pk,0,0
laboratory,api-labview-labroom-list,/labview/api/<int:org_pk>/<int:lab_pk>/^api_labview_labroom\.(?P<format>[a-z0-9]+)/?$,laboratory.api.labview.viewsets.LabRoomManagement,.venv/lib/python3.13/site-packages/django/views/decorators/csrf.py:491,api,,org_pk|lab_pk|format,0,0
laboratory,api-labview-labroom-detail-template,/labview/api/<int:org_pk>/<int:lab_pk>/^api_labview_labroom/detail_template/$,laboratory.api.labview.viewsets.LabRoomManagement,.venv/lib/python3.13/site-packages/django/views/decorators/csrf.py:491,api,,org_pk|lab_pk,0,0
laboratory,api-labview-labroom-detail-template,/labview/api/<int:org_pk>/<int:lab_pk>/^api_labview_labroom/detail_template\.(?P<format>[a-z0-9]+)/?$,laboratory.api.labview.viewsets.LabRoomManagement,.venv/lib/python3.13/site-packages/django/views/decorators/csrf.py:491,api,,org_pk|lab_pk|format,0,0
laboratory,api-labview-labroom-detail,/labview/api/<int:org_pk>/<int:lab_pk>/^api_labview_labroom/(?P<pk>[^/.]+)/$,laboratory.api.labview.viewsets.LabRoomManagement,.venv/lib/python3.13/site-packages/django/views/decorators/csrf.py:491,api,,org_pk|lab_pk|pk,0,0
laboratory,api-labview-labroom-detail,/labview/api/<int:org_pk>/<int:lab_pk>/^api_labview_labroom/(?P<pk>[^/.]+)\.(?P<format>[a-z0-9]+)/?$,laboratory.api.labview.viewsets.LabRoomManagement,.venv/lib/python3.13/site-packages/django/views/decorators/csrf.py:491,api,,org_pk|lab_pk|pk|format,0,0
laboratory,api-labview-labroom-get-values-for-update,/labview/api/<int:org_pk>/<int:lab_pk>/^api_labview_labroom/(?P<pk>[^/.]+)/get_values_for_update/$,laboratory.api.labview.viewsets.LabRoomManagement,.venv/lib/python3.13/site-packages/django/views/decorators/csrf.py:491,api,,org_pk|lab_pk|pk,0,0
laboratory,api-labview-labroom-get-values-for-update,/labview/api/<int:org_pk>/<int:lab_pk>/^api_labview_labroom/(?P<pk>[^/.]+)/get_values_for_update\.(?P<format>[a-z0-9]+)/?$,laboratory.api.labview.viewsets.LabRoomManagement,.venv/lib/python3.13/site-packages/django/views/decorators/csrf.py:491,api,,org_pk|lab_pk|pk|format,0,0
laboratory,api-labview-furniture-list,/labview/api/<int:org_pk>/<int:lab_pk>/^api_labview_furniture/$,laboratory.api.labview.viewsets.FurnitureManagement,.venv/lib/python3.13/site-packages/django/views/decorators/csrf.py:491,api,,org_pk|lab_pk,0,0
laboratory,api-labview-furniture-list,/labview/api/<int:org_pk>/<int:lab_pk>/^api_labview_furniture\.(?P<format>[a-z0-9]+)/?$,laboratory.api.labview.viewsets.FurnitureManagement,.venv/lib/python3.13/site-packages/django/views/decorators/csrf.py:491,api,,org_pk|lab_pk|format,0,0
laboratory,api-labview-furniture-detail-template,/labview/api/<int:org_pk>/<int:lab_pk>/^api_labview_furniture/detail_template/$,laboratory.api.labview.viewsets.FurnitureManagement,.venv/lib/python3.13/site-packages/django/views/decorators/csrf.py:491,api,,org_pk|lab_pk,0,0
laboratory,api-labview-furniture-detail-template,/labview/api/<int:org_pk>/<int:lab_pk>/^api_labview_furniture/detail_template\.(?P<format>[a-z0-9]+)/?$,laboratory.api.labview.viewsets.FurnitureManagement,.venv/lib/python3.13/site-packages/django/views/decorators/csrf.py:491,api,,org_pk|lab_pk|format,0,0
laboratory,api-labview-furniture-detail,/labview/api/<int:org_pk>/<int:lab_pk>/^api_labview_furniture/(?P<pk>[^/.]+)/$,laboratory.api.labview.viewsets.FurnitureManagement,.venv/lib/python3.13/site-packages/django/views/decorators/csrf.py:491,api,,org_pk|lab_pk|pk,0,0
laboratory,api-labview-furniture-detail,/labview/api/<int:org_pk>/<int:lab_pk>/^api_labview_furniture/(?P<pk>[^/.]+)\.(?P<format>[a-z0-9]+)/?$,laboratory.api.labview.viewsets.FurnitureManagement,.venv/lib/python3.13/site-packages/django/views/decorators/csrf.py:491,api,,org_pk|lab_pk|pk|format,0,0
laboratory,api-labview-furniture-add-col,/labview/api/<int:org_pk>/<int:lab_pk>/^api_labview_furniture/(?P<pk>[^/.]+)/grid/col/$,laboratory.api.labview.viewsets.FurnitureManagement,.venv/lib/python3.13/site-packages/django/views/decorators/csrf.py:491,api,,org_pk|lab_pk|pk,0,0
laboratory,api-labview-furniture-add-col,/labview/api/<int:org_pk>/<int:lab_pk>/^api_labview_furniture/(?P<pk>[^/.]+)/grid/col\.(?P<format>[a-z0-9]+)/?$,laboratory.api.labview.viewsets.FurnitureManagement,.venv/lib/python3.13/site-packages/django/views/decorators/csrf.py:491,api,,org_pk|lab_pk|pk|format,0,0
laboratory,api-labview-furniture-add-row,/labview/api/<int:org_pk>/<int:lab_pk>/^api_labview_furniture/(?P<pk>[^/.]+)/grid/row/$,laboratory.api.labview.viewsets.FurnitureManagement,.venv/lib/python3.13/site-packages/django/views/decorators/csrf.py:491,api,,org_pk|lab_pk|pk,0,0
laboratory,api-labview-furniture-add-row,/labview/api/<int:org_pk>/<int:lab_pk>/^api_labview_furniture/(?P<pk>[^/.]+)/grid/row\.(?P<format>[a-z0-9]+)/?$,laboratory.api.labview.viewsets.FurnitureManagement,.venv/lib/python3.13/site-packages/django/views/decorators/csrf.py:491,api,,org_pk|lab_pk|pk|format,0,0
laboratory,api-labview-furniture-get-values-for-update,/labview/api/<int:org_pk>/<int:lab_pk>/^api_labview_furniture/(?P<pk>[^/.]+)/get_values_for_update/$,laboratory.api.labview.viewsets.FurnitureManagement,.venv/lib/python3.13/site-packages/django/views/decorators/csrf.py:491,api,,org_pk|lab_pk|pk,0,0
laboratory,api-labview-furniture-get-values-for-update,/labview/api/<int:org_pk>/<int:lab_pk>/^api_labview_furniture/(?P<pk>[^/.]+)/get_values_for_update\.(?P<format>[a-z0-9]+)/?$,laboratory.api.labview.viewsets.FurnitureManagement,.venv/lib/python3.13/site-packages/django/views/decorators/csrf.py:491,api,,org_pk|lab_pk|pk|format,0,0
laboratory,api-labview-furniture-remove-col,/labview/api/<int:org_pk>/<int:lab_pk>/^api_labview_furniture/(?P<pk>[^/.]+)/grid/col/remove/$,laboratory.api.labview.viewsets.FurnitureManagement,.venv/lib/python3.13/site-packages/django/views/decorators/csrf.py:491,api,,org_pk|lab_pk|pk,0,0
laboratory,api-labview-furniture-remove-col,/labview/api/<int:org_pk>/<int:lab_pk>/^api_labview_furniture/(?P<pk>[^/.]+)/grid/col/remove\.(?P<format>[a-z0-9]+)/?$,laboratory.api.labview.viewsets.FurnitureManagement,.venv/lib/python3.13/site-packages/django/views/decorators/csrf.py:491,api,,org_pk|lab_pk|pk|format,0,0
laboratory,api-labview-furniture-remove-row,/labview/api/<int:org_pk>/<int:lab_pk>/^api_labview_furniture/(?P<pk>[^/.]+)/grid/row/remove/$,laboratory.api.labview.viewsets.FurnitureManagement,.venv/lib/python3.13/site-packages/django/views/decorators/csrf.py:491,api,,org_pk|lab_pk|pk,0,0
laboratory,api-labview-furniture-remove-row,/labview/api/<int:org_pk>/<int:lab_pk>/^api_labview_furniture/(?P<pk>[^/.]+)/grid/row/remove\.(?P<format>[a-z0-9]+)/?$,laboratory.api.labview.viewsets.FurnitureManagement,.venv/lib/python3.13/site-packages/django/views/decorators/csrf.py:491,api,,org_pk|lab_pk|pk|format,0,0
laboratory,api-labview-shelf-list,/labview/api/<int:org_pk>/<int:lab_pk>/^api_labview_shelf/$,laboratory.api.labview.viewsets.ShelfManagement,.venv/lib/python3.13/site-packages/django/views/decorators/csrf.py:491,api,,org_pk|lab_pk,0,0
laboratory,api-labview-shelf-list,/labview/api/<int:org_pk>/<int:lab_pk>/^api_labview_shelf\.(?P<format>[a-z0-9]+)/?$,laboratory.api.labview.viewsets.ShelfManagement,.venv/lib/python3.13/site-packages/django/views/decorators/csrf.py:491,api,,org_pk|lab_pk|format,0,0
laboratory,api-labview-shelf-detail-template,/labview/api/<int:org_pk>/<int:lab_pk>/^api_labview_shelf/detail_template/$,laboratory.api.labview.viewsets.ShelfManagement,.venv/lib/python3.13/site-packages/django/views/decorators/csrf.py:491,api,,org_pk|lab_pk,0,0
laboratory,api-labview-shelf-detail-template,/labview/api/<int:org_pk>/<int:lab_pk>/^api_labview_shelf/detail_template\.(?P<format>[a-z0-9]+)/?$,laboratory.api.labview.viewsets.ShelfManagement,.venv/lib/python3.13/site-packages/django/views/decorators/csrf.py:491,api,,org_pk|lab_pk|format,0,0
laboratory,api-labview-shelf-detail,/labview/api/<int:org_pk>/<int:lab_pk>/^api_labview_shelf/(?P<pk>[^/.]+)/$,laboratory.api.labview.viewsets.ShelfManagement,.venv/lib/python3.13/site-packages/django/views/decorators/csrf.py:491,api,,org_pk|lab_pk|pk,0,0
laboratory,api-labview-shelf-detail,/labview/api/<int:org_pk>/<int:lab_pk>/^api_labview_shelf/(?P<pk>[^/.]+)\.(?P<format>[a-z0-9]+)/?$,laboratory.api.labview.viewsets.ShelfManagement,.venv/lib/python3.13/site-packages/django/views/decorators/csrf.py:491,api,,org_pk|lab_pk|pk|format,0,0
laboratory,api-labview-shelf-availability,/labview/api/<int:org_pk>/<int:lab_pk>/^api_labview_shelf/(?P<pk>[^/.]+)/availability/$,laboratory.api.labview.viewsets.ShelfManagement,.venv/lib/python3.13/site-packages/django/views/decorators/csrf.py:491,api,,org_pk|lab_pk|pk,0,1
laboratory,api-labview-shelf-availability,/labview/api/<int:org_pk>/<int:lab_pk>/^api_labview_shelf/(?P<pk>[^/.]+)/availability\.(?P<format>[a-z0-9]+)/?$,laboratory.api.labview.viewsets.ShelfManagement,.venv/lib/python3.13/site-packages/django/views/decorators/csrf.py:491,api,,org_pk|lab_pk|pk|format,0,1
laboratory,api-labview-shelf-get-values-for-update,/labview/api/<int:org_pk>/<int:lab_pk>/^api_labview_shelf/(?P<pk>[^/.]+)/get_values_for_update/$,laboratory.api.labview.viewsets.ShelfManagement,.venv/lib/python3.13/site-packages/django/views/decorators/csrf.py:491,api,,org_pk|lab_pk|pk,0,0
laboratory,api-labview-shelf-get-values-for-update,/labview/api/<int:org_pk>/<int:lab_pk>/^api_labview_shelf/(?P<pk>[^/.]+)/get_values_for_update\.(?P<format>[a-z0-9]+)/?$,laboratory.api.labview.viewsets.ShelfManagement,.venv/lib/python3.13/site-packages/django/views/decorators/csrf.py:491,api,,org_pk|lab_pk|pk|format,0,0
laboratory,api-labview-shelf-move,/labview/api/<int:org_pk>/<int:lab_pk>/^api_labview_shelf/(?P<pk>[^/.]+)/move/$,laboratory.api.labview.viewsets.ShelfManagement,.venv/lib/python3.13/site-packages/django/views/decorators/csrf.py:491,api,,org_pk|lab_pk|pk,0,0
laboratory,api-labview-shelf-move,/labview/api/<int:org_pk>/<int:lab_pk>/^api_labview_shelf/(?P<pk>[^/.]+)/move\.(?P<format>[a-z0-9]+)/?$,laboratory.api.labview.viewsets.ShelfManagement,.venv/lib/python3.13/site-packages/django/views/decorators/csrf.py:491,api,,org_pk|lab_pk|pk|format,0,0
laboratory,api-labview-tree-list,/labview/api/<int:org_pk>/<int:lab_pk>/^api_labview_tree/$,laboratory.api.labview.viewsets.LabviewTreeViewSet,.venv/lib/python3.13/site-packages/django/views/decorators/csrf.py:491,api,,org_pk|lab_pk,0,1
laboratory,api-labview-tree-list,/labview/api/<int:org_pk>/<int:lab_pk>/^api_labview_tree\.(?P<format>[a-z0-9]+)/?$,laboratory.api.labview.viewsets.LabviewTreeViewSet,.venv/lib/python3.13/site-packages/django/views/decorators/csrf.py:491,api,,org_pk|lab_pk|format,0,1
laboratory,api-labview-shelfobjecttable-list,/labview/api/<int:org_pk>/<int:lab_pk>/^api_labview_shelfobject_table/$,laboratory.api.labview.viewsets.LabviewShelfObjectTableViewSet,.venv/lib/python3.13/site-packages/django/views/decorators/csrf.py:491,api,,org_pk|lab_pk,0,1
laboratory,api-labview-shelfobjecttable-list,/labview/api/<int:org_pk>/<int:lab_pk>/^api_labview_shelfobject_table\.(?P<format>[a-z0-9]+)/?$,laboratory.api.labview.viewsets.LabviewShelfObjectTableViewSet,.venv/lib/python3.13/site-packages/django/views/decorators/csrf.py:491,api,,org_pk|lab_pk|format,0,1
laboratory,api-root,/labview/api/<int:org_pk>/<int:lab_pk>/,rest_framework.routers.APIRootView,.venv/lib/python3.13/site-packages/django/views/decorators/csrf.py:97,api,,org_pk|lab_pk,0,0
laboratory,api-root,/labview/api/<int:org_pk>/<int:lab_pk>/<drf_format_suffix:format>,rest_framework.routers.APIRootView,.venv/lib/python3.13/site-packages/django/views/decorators/csrf.py:97,api,,org_pk|lab_pk|format,0,0
laboratory,api-container-in-shelf-list,/so/api/<int:org_pk>/<int:lab_pk>/<int:shelf>/^api_container_list/$,laboratory.shelfobject_container.viewsets.ContainerManagementViewset,.venv/lib/python3.13/site-packages/django/views/decorators/csrf.py:491,api,,org_pk|lab_pk|shelf,0,0
laboratory,api-container-in-shelf-list,/so/api/<int:org_pk>/<int:lab_pk>/<int:shelf>/^api_container_list\.(?P<format>[a-z0-9]+)/?$,laboratory.shelfobject_container.viewsets.ContainerManagementViewset,.venv/lib/python3.13/site-packages/django/views/decorators/csrf.py:491,api,,org_pk|lab_pk|shelf|format,0,0
laboratory,api-container-in-shelf-detail-template,/so/api/<int:org_pk>/<int:lab_pk>/<int:shelf>/^api_container_list/detail_template/$,laboratory.shelfobject_container.viewsets.ContainerManagementViewset,.venv/lib/python3.13/site-packages/django/views/decorators/csrf.py:491,api,,org_pk|lab_pk|shelf,0,0
laboratory,api-container-in-shelf-detail-template,/so/api/<int:org_pk>/<int:lab_pk>/<int:shelf>/^api_container_list/detail_template\.(?P<format>[a-z0-9]+)/?$,laboratory.shelfobject_container.viewsets.ContainerManagementViewset,.venv/lib/python3.13/site-packages/django/views/decorators/csrf.py:491,api,,org_pk|lab_pk|shelf|format,0,0
laboratory,api-container-in-shelf-detail,/so/api/<int:org_pk>/<int:lab_pk>/<int:shelf>/^api_container_list/(?P<pk>[^/.]+)/$,laboratory.shelfobject_container.viewsets.ContainerManagementViewset,.venv/lib/python3.13/site-packages/django/views/decorators/csrf.py:491,api,,org_pk|lab_pk|shelf|pk,0,0
laboratory,api-container-in-shelf-detail,/so/api/<int:org_pk>/<int:lab_pk>/<int:shelf>/^api_container_list/(?P<pk>[^/.]+)\.(?P<format>[a-z0-9]+)/?$,laboratory.shelfobject_container.viewsets.ContainerManagementViewset,.venv/lib/python3.13/site-packages/django/views/decorators/csrf.py:491,api,,org_pk|lab_pk|shelf|pk|format,0,0
laboratory,api-container-in-shelf-get-values-for-update,/so/api/<int:org_pk>/<int:lab_pk>/<int:shelf>/^api_container_list/(?P<pk>[^/.]+)/get_values_for_update/$,laboratory.shelfobject_container.viewsets.ContainerManagementViewset,.venv/lib/python3.13/site-packages/django/views/decorators/csrf.py:491,api,,org_pk|lab_pk|shelf|pk,0,0
laboratory,api-container-in-shelf-get-values-for-update,/so/api/<int:org_pk>/<int:lab_pk>/<int:shelf>/^api_container_list/(?P<pk>[^/.]+)/get_values_for_update\.(?P<format>[a-z0-9]+)/?$,laboratory.shelfobject_container.viewsets.ContainerManagementViewset,.venv/lib/python3.13/site-packages/django/views/decorators/csrf.py:491,api,,org_pk|lab_pk|shelf|pk|format,0,0
laboratory,api-root,/so/api/<int:org_pk>/<int:lab_pk>/<int:shelf>/,rest_framework.routers.APIRootView,.venv/lib/python3.13/site-packages/django/views/decorators/csrf.py:97,api,,org_pk|lab_pk|shelf,0,0
laboratory,api-root,/so/api/<int:org_pk>/<int:lab_pk>/<int:shelf>/<drf_format_suffix:format>,rest_framework.routers.APIRootView,.venv/lib/python3.13/site-packages/django/views/decorators/csrf.py:97,api,,org_pk|lab_pk|shelf|format,0,0
laboratory,api_shelfobject,/org/<int:org_pk>/api/shelfobject/,laboratory.api.views.ShelfObjectAPI,.venv/lib/python3.13/site-packages/django/views/decorators/csrf.py:97,api,,org_pk,0,0
laboratory,api_shelfobject_graphic,/org/api/shelfobject/graphic,laboratory.api.views.ShelfObjectGraphicAPI,.venv/lib/python3.13/site-packages/django/views/decorators/csrf.py:97,api,,,0,0
laboratory,get_shelfs_list,/org/api/shels/list,laboratory.api.views.ShelfList,.venv/lib/python3.13/site-packages/django/views/decorators/csrf.py:491,api,,,0,0
laboratory,api-labororgrequest-list,/<int:org_pk>/requests/api/my/^api_requests/$,laboratory.api.views.LabOrOrgRequestViewSet,.venv/lib/python3.13/site-packages/django/views/decorators/csrf.py:491,api,,org_pk,0,0
laboratory,api-labororgrequest-list,/<int:org_pk>/requests/api/my/^api_requests\.(?P<format>[a-z0-9]+)/?$,laboratory.api.views.LabOrOrgRequestViewSet,.venv/lib/python3.13/site-packages/django/views/decorators/csrf.py:491,api,,org_pk|format,0,0
laboratory,api-labororgrequest-detail-template,/<int:org_pk>/requests/api/my/^api_requests/detail_template/$,laboratory.api.views.LabOrOrgRequestViewSet,.venv/lib/python3.13/site-packages/django/views/decorators/csrf.py:491,api,,org_pk,0,0
laboratory,api-labororgrequest-detail-template,/<int:org_pk>/requests/api/my/^api_requests/detail_template\.(?P<format>[a-z0-9]+)/?$,laboratory.api.views.LabOrOrgRequestViewSet,.venv/lib/python3.13/site-packages/django/views/decorators/csrf.py:491,api,,org_pk|format,0,0
laboratory,api-labororgrequest-detail,/<int:org_pk>/requests/api/my/^api_requests/(?P<pk>[^/.]+)/$,laboratory.api.views.LabOrOrgRequestViewSet,.venv/lib/python3.13/site-packages/django/views/decorators/csrf.py:491,api,,org_pk|pk,0,0
laboratory,api-labororgrequest-detail,/<int:org_pk>/requests/api/my/^api_requests/(?P<pk>[^/.]+)\.(?P<format>[a-z0-9]+)/?$,laboratory.api.views.LabOrOrgRequestViewSet,.venv/lib/python3.13/site-packages/django/views/decorators/csrf.py:491,api,,org_pk|pk|format,0,0
laboratory,api-labororgrequest-get-values-for-update,/<int:org_pk>/requests/api/my/^api_requests/(?P<pk>[^/.]+)/get_values_for_update/$,laboratory.api.views.LabOrOrgRequestViewSet,.venv/lib/python3.13/site-packages/django/views/decorators/csrf.py:491,api,,org_pk|pk,0,0
laboratory,api-labororgrequest-get-values-for-update,/<int:org_pk>/requests/api/my/^api_requests/(?P<pk>[^/.]+)/get_values_for_update\.(?P<format>[a-z0-9]+)/?$,laboratory.api.views.LabOrOrgRequestViewSet,.venv/lib/python3.13/site-packages/django/views/decorators/csrf.py:491,api,,org_pk|pk|format,0,0
laboratory,api-root,/<int:org_pk>/requests/api/my/,rest_framework.routers.APIRootView,.venv/lib/python3.13/site-packages/django/views/decorators/csrf.py:97,api,,org_pk,0,0
laboratory,api-root,/<int:org_pk>/requests/api/my/<drf_format_suffix:format>,rest_framework.routers.APIRootView,.venv/lib/python3.13/site-packages/django/views/decorators/csrf.py:97,api,,org_pk|format,0,0
laboratory,lab_or_org_request_list,/<int:org_pk>/requests/my/,laboratory.views.lab_or_org_request.lab_or_org_request_view,.venv/lib/python3.13/site-packages/django/contrib/auth/decorators.py:9,pagina,laboratory/lab_or_org_request/list.html,org_pk,0,0
laboratory,api-labororgrequest-review-list,/<int:org_pk>/requests/api/review/^api_review/$,laboratory.api.views.LabOrOrgRequestReviewViewSet,.venv/lib/python3.13/site-packages/django/views/decorators/csrf.py:491,api,,org_pk,0,0
laboratory,api-labororgrequest-review-list,/<int:org_pk>/requests/api/review/^api_review\.(?P<format>[a-z0-9]+)/?$,laboratory.api.views.LabOrOrgRequestReviewViewSet,.venv/lib/python3.13/site-packages/django/views/decorators/csrf.py:491,api,,org_pk|format,0,0
laboratory,api-labororgrequest-review-detail-template,/<int:org_pk>/requests/api/review/^api_review/detail_template/$,laboratory.api.views.LabOrOrgRequestReviewViewSet,.venv/lib/python3.13/site-packages/django/views/decorators/csrf.py:491,api,,org_pk,0,0
laboratory,api-labororgrequest-review-detail-template,/<int:org_pk>/requests/api/review/^api_review/detail_template\.(?P<format>[a-z0-9]+)/?$,laboratory.api.views.LabOrOrgRequestReviewViewSet,.venv/lib/python3.13/site-packages/django/views/decorators/csrf.py:491,api,,org_pk|format,0,0
laboratory,api-labororgrequest-review-detail,/<int:org_pk>/requests/api/review/^api_review/(?P<pk>[^/.]+)/$,laboratory.api.views.LabOrOrgRequestReviewViewSet,.venv/lib/python3.13/site-packages/django/views/decorators/csrf.py:491,api,,org_pk|pk,0,0
laboratory,api-labororgrequest-review-detail,/<int:org_pk>/requests/api/review/^api_review/(?P<pk>[^/.]+)\.(?P<format>[a-z0-9]+)/?$,laboratory.api.views.LabOrOrgRequestReviewViewSet,.venv/lib/python3.13/site-packages/django/views/decorators/csrf.py:491,api,,org_pk|pk|format,0,0
laboratory,api-labororgrequest-review-approve,/<int:org_pk>/requests/api/review/^api_review/(?P<pk>[^/.]+)/approve/$,laboratory.api.views.LabOrOrgRequestReviewViewSet,.venv/lib/python3.13/site-packages/django/views/decorators/csrf.py:491,api,,org_pk|pk,0,0
laboratory,api-labororgrequest-review-approve,/<int:org_pk>/requests/api/review/^api_review/(?P<pk>[^/.]+)/approve\.(?P<format>[a-z0-9]+)/?$,laboratory.api.views.LabOrOrgRequestReviewViewSet,.venv/lib/python3.13/site-packages/django/views/decorators/csrf.py:491,api,,org_pk|pk|format,0,0
laboratory,api-labororgrequest-review-get-values-for-update,/<int:org_pk>/requests/api/review/^api_review/(?P<pk>[^/.]+)/get_values_for_update/$,laboratory.api.views.LabOrOrgRequestReviewViewSet,.venv/lib/python3.13/site-packages/django/views/decorators/csrf.py:491,api,,org_pk|pk,0,0
laboratory,api-labororgrequest-review-get-values-for-update,/<int:org_pk>/requests/api/review/^api_review/(?P<pk>[^/.]+)/get_values_for_update\.(?P<format>[a-z0-9]+)/?$,laboratory.api.views.LabOrOrgRequestReviewViewSet,.venv/lib/python3.13/site-packages/django/views/decorators/csrf.py:491,api,,org_pk|pk|format,0,0
laboratory,api-labororgrequest-review-reject,/<int:org_pk>/requests/api/review/^api_review/(?P<pk>[^/.]+)/reject/$,laboratory.api.views.LabOrOrgRequestReviewViewSet,.venv/lib/python3.13/site-packages/django/views/decorators/csrf.py:491,api,,org_pk|pk,0,0
laboratory,api-labororgrequest-review-reject,/<int:org_pk>/requests/api/review/^api_review/(?P<pk>[^/.]+)/reject\.(?P<format>[a-z0-9]+)/?$,laboratory.api.views.LabOrOrgRequestReviewViewSet,.venv/lib/python3.13/site-packages/django/views/decorators/csrf.py:491,api,,org_pk|pk|format,0,0
laboratory,api-root,/<int:org_pk>/requests/api/review/,rest_framework.routers.APIRootView,.venv/lib/python3.13/site-packages/django/views/decorators/csrf.py:97,api,,org_pk,0,0
laboratory,api-root,/<int:org_pk>/requests/api/review/<drf_format_suffix:format>,rest_framework.routers.APIRootView,.venv/lib/python3.13/site-packages/django/views/decorators/csrf.py:97,api,,org_pk|format,0,0
laboratory,lab_or_org_request_review,/<int:org_pk>/requests/review/,laboratory.views.lab_or_org_request.lab_or_org_request_review_view,.venv/lib/python3.13/site-packages/django/contrib/auth/decorators.py:33,pagina,laboratory/lab_or_org_request/review.html,org_pk,0,0
laboratory,sds_coverage_svg,/<int:org_pk>/reports/sds-coverage.svg,laboratory.views.reports.sds_coverage_svg,.venv/lib/python3.13/site-packages/django/contrib/auth/decorators.py:240,descarga,,org_pk,0,0
laboratory,h_code_reports,/<int:org_pk>/reports/hcode,laboratory.views.laboratory.HCodeReports,.venv/lib/python3.13/site-packages/django/views/generic/base.py:134,pagina,laboratory/h_code_report.html,org_pk,0,1
laboratory,download_h_code_reports,/<int:org_pk>/reports/download/hcode,laboratory.views.reports.report_h_code,.venv/lib/python3.13/site-packages/django/contrib/auth/decorators.py:77,descarga,pdf/hcode_pdf.html,org_pk,0,1
laboratory,organizationreactivepresence,/<int:org_pk>/organizationreactivepresence/,laboratory.views.reports.OrganizationReactivePresenceList,.venv/lib/python3.13/site-packages/django/views/generic/base.py:134,pagina,report/base_report_form_view.html,org_pk,0,1
laboratory,chemicalinventory,/<int:org_pk>/chemicalinventory/,laboratory.views.reports.ChemicalInventoryReport,.venv/lib/python3.13/site-packages/django/views/generic/base.py:134,pagina,report/base_report_form_view.html,org_pk,0,0
laboratory,add_furniture_type_catalog,/catalogs/furniture/furniture_type,laboratory.views.furniture.add_catalog,.venv/lib/python3.13/site-packages/django/contrib/auth/decorators.py:215,json,,,0,1
laboratory,add_shelf_type_catalog,/catalogs/shelf/container_type,laboratory.views.furniture.add_catalog,.venv/lib/python3.13/site-packages/django/contrib/auth/decorators.py:215,json,,,0,1
laboratory,add_shelfobject_status,/catalogs/shelf/shelfobject_status,laboratory.views.furniture.add_catalog,.venv/lib/python3.13/site-packages/django/contrib/auth/decorators.py:215,json,,,0,0
laboratory,add_structure_type_catalog,/catalogs/add/structure/type/,laboratory.views.furniture.add_catalog,.venv/lib/python3.13/site-packages/django/contrib/auth/decorators.py:215,json,,,0,0
laboratory,add_workplace_type_catalog,/catalogs/workplace/type/<str:key>,laboratory.views.furniture.add_catalog,.venv/lib/python3.13/site-packages/django/contrib/auth/decorators.py:215,json,,key,0,0
laboratory,api-inform-list,/inform/api/<int:org_pk>/^api_inform/$,laboratory.api.views.CommentAPI,.venv/lib/python3.13/site-packages/django/views/decorators/csrf.py:491,api,,org_pk,0,1
laboratory,api-inform-list,/inform/api/<int:org_pk>/^api_inform\.(?P<format>[a-z0-9]+)/?$,laboratory.api.views.CommentAPI,.venv/lib/python3.13/site-packages/django/views/decorators/csrf.py:491,api,,org_pk|format,0,1
laboratory,api-inform-detail,/inform/api/<int:org_pk>/^api_inform/(?P<pk>[^/.]+)/$,laboratory.api.views.CommentAPI,.venv/lib/python3.13/site-packages/django/views/decorators/csrf.py:491,api,,org_pk|pk,0,1
laboratory,api-inform-detail,/inform/api/<int:org_pk>/^api_inform/(?P<pk>[^/.]+)\.(?P<format>[a-z0-9]+)/?$,laboratory.api.views.CommentAPI,.venv/lib/python3.13/site-packages/django/views/decorators/csrf.py:491,api,,org_pk|pk|format,0,1
laboratory,api-root,/inform/api/<int:org_pk>/,rest_framework.routers.APIRootView,.venv/lib/python3.13/site-packages/django/views/decorators/csrf.py:97,api,,org_pk,0,0
laboratory,api-root,/inform/api/<int:org_pk>/<drf_format_suffix:format>,rest_framework.routers.APIRootView,.venv/lib/python3.13/site-packages/django/views/decorators/csrf.py:97,api,,org_pk|format,0,0
laboratory,api-protocol-list,/inform/api/^api_protocol/$,laboratory.api.views.ProtocolViewSet,.venv/lib/python3.13/site-packages/django/views/decorators/csrf.py:491,api,,,0,1
laboratory,api-protocol-list,/inform/api/^api_protocol\.(?P<format>[a-z0-9]+)/?$,laboratory.api.views.ProtocolViewSet,.venv/lib/python3.13/site-packages/django/views/decorators/csrf.py:491,api,,format,0,1
laboratory,api-logentry-list,/inform/api/^api_logentry/$,laboratory.api.views.LogEntryViewSet,.venv/lib/python3.13/site-packages/django/views/decorators/csrf.py:491,api,,,0,1
laboratory,api-logentry-list,/inform/api/^api_logentry\.(?P<format>[a-z0-9]+)/?$,laboratory.api.views.LogEntryViewSet,.venv/lib/python3.13/site-packages/django/views/decorators/csrf.py:491,api,,format,0,1
laboratory,api-logentry-detail-template,/inform/api/^api_logentry/detail_template/$,laboratory.api.views.LogEntryViewSet,.venv/lib/python3.13/site-packages/django/views/decorators/csrf.py:491,api,,,0,0
laboratory,api-logentry-detail-template,/inform/api/^api_logentry/detail_template\.(?P<format>[a-z0-9]+)/?$,laboratory.api.views.LogEntryViewSet,.venv/lib/python3.13/site-packages/django/views/decorators/csrf.py:491,api,,format,0,0
laboratory,api-logentry-detail,/inform/api/^api_logentry/(?P<pk>[^/.]+)/$,laboratory.api.views.LogEntryViewSet,.venv/lib/python3.13/site-packages/django/views/decorators/csrf.py:491,api,,pk,0,0
laboratory,api-logentry-detail,/inform/api/^api_logentry/(?P<pk>[^/.]+)\.(?P<format>[a-z0-9]+)/?$,laboratory.api.views.LogEntryViewSet,.venv/lib/python3.13/site-packages/django/views/decorators/csrf.py:491,api,,pk|format,0,0
laboratory,api-logentry-get-values-for-update,/inform/api/^api_logentry/(?P<pk>[^/.]+)/get_values_for_update/$,laboratory.api.views.LogEntryViewSet,.venv/lib/python3.13/site-packages/django/views/decorators/csrf.py:491,api,,pk,0,0
laboratory,api-logentry-get-values-for-update,/inform/api/^api_logentry/(?P<pk>[^/.]+)/get_values_for_update\.(?P<format>[a-z0-9]+)/?$,laboratory.api.views.LogEntryViewSet,.venv/lib/python3.13/site-packages/django/views/decorators/csrf.py:491,api,,pk|format,0,0
laboratory,api-informs-detail,/inform/api/^api_informs/(?P<pk>[^/.]+)/$,laboratory.api.views.InformViewSet,.venv/lib/python3.13/site-packages/django/views/decorators/csrf.py:491,api,,pk,0,1
laboratory,api-informs-detail,/inform/api/^api_informs/(?P<pk>[^/.]+)\.(?P<format>[a-z0-9]+)/?$,laboratory.api.views.InformViewSet,.venv/lib/python3.13/site-packages/django/views/decorators/csrf.py:491,api,,pk|format,0,1
laboratory,api-root,/inform/api/,rest_framework.routers.APIRootView,.venv/lib/python3.13/site-packages/django/views/decorators/csrf.py:97,api,,,0,0
laboratory,api-root,/inform/api/<drf_format_suffix:format>,rest_framework.routers.APIRootView,.venv/lib/python3.13/site-packages/django/views/decorators/csrf.py:97,api,,format,0,0
laboratory,api-trash-list,/trash/api/<int:org_pk>/^api_trash/$,laboratory.api.views.OrganizationTrashViewSet,.venv/lib/python3.13/site-packages/django/views/decorators/csrf.py:491,api,,org_pk,0,1
laboratory,api-trash-list,/trash/api/<int:org_pk>/^api_trash\.(?P<format>[a-z0-9]+)/?$,laboratory.api.views.OrganizationTrashViewSet,.venv/lib/python3.13/site-packages/django/views/decorators/csrf.py:491,api,,org_pk|format,0,1
laboratory,api-trash-detail-template,/trash/api/<int:org_pk>/^api_trash/detail_template/$,laboratory.api.views.OrganizationTrashViewSet,.venv/lib/python3.13/site-packages/django/views/decorators/csrf.py:491,api,,org_pk,0,0
laboratory,api-trash-detail-template,/trash/api/<int:org_pk>/^api_trash/detail_template\.(?P<format>[a-z0-9]+)/?$,laboratory.api.views.OrganizationTrashViewSet,.venv/lib/python3.13/site-packages/django/views/decorators/csrf.py:491,api,,org_pk|format,0,0
laboratory,api-trash-detail,/trash/api/<int:org_pk>/^api_trash/(?P<pk>[^/.]+)/$,laboratory.api.views.OrganizationTrashViewSet,.venv/lib/python3.13/site-packages/django/views/decorators/csrf.py:491,api,,org_pk|pk,0,1
laboratory,api-trash-detail,/trash/api/<int:org_pk>/^api_trash/(?P<pk>[^/.]+)\.(?P<format>[a-z0-9]+)/?$,laboratory.api.views.OrganizationTrashViewSet,.venv/lib/python3.13/site-packages/django/views/decorators/csrf.py:491,api,,org_pk|pk|format,0,1
laboratory,api-trash-get-values-for-update,/trash/api/<int:org_pk>/^api_trash/(?P<pk>[^/.]+)/get_values_for_update/$,laboratory.api.views.OrganizationTrashViewSet,.venv/lib/python3.13/site-packages/django/views/decorators/csrf.py:491,api,,org_pk|pk,0,0
laboratory,api-trash-get-values-for-update,/trash/api/<int:org_pk>/^api_trash/(?P<pk>[^/.]+)/get_values_for_update\.(?P<format>[a-z0-9]+)/?$,laboratory.api.views.OrganizationTrashViewSet,.venv/lib/python3.13/site-packages/django/views/decorators/csrf.py:491,api,,org_pk|pk|format,0,0
laboratory,api-trash-restore,/trash/api/<int:org_pk>/^api_trash/(?P<pk>[^/.]+)/restore/$,laboratory.api.views.OrganizationTrashViewSet,.venv/lib/python3.13/site-packages/django/views/decorators/csrf.py:491,api,,org_pk|pk,0,1
laboratory,api-trash-restore,/trash/api/<int:org_pk>/^api_trash/(?P<pk>[^/.]+)/restore\.(?P<format>[a-z0-9]+)/?$,laboratory.api.views.OrganizationTrashViewSet,.venv/lib/python3.13/site-packages/django/views/decorators/csrf.py:491,api,,org_pk|pk|format,0,1
laboratory,api-root,/trash/api/<int:org_pk>/,rest_framework.routers.APIRootView,.venv/lib/python3.13/site-packages/django/views/decorators/csrf.py:97,api,,org_pk,0,0
laboratory,api-root,/trash/api/<int:org_pk>/<drf_format_suffix:format>,rest_framework.routers.APIRootView,.venv/lib/python3.13/site-packages/django/views/decorators/csrf.py:97,api,,org_pk|format,0,0
laboratory,api-registeruserqr-list,/register_user_qr/<int:org_pk>/<int:lab_pk>/api/^api_registeruserqr/$,laboratory.api.views.RegisterUserQRViewSet,.venv/lib/python3.13/site-packages/django/views/decorators/csrf.py:491,api,,org_pk|lab_pk,0,1
laboratory,api-registeruserqr-list,/register_user_qr/<int:org_pk>/<int:lab_pk>/api/^api_registeruserqr\.(?P<format>[a-z0-9]+)/?$,laboratory.api.views.RegisterUserQRViewSet,.venv/lib/python3.13/site-packages/django/views/decorators/csrf.py:491,api,,org_pk|lab_pk|format,0,1
laboratory,api-registeruserqr-detail-template,/register_user_qr/<int:org_pk>/<int:lab_pk>/api/^api_registeruserqr/detail_template/$,laboratory.api.views.RegisterUserQRViewSet,.venv/lib/python3.13/site-packages/django/views/decorators/csrf.py:491,api,,org_pk|lab_pk,0,0
laboratory,api-registeruserqr-detail-template,/register_user_qr/<int:org_pk>/<int:lab_pk>/api/^api_registeruserqr/detail_template\.(?P<format>[a-z0-9]+)/?$,laboratory.api.views.RegisterUserQRViewSet,.venv/lib/python3.13/site-packages/django/views/decorators/csrf.py:491,api,,org_pk|lab_pk|format,0,0
laboratory,api-registeruserqr-detail,/register_user_qr/<int:org_pk>/<int:lab_pk>/api/^api_registeruserqr/(?P<pk>[^/.]+)/$,laboratory.api.views.RegisterUserQRViewSet,.venv/lib/python3.13/site-packages/django/views/decorators/csrf.py:491,api,,org_pk|lab_pk|pk,0,0
laboratory,api-registeruserqr-detail,/register_user_qr/<int:org_pk>/<int:lab_pk>/api/^api_registeruserqr/(?P<pk>[^/.]+)\.(?P<format>[a-z0-9]+)/?$,laboratory.api.views.RegisterUserQRViewSet,.venv/lib/python3.13/site-packages/django/views/decorators/csrf.py:491,api,,org_pk|lab_pk|pk|format,0,0
laboratory,api-registeruserqr-get-values-for-update,/register_user_qr/<int:org_pk>/<int:lab_pk>/api/^api_registeruserqr/(?P<pk>[^/.]+)/get_values_for_update/$,laboratory.api.views.RegisterUserQRViewSet,.venv/lib/python3.13/site-packages/django/views/decorators/csrf.py:491,api,,org_pk|lab_pk|pk,0,0
laboratory,api-registeruserqr-get-values-for-update,/register_user_qr/<int:org_pk>/<int:lab_pk>/api/^api_registeruserqr/(?P<pk>[^/.]+)/get_values_for_update\.(?P<format>[a-z0-9]+)/?$,laboratory.api.views.RegisterUserQRViewSet,.venv/lib/python3.13/site-packages/django/views/decorators/csrf.py:491,api,,org_pk|lab_pk|pk|format,0,0
laboratory,api-root,/register_user_qr/<int:org_pk>/<int:lab_pk>/api/,rest_framework.routers.APIRootView,.venv/lib/python3.13/site-packages/django/views/decorators/csrf.py:97,api,,org_pk|lab_pk,0,0
laboratory,api-root,/register_user_qr/<int:org_pk>/<int:lab_pk>/api/<drf_format_suffix:format>,rest_framework.routers.APIRootView,.venv/lib/python3.13/site-packages/django/views/decorators/csrf.py:97,api,,org_pk|lab_pk|format,0,0
laboratory,list_register_user_qr,/register_user_qr/<int:org_pk>/<int:lab_pk>/list/,laboratory.views.laboratory.RegisterUserQRList,.venv/lib/python3.13/site-packages/django/views/generic/base.py:134,pagina,laboratory/register_user_qr/register_user_qr_list.html,org_pk|lab_pk,1,1
laboratory,manage_register_user_qr,/register_user_qr/<int:org_pk>/<int:lab_pk>/manage/<int:pk>/,laboratory.views.laboratory.manage_register_qr,.venv/lib/python3.13/site-packages/django/contrib/auth/decorators.py:521,pagina,laboratory/register_user_qr/manage_register_qr.html,org_pk|lab_pk|pk,1,0
laboratory,delete_register_user_qr,/register_user_qr/<int:org_pk>/<int:lab_pk>/delete/<int:pk>/,laboratory.views.laboratory.RegisterUserQRDeleteView,.venv/lib/python3.13/site-packages/django/views/generic/base.py:134,pagina,laboratory/register_user_qr/confirm_delete.html,org_pk|lab_pk|pk,0,0
laboratory,download_register_user_qr,/register_user_qr/<int:org_pk>/<int:lab_pk>/download/<int:pk>/,laboratory.views.laboratory.get_pdf_register_user_qr,.venv/lib/python3.13/site-packages/django/contrib/auth/decorators.py:465,descarga,pdf/qr_pdf.html,org_pk|lab_pk|pk,0,0
laboratory,logentry_register_user_qr,/register_user_qr/<int:org_pk>/<int:lab_pk>/logentry/<int:pk>/,laboratory.views.laboratory.get_logentry_from_registeruserqr,src/laboratory/views/laboratory.py:648,pagina,laboratory/register_user_qr/logentry_list.html,org_pk|lab_pk|pk,0,0
laboratory,login_register_user_qr,/register_user_qr/<int:org_pk>/<int:lab_pk>/login/<int:pk>/,laboratory.views.laboratory.login_register_user_qr,src/laboratory/views/laboratory.py:661,pagina,laboratory/register_user_qr/login_register_user.html,org_pk|lab_pk|pk,0,0
laboratory,create_user_qr,/register_user_qr/<int:org_pk>/<int:lab_pk>/create_user_qr/<int:pk>,laboratory.views.laboratory.create_user_qr,src/laboratory/views/laboratory.py:811,pagina,laboratory/register_user_qr/login_register_user.html,org_pk|lab_pk|pk,0,0
laboratory,create_user_qr,/register_user_qr/<int:org_pk>/<int:lab_pk>/create_user_qr/<int:pk>/<int:user>,laboratory.views.laboratory.create_user_qr,src/laboratory/views/laboratory.py:811,pagina,laboratory/register_user_qr/login_register_user.html,org_pk|lab_pk|pk|user,0,0
laboratory,redirect_user_to_labindex,/register_user_qr/<int:org_pk>/<int:lab_pk>/redirect_user_to_labindex/<int:pk>/,laboratory.views.laboratory.redirect_user_to_labindex,src/laboratory/views/laboratory.py:803,accion,,org_pk|lab_pk|pk,0,0
laboratory,api-my-procedure-list,/spc/api/<int:org_pk>/<int:lab_pk>/^api_my_procedure/$,academic.api.views.ProcedureStepCommentAPI,.venv/lib/python3.13/site-packages/django/views/decorators/csrf.py:491,api,,org_pk|lab_pk,0,0
laboratory,api-my-procedure-list,/spc/api/<int:org_pk>/<int:lab_pk>/^api_my_procedure\.(?P<format>[a-z0-9]+)/?$,academic.api.views.ProcedureStepCommentAPI,.venv/lib/python3.13/site-packages/django/views/decorators/csrf.py:491,api,,org_pk|lab_pk|format,0,0
laboratory,api-my-procedure-add-comment,/spc/api/<int:org_pk>/<int:lab_pk>/^api_my_procedure/add_comment/$,academic.api.views.ProcedureStepCommentAPI,.venv/lib/python3.13/site-packages/django/views/decorators/csrf.py:491,api,,org_pk|lab_pk,0,1
laboratory,api-my-procedure-add-comment,/spc/api/<int:org_pk>/<int:lab_pk>/^api_my_procedure/add_comment\.(?P<format>[a-z0-9]+)/?$,academic.api.views.ProcedureStepCommentAPI,.venv/lib/python3.13/site-packages/django/views/decorators/csrf.py:491,api,,org_pk|lab_pk|format,0,1
laboratory,api-my-procedure-list-comments,/spc/api/<int:org_pk>/<int:lab_pk>/^api_my_procedure/list_comments/$,academic.api.views.ProcedureStepCommentAPI,.venv/lib/python3.13/site-packages/django/views/decorators/csrf.py:491,api,,org_pk|lab_pk,0,1
laboratory,api-my-procedure-list-comments,/spc/api/<int:org_pk>/<int:lab_pk>/^api_my_procedure/list_comments\.(?P<format>[a-z0-9]+)/?$,academic.api.views.ProcedureStepCommentAPI,.venv/lib/python3.13/site-packages/django/views/decorators/csrf.py:491,api,,org_pk|lab_pk|format,0,1
laboratory,api-my-procedure-detail,/spc/api/<int:org_pk>/<int:lab_pk>/^api_my_procedure/(?P<pk>[^/.]+)/$,academic.api.views.ProcedureStepCommentAPI,.venv/lib/python3.13/site-packages/django/views/decorators/csrf.py:491,api,,org_pk|lab_pk|pk,0,1
laboratory,api-my-procedure-detail,/spc/api/<int:org_pk>/<int:lab_pk>/^api_my_procedure/(?P<pk>[^/.]+)\.(?P<format>[a-z0-9]+)/?$,academic.api.views.ProcedureStepCommentAPI,.venv/lib/python3.13/site-packages/django/views/decorators/csrf.py:491,api,,org_pk|lab_pk|pk|format,0,1
laboratory,api-my-procedure-delete-comment,/spc/api/<int:org_pk>/<int:lab_pk>/^api_my_procedure/(?P<pk>[^/.]+)/delete_comment/$,academic.api.views.ProcedureStepCommentAPI,.venv/lib/python3.13/site-packages/django/views/decorators/csrf.py:491,api,,org_pk|lab_pk|pk,0,1
laboratory,api-my-procedure-delete-comment,/spc/api/<int:org_pk>/<int:lab_pk>/^api_my_procedure/(?P<pk>[^/.]+)/delete_comment\.(?P<format>[a-z0-9]+)/?$,academic.api.views.ProcedureStepCommentAPI,.venv/lib/python3.13/site-packages/django/views/decorators/csrf.py:491,api,,org_pk|lab_pk|pk|format,0,1
laboratory,api-my-procedure-update-comment,/spc/api/<int:org_pk>/<int:lab_pk>/^api_my_procedure/(?P<pk>[^/.]+)/update_comment/$,academic.api.views.ProcedureStepCommentAPI,.venv/lib/python3.13/site-packages/django/views/decorators/csrf.py:491,api,,org_pk|lab_pk|pk,0,1
laboratory,api-my-procedure-update-comment,/spc/api/<int:org_pk>/<int:lab_pk>/^api_my_procedure/(?P<pk>[^/.]+)/update_comment\.(?P<format>[a-z0-9]+)/?$,academic.api.views.ProcedureStepCommentAPI,.venv/lib/python3.13/site-packages/django/views/decorators/csrf.py:491,api,,org_pk|lab_pk|pk|format,0,1
laboratory,api-procedure-comments-list,/spc/api/<int:org_pk>/<int:lab_pk>/^api_procedure_comments/$,academic.api.views.ProcedureStepCommentTableView,.venv/lib/python3.13/site-packages/django/views/decorators/csrf.py:491,api,,org_pk|lab_pk,0,1
laboratory,api-procedure-comments-list,/spc/api/<int:org_pk>/<int:lab_pk>/^api_procedure_comments\.(?P<format>[a-z0-9]+)/?$,academic.api.views.ProcedureStepCommentTableView,.venv/lib/python3.13/site-packages/django/views/decorators/csrf.py:491,api,,org_pk|lab_pk|format,0,1
laboratory,api-root,/spc/api/<int:org_pk>/<int:lab_pk>/,rest_framework.routers.APIRootView,.venv/lib/python3.13/site-packages/django/views/decorators/csrf.py:97,api,,org_pk|lab_pk,0,0
laboratory,api-root,/spc/api/<int:org_pk>/<int:lab_pk>/<drf_format_suffix:format>,rest_framework.routers.APIRootView,.venv/lib/python3.13/site-packages/django/views/decorators/csrf.py:97,api,,org_pk|lab_pk|format,0,0
laboratory,api-warning-word-list,/sga_components/api/<int:org_pk>/^api_warning_word/$,sga.api.sga_components_viewsets.WarningWordAPI,.venv/lib/python3.13/site-packages/django/views/decorators/csrf.py:491,api,,org_pk,0,1
laboratory,api-warning-word-list,/sga_components/api/<int:org_pk>/^api_warning_word\.(?P<format>[a-z0-9]+)/?$,sga.api.sga_components_viewsets.WarningWordAPI,.venv/lib/python3.13/site-packages/django/views/decorators/csrf.py:491,api,,org_pk|format,0,1
laboratory,api-warning-word-detail,/sga_components/api/<int:org_pk>/^api_warning_word/(?P<pk>[^/.]+)/$,sga.api.sga_components_viewsets.WarningWordAPI,.venv/lib/python3.13/site-packages/django/views/decorators/csrf.py:491,api,,org_pk|pk,0,1
laboratory,api-warning-word-detail,/sga_components/api/<int:org_pk>/^api_warning_word/(?P<pk>[^/.]+)\.(?P<format>[a-z0-9]+)/?$,sga.api.sga_components_viewsets.WarningWordAPI,.venv/lib/python3.13/site-packages/django/views/decorators/csrf.py:491,api,,org_pk|pk|format,0,1
laboratory,api-warnings-table-list,/sga_components/api/<int:org_pk>/^api_warnings_table/$,sga.api.sga_components_viewsets.WarningWordTableView,.venv/lib/python3.13/site-packages/django/views/decorators/csrf.py:491,api,,org_pk,0,1
laboratory,api-warnings-table-list,/sga_components/api/<int:org_pk>/^api_warnings_table\.(?P<format>[a-z0-9]+)/?$,sga.api.sga_components_viewsets.WarningWordTableView,.venv/lib/python3.13/site-packages/django/views/decorators/csrf.py:491,api,,org_pk|format,0,1
laboratory,api-danger-indication-list,/sga_components/api/<int:org_pk>/^api_danger_indication/$,sga.api.sga_components_viewsets.DangerIndicationAPI,.venv/lib/python3.13/site-packages/django/views/decorators/csrf.py:491,api,,org_pk,0,1
laboratory,api-danger-indication-list,/sga_components/api/<int:org_pk>/^api_danger_indication\.(?P<format>[a-z0-9]+)/?$,sga.api.sga_components_viewsets.DangerIndicationAPI,.venv/lib/python3.13/site-packages/django/views/decorators/csrf.py:491,api,,org_pk|format,0,1
laboratory,api-danger-indication-detail,/sga_components/api/<int:org_pk>/^api_danger_indication/(?P<pk>[^/.]+)/$,sga.api.sga_components_viewsets.DangerIndicationAPI,.venv/lib/python3.13/site-packages/django/views/decorators/csrf.py:491,api,,org_pk|pk,0,1
laboratory,api-danger-indication-detail,/sga_components/api/<int:org_pk>/^api_danger_indication/(?P<pk>[^/.]+)\.(?P<format>[a-z0-9]+)/?$,sga.api.sga_components_viewsets.DangerIndicationAPI,.venv/lib/python3.13/site-packages/django/views/decorators/csrf.py:491,api,,org_pk|pk|format,0,1
laboratory,api-dangers-table-list,/sga_components/api/<int:org_pk>/^api_dangers_table/$,sga.api.sga_components_viewsets.DangerIndicationTableView,.venv/lib/python3.13/site-packages/django/views/decorators/csrf.py:491,api,,org_pk,0,1
laboratory,api-dangers-table-list,/sga_components/api/<int:org_pk>/^api_dangers_table\.(?P<format>[a-z0-9]+)/?$,sga.api.sga_components_viewsets.DangerIndicationTableView,.venv/lib/python3.13/site-packages/django/views/decorators/csrf.py:491,api,,org_pk|format,0,1
laboratory,api-prudence-advice-list,/sga_components/api/<int:org_pk>/^api_prudence_advice/$,sga.api.sga_components_viewsets.PrudenceAdviceAPI,.venv/lib/python3.13/site-packages/django/views/decorators/csrf.py:491,api,,org_pk,0,1
laboratory,api-prudence-advice-list,/sga_components/api/<int:org_pk>/^api_prudence_advice\.(?P<format>[a-z0-9]+)/?$,sga.api.sga_components_viewsets.PrudenceAdviceAPI,.venv/lib/python3.13/site-packages/django/views/decorators/csrf.py:491,api,,org_pk|format,0,1
laboratory,api-prudence-advice-detail,/sga_components/api/<int:org_pk>/^api_prudence_advice/(?P<pk>[^/.]+)/$,sga.api.sga_components_viewsets.PrudenceAdviceAPI,.venv/lib/python3.13/site-packages/django/views/decorators/csrf.py:491,api,,org_pk|pk,0,1
laboratory,api-prudence-advice-detail,/sga_components/api/<int:org_pk>/^api_prudence_advice/(?P<pk>[^/.]+)\.(?P<format>[a-z0-9]+)/?$,sga.api.sga_components_viewsets.PrudenceAdviceAPI,.venv/lib/python3.13/site-packages/django/views/decorators/csrf.py:491,api,,org_pk|pk|format,0,1
laboratory,api-advices-table-list,/sga_components/api/<int:org_pk>/^api_advices_table/$,sga.api.sga_components_viewsets.PrudenceAdviceTableView,.venv/lib/python3.13/site-packages/django/views/decorators/csrf.py:491,api,,org_pk,0,1
laboratory,api-advices-table-list,/sga_components/api/<int:org_pk>/^api_advices_table\.(?P<format>[a-z0-9]+)/?$,sga.api.sga_components_viewsets.PrudenceAdviceTableView,.venv/lib/python3.13/site-packages/django/views/decorators/csrf.py:491,api,,org_pk|format,0,1
laboratory,api-root,/sga_components/api/<int:org_pk>/,rest_framework.routers.APIRootView,.venv/lib/python3.13/site-packages/django/views/decorators/csrf.py:97,api,,org_pk,0,0
laboratory,api-root,/sga_components/api/<int:org_pk>/<drf_format_suffix:format>,rest_framework.routers.APIRootView,.venv/lib/python3.13/site-packages/django/views/decorators/csrf.py:97,api,,org_pk|format,0,0
laboratory,api-shelfobject-maintenance-list,/shelfobject/maintenance/api/<int:org_pk>/<int:lab_pk>/<int:shelfobject>/^api_shelfobject_maintenance_list/$,laboratory.api.shelfobject.ShelfObjectMaintanenceViewset,.venv/lib/python3.13/site-packages/django/views/decorators/csrf.py:491,api,,org_pk|lab_pk|shelfobject,0,0
laboratory,api-shelfobject-maintenance-list,/shelfobject/maintenance/api/<int:org_pk>/<int:lab_pk>/<int:shelfobject>/^api_shelfobject_maintenance_list\.(?P<format>[a-z0-9]+)/?$,laboratory.api.shelfobject.ShelfObjectMaintanenceViewset,.venv/lib/python3.13/site-packages/django/views/decorators/csrf.py:491,api,,org_pk|lab_pk|shelfobject|format,0,0
laboratory,api-shelfobject-maintenance-detail-template,/shelfobject/maintenance/api/<int:org_pk>/<int:lab_pk>/<int:shelfobject>/^api_shelfobject_maintenance_list/detail_template/$,laboratory.api.shelfobject.ShelfObjectMaintanenceViewset,.venv/lib/python3.13/site-packages/django/views/decorators/csrf.py:491,api,,org_pk|lab_pk|shelfobject,0,0
laboratory,api-shelfobject-maintenance-detail-template,/shelfobject/maintenance/api/<int:org_pk>/<int:lab_pk>/<int:shelfobject>/^api_shelfobject_maintenance_list/detail_template\.(?P<format>[a-z0-9]+)/?$,laboratory.api.shelfobject.ShelfObjectMaintanenceViewset,.venv/lib/python3.13/site-packages/django/views/decorators/csrf.py:491,api,,org_pk|lab_pk|shelfobject|format,0,0
laboratory,api-shelfobject-maintenance-detail,/shelfobject/maintenance/api/<int:org_pk>/<int:lab_pk>/<int:shelfobject>/^api_shelfobject_maintenance_list/(?P<pk>[^/.]+)/$,laboratory.api.shelfobject.ShelfObjectMaintanenceViewset,.venv/lib/python3.13/site-packages/django/views/decorators/csrf.py:491,api,,org_pk|lab_pk|shelfobject|pk,0,0
laboratory,api-shelfobject-maintenance-detail,/shelfobject/maintenance/api/<int:org_pk>/<int:lab_pk>/<int:shelfobject>/^api_shelfobject_maintenance_list/(?P<pk>[^/.]+)\.(?P<format>[a-z0-9]+)/?$,laboratory.api.shelfobject.ShelfObjectMaintanenceViewset,.venv/lib/python3.13/site-packages/django/views/decorators/csrf.py:491,api,,org_pk|lab_pk|shelfobject|pk|format,0,0
laboratory,api-shelfobject-maintenance-get-values-for-update,/shelfobject/maintenance/api/<int:org_pk>/<int:lab_pk>/<int:shelfobject>/^api_shelfobject_maintenance_list/(?P<pk>[^/.]+)/get_values_for_update/$,laboratory.api.shelfobject.ShelfObjectMaintanenceViewset,.venv/lib/python3.13/site-packages/django/views/decorators/csrf.py:491,api,,org_pk|lab_pk|shelfobject|pk,0,0
laboratory,api-shelfobject-maintenance-get-values-for-update,/shelfobject/maintenance/api/<int:org_pk>/<int:lab_pk>/<int:shelfobject>/^api_shelfobject_maintenance_list/(?P<pk>[^/.]+)/get_values_for_update\.(?P<format>[a-z0-9]+)/?$,laboratory.api.shelfobject.ShelfObjectMaintanenceViewset,.venv/lib/python3.13/site-packages/django/views/decorators/csrf.py:491,api,,org_pk|lab_pk|shelfobject|pk|format,0,0
laboratory,api-root,/shelfobject/maintenance/api/<int:org_pk>/<int:lab_pk>/<int:shelfobject>/,rest_framework.routers.APIRootView,.venv/lib/python3.13/site-packages/django/views/decorators/csrf.py:97,api,,org_pk|lab_pk|shelfobject,0,0
laboratory,api-root,/shelfobject/maintenance/api/<int:org_pk>/<int:lab_pk>/<int:shelfobject>/<drf_format_suffix:format>,rest_framework.routers.APIRootView,.venv/lib/python3.13/site-packages/django/views/decorators/csrf.py:97,api,,org_pk|lab_pk|shelfobject|format,0,0
laboratory,api-shelfobject-log-list,/shelfobject/log/api/<int:org_pk>/<int:lab_pk>/<int:shelfobject>/^api_shelfobject_log_list/$,laboratory.api.shelfobject.ShelfObjectLogViewset,.venv/lib/python3.13/site-packages/django/views/decorators/csrf.py:491,api,,org_pk|lab_pk|shelfobject,0,0
laboratory,api-shelfobject-log-list,/shelfobject/log/api/<int:org_pk>/<int:lab_pk>/<int:shelfobject>/^api_shelfobject_log_list\.(?P<format>[a-z0-9]+)/?$,laboratory.api.shelfobject.ShelfObjectLogViewset,.venv/lib/python3.13/site-packages/django/views/decorators/csrf.py:491,api,,org_pk|lab_pk|shelfobject|format,0,0
laboratory,api-shelfobject-log-detail-template,/shelfobject/log/api/<int:org_pk>/<int:lab_pk>/<int:shelfobject>/^api_shelfobject_log_list/detail_template/$,laboratory.api.shelfobject.ShelfObjectLogViewset,.venv/lib/python3.13/site-packages/django/views/decorators/csrf.py:491,api,,org_pk|lab_pk|shelfobject,0,0
laboratory,api-shelfobject-log-detail-template,/shelfobject/log/api/<int:org_pk>/<int:lab_pk>/<int:shelfobject>/^api_shelfobject_log_list/detail_template\.(?P<format>[a-z0-9]+)/?$,laboratory.api.shelfobject.ShelfObjectLogViewset,.venv/lib/python3.13/site-packages/django/views/decorators/csrf.py:491,api,,org_pk|lab_pk|shelfobject|format,0,0
laboratory,api-shelfobject-log-detail,/shelfobject/log/api/<int:org_pk>/<int:lab_pk>/<int:shelfobject>/^api_shelfobject_log_list/(?P<pk>[^/.]+)/$,laboratory.api.shelfobject.ShelfObjectLogViewset,.venv/lib/python3.13/site-packages/django/views/decorators/csrf.py:491,api,,org_pk|lab_pk|shelfobject|pk,0,0
laboratory,api-shelfobject-log-detail,/shelfobject/log/api/<int:org_pk>/<int:lab_pk>/<int:shelfobject>/^api_shelfobject_log_list/(?P<pk>[^/.]+)\.(?P<format>[a-z0-9]+)/?$,laboratory.api.shelfobject.ShelfObjectLogViewset,.venv/lib/python3.13/site-packages/django/views/decorators/csrf.py:491,api,,org_pk|lab_pk|shelfobject|pk|format,0,0
laboratory,api-shelfobject-log-get-values-for-update,/shelfobject/log/api/<int:org_pk>/<int:lab_pk>/<int:shelfobject>/^api_shelfobject_log_list/(?P<pk>[^/.]+)/get_values_for_update/$,laboratory.api.shelfobject.ShelfObjectLogViewset,.venv/lib/python3.13/site-packages/django/views/decorators/csrf.py:491,api,,org_pk|lab_pk|shelfobject|pk,0,0
laboratory,api-shelfobject-log-get-values-for-update,/shelfobject/log/api/<int:org_pk>/<int:lab_pk>/<int:shelfobject>/^api_shelfobject_log_list/(?P<pk>[^/.]+)/get_values_for_update\.(?P<format>[a-z0-9]+)/?$,laboratory.api.shelfobject.ShelfObjectLogViewset,.venv/lib/python3.13/site-packages/django/views/decorators/csrf.py:491,api,,org_pk|lab_pk|shelfobject|pk|format,0,0
laboratory,api-root,/shelfobject/log/api/<int:org_pk>/<int:lab_pk>/<int:shelfobject>/,rest_framework.routers.APIRootView,.venv/lib/python3.13/site-packages/django/views/decorators/csrf.py:97,api,,org_pk|lab_pk|shelfobject,0,0
laboratory,api-root,/shelfobject/log/api/<int:org_pk>/<int:lab_pk>/<int:shelfobject>/<drf_format_suffix:format>,rest_framework.routers.APIRootView,.venv/lib/python3.13/site-packages/django/views/decorators/csrf.py:97,api,,org_pk|lab_pk|shelfobject|format,0,0
laboratory,api-shelfobject-calibrate-list,/shelfobject/calibrate/api/<int:org_pk>/<int:lab_pk>/<int:shelfobject>/^api_shelfobject_calibrate/$,laboratory.api.shelfobject.ShelfObjectCalibrateViewset,.venv/lib/python3.13/site-packages/django/views/decorators/csrf.py:491,api,,org_pk|lab_pk|shelfobject,0,0
laboratory,api-shelfobject-calibrate-list,/shelfobject/calibrate/api/<int:org_pk>/<int:lab_pk>/<int:shelfobject>/^api_shelfobject_calibrate\.(?P<format>[a-z0-9]+)/?$,laboratory.api.shelfobject.ShelfObjectCalibrateViewset,.venv/lib/python3.13/site-packages/django/views/decorators/csrf.py:491,api,,org_pk|lab_pk|shelfobject|format,0,0
laboratory,api-shelfobject-calibrate-detail-template,/shelfobject/calibrate/api/<int:org_pk>/<int:lab_pk>/<int:shelfobject>/^api_shelfobject_calibrate/detail_template/$,laboratory.api.shelfobject.ShelfObjectCalibrateViewset,.venv/lib/python3.13/site-packages/django/views/decorators/csrf.py:491,api,,org_pk|lab_pk|shelfobject,0,0
laboratory,api-shelfobject-calibrate-detail-template,/shelfobject/calibrate/api/<int:org_pk>/<int:lab_pk>/<int:shelfobject>/^api_shelfobject_calibrate/detail_template\.(?P<format>[a-z0-9]+)/?$,laboratory.api.shelfobject.ShelfObjectCalibrateViewset,.venv/lib/python3.13/site-packages/django/views/decorators/csrf.py:491,api,,org_pk|lab_pk|shelfobject|format,0,0
laboratory,api-shelfobject-calibrate-detail,/shelfobject/calibrate/api/<int:org_pk>/<int:lab_pk>/<int:shelfobject>/^api_shelfobject_calibrate/(?P<pk>[^/.]+)/$,laboratory.api.shelfobject.ShelfObjectCalibrateViewset,.venv/lib/python3.13/site-packages/django/views/decorators/csrf.py:491,api,,org_pk|lab_pk|shelfobject|pk,0,0
laboratory,api-shelfobject-calibrate-detail,/shelfobject/calibrate/api/<int:org_pk>/<int:lab_pk>/<int:shelfobject>/^api_shelfobject_calibrate/(?P<pk>[^/.]+)\.(?P<format>[a-z0-9]+)/?$,laboratory.api.shelfobject.ShelfObjectCalibrateViewset,.venv/lib/python3.13/site-packages/django/views/decorators/csrf.py:491,api,,org_pk|lab_pk|shelfobject|pk|format,0,0
laboratory,api-shelfobject-calibrate-get-values-for-update,/shelfobject/calibrate/api/<int:org_pk>/<int:lab_pk>/<int:shelfobject>/^api_shelfobject_calibrate/(?P<pk>[^/.]+)/get_values_for_update/$,laboratory.api.shelfobject.ShelfObjectCalibrateViewset,.venv/lib/python3.13/site-packages/django/views/decorators/csrf.py:491,api,,org_pk|lab_pk|shelfobject|pk,0,0
laboratory,api-shelfobject-calibrate-get-values-for-update,/shelfobject/calibrate/api/<int:org_pk>/<int:lab_pk>/<int:shelfobject>/^api_shelfobject_calibrate/(?P<pk>[^/.]+)/get_values_for_update\.(?P<format>[a-z0-9]+)/?$,laboratory.api.shelfobject.ShelfObjectCalibrateViewset,.venv/lib/python3.13/site-packages/django/views/decorators/csrf.py:491,api,,org_pk|lab_pk|shelfobject|pk|format,0,0
laboratory,api-root,/shelfobject/calibrate/api/<int:org_pk>/<int:lab_pk>/<int:shelfobject>/,rest_framework.routers.APIRootView,.venv/lib/python3.13/site-packages/django/views/decorators/csrf.py:97,api,,org_pk|lab_pk|shelfobject,0,0
laboratory,api-root,/shelfobject/calibrate/api/<int:org_pk>/<int:lab_pk>/<int:shelfobject>/<drf_format_suffix:format>,rest_framework.routers.APIRootView,.venv/lib/python3.13/site-packages/django/views/decorators/csrf.py:97,api,,org_pk|lab_pk|shelfobject|format,0,0
laboratory,api-shelfobject-guarantee-list,/shelfobject/guarantee/api/<int:org_pk>/<int:lab_pk>/<int:shelfobject>/^api_shelfobject_guarentee/$,laboratory.api.shelfobject.ShelfObjectGuaranteeViewset,.venv/lib/python3.13/site-packages/django/views/decorators/csrf.py:491,api,,org_pk|lab_pk|shelfobject,0,0
laboratory,api-shelfobject-guarantee-list,/shelfobject/guarantee/api/<int:org_pk>/<int:lab_pk>/<int:shelfobject>/^api_shelfobject_guarentee\.(?P<format>[a-z0-9]+)/?$,laboratory.api.shelfobject.ShelfObjectGuaranteeViewset,.venv/lib/python3.13/site-packages/django/views/decorators/csrf.py:491,api,,org_pk|lab_pk|shelfobject|format,0,0
laboratory,api-shelfobject-guarantee-detail-template,/shelfobject/guarantee/api/<int:org_pk>/<int:lab_pk>/<int:shelfobject>/^api_shelfobject_guarentee/detail_template/$,laboratory.api.shelfobject.ShelfObjectGuaranteeViewset,.venv/lib/python3.13/site-packages/django/views/decorators/csrf.py:491,api,,org_pk|lab_pk|shelfobject,0,0
laboratory,api-shelfobject-guarantee-detail-template,/shelfobject/guarantee/api/<int:org_pk>/<int:lab_pk>/<int:shelfobject>/^api_shelfobject_guarentee/detail_template\.(?P<format>[a-z0-9]+)/?$,laboratory.api.shelfobject.ShelfObjectGuaranteeViewset,.venv/lib/python3.13/site-packages/django/views/decorators/csrf.py:491,api,,org_pk|lab_pk|shelfobject|format,0,0
laboratory,api-shelfobject-guarantee-detail,/shelfobject/guarantee/api/<int:org_pk>/<int:lab_pk>/<int:shelfobject>/^api_shelfobject_guarentee/(?P<pk>[^/.]+)/$,laboratory.api.shelfobject.ShelfObjectGuaranteeViewset,.venv/lib/python3.13/site-packages/django/views/decorators/csrf.py:491,api,,org_pk|lab_pk|shelfobject|pk,0,0
laboratory,api-shelfobject-guarantee-detail,/shelfobject/guarantee/api/<int:org_pk>/<int:lab_pk>/<int:shelfobject>/^api_shelfobject_guarentee/(?P<pk>[^/.]+)\.(?P<format>[a-z0-9]+)/?$,laboratory.api.shelfobject.ShelfObjectGuaranteeViewset,.venv/lib/python3.13/site-packages/django/views/decorators/csrf.py:491,api,,org_pk|lab_pk|shelfobject|pk|format,0,0
laboratory,api-shelfobject-guarantee-get-values-for-update,/shelfobject/guarantee/api/<int:org_pk>/<int:lab_pk>/<int:shelfobject>/^api_shelfobject_guarentee/(?P<pk>[^/.]+)/get_values_for_update/$,laboratory.api.shelfobject.ShelfObjectGuaranteeViewset,.venv/lib/python3.13/site-packages/django/views/decorators/csrf.py:491,api,,org_pk|lab_pk|shelfobject|pk,0,0
laboratory,api-shelfobject-guarantee-get-values-for-update,/shelfobject/guarantee/api/<int:org_pk>/<int:lab_pk>/<int:shelfobject>/^api_shelfobject_guarentee/(?P<pk>[^/.]+)/get_values_for_update\.(?P<format>[a-z0-9]+)/?$,laboratory.api.shelfobject.ShelfObjectGuaranteeViewset,.venv/lib/python3.13/site-packages/django/views/decorators/csrf.py:491,api,,org_pk|lab_pk|shelfobject|pk|format,0,0
laboratory,api-root,/shelfobject/guarantee/api/<int:org_pk>/<int:lab_pk>/<int:shelfobject>/,rest_framework.routers.APIRootView,.venv/lib/python3.13/site-packages/django/views/decorators/csrf.py:97,api,,org_pk|lab_pk|shelfobject,0,0
laboratory,api-root,/shelfobject/guarantee/api/<int:org_pk>/<int:lab_pk>/<int:shelfobject>/<drf_format_suffix:format>,rest_framework.routers.APIRootView,.venv/lib/python3.13/site-packages/django/views/decorators/csrf.py:97,api,,org_pk|lab_pk|shelfobject|format,0,0
laboratory,api-shelfobject-training-list,/shelfobject/training/api/<int:org_pk>/<int:lab_pk>/<int:shelfobject>/^api_shelfobject_training/$,laboratory.api.shelfobject.ShelfObjectTrainingViewset,.venv/lib/python3.13/site-packages/django/views/decorators/csrf.py:491,api,,org_pk|lab_pk|shelfobject,0,0
laboratory,api-shelfobject-training-list,/shelfobject/training/api/<int:org_pk>/<int:lab_pk>/<int:shelfobject>/^api_shelfobject_training\.(?P<format>[a-z0-9]+)/?$,laboratory.api.shelfobject.ShelfObjectTrainingViewset,.venv/lib/python3.13/site-packages/django/views/decorators/csrf.py:491,api,,org_pk|lab_pk|shelfobject|format,0,0
laboratory,api-shelfobject-training-detail-template,/shelfobject/training/api/<int:org_pk>/<int:lab_pk>/<int:shelfobject>/^api_shelfobject_training/detail_template/$,laboratory.api.shelfobject.ShelfObjectTrainingViewset,.venv/lib/python3.13/site-packages/django/views/decorators/csrf.py:491,api,,org_pk|lab_pk|shelfobject,0,0
laboratory,api-shelfobject-training-detail-template,/shelfobject/training/api/<int:org_pk>/<int:lab_pk>/<int:shelfobject>/^api_shelfobject_training/detail_template\.(?P<format>[a-z0-9]+)/?$,laboratory.api.shelfobject.ShelfObjectTrainingViewset,.venv/lib/python3.13/site-packages/django/views/decorators/csrf.py:491,api,,org_pk|lab_pk|shelfobject|format,0,0
laboratory,api-shelfobject-training-detail,/shelfobject/training/api/<int:org_pk>/<int:lab_pk>/<int:shelfobject>/^api_shelfobject_training/(?P<pk>[^/.]+)/$,laboratory.api.shelfobject.ShelfObjectTrainingViewset,.venv/lib/python3.13/site-packages/django/views/decorators/csrf.py:491,api,,org_pk|lab_pk|shelfobject|pk,0,0
laboratory,api-shelfobject-training-detail,/shelfobject/training/api/<int:org_pk>/<int:lab_pk>/<int:shelfobject>/^api_shelfobject_training/(?P<pk>[^/.]+)\.(?P<format>[a-z0-9]+)/?$,laboratory.api.shelfobject.ShelfObjectTrainingViewset,.venv/lib/python3.13/site-packages/django/views/decorators/csrf.py:491,api,,org_pk|lab_pk|shelfobject|pk|format,0,0
laboratory,api-shelfobject-training-get-values-for-update,/shelfobject/training/api/<int:org_pk>/<int:lab_pk>/<int:shelfobject>/^api_shelfobject_training/(?P<pk>[^/.]+)/get_values_for_update/$,laboratory.api.shelfobject.ShelfObjectTrainingViewset,.venv/lib/python3.13/site-packages/django/views/decorators/csrf.py:491,api,,org_pk|lab_pk|shelfobject|pk,0,0
laboratory,api-shelfobject-training-get-values-for-update,/shelfobject/training/api/<int:org_pk>/<int:lab_pk>/<int:shelfobject>/^api_shelfobject_training/(?P<pk>[^/.]+)/get_values_for_update\.(?P<format>[a-z0-9]+)/?$,laboratory.api.shelfobject.ShelfObjectTrainingViewset,.venv/lib/python3.13/site-packages/django/views/decorators/csrf.py:491,api,,org_pk|lab_pk|shelfobject|pk|format,0,0
laboratory,api-root,/shelfobject/training/api/<int:org_pk>/<int:lab_pk>/<int:shelfobject>/,rest_framework.routers.APIRootView,.venv/lib/python3.13/site-packages/django/views/decorators/csrf.py:97,api,,org_pk|lab_pk|shelfobject,0,0
laboratory,api-root,/shelfobject/training/api/<int:org_pk>/<int:lab_pk>/<int:shelfobject>/<drf_format_suffix:format>,rest_framework.routers.APIRootView,.venv/lib/python3.13/site-packages/django/views/decorators/csrf.py:97,api,,org_pk|lab_pk|shelfobject|format,0,0
laboratory,equipment_shelfobject_detail,/lab/<int:org_pk>/<int:lab_pk>/shelfobject/<int:pk>/edit/,laboratory.views.shelfobject.view_equipment_shelfobject_detail,.venv/lib/python3.13/site-packages/django/contrib/auth/decorators.py:832,pagina,laboratory/shelfobject/equipment_edit.html,org_pk|lab_pk|pk,0,0
laboratory,api-equipment-list,/equipment/api/<int:org_pk>/<int:lab_pk>/^api_equipment_list/$,laboratory.api.views.EquipmentManagementViewset,.venv/lib/python3.13/site-packages/django/views/decorators/csrf.py:491,api,,org_pk|lab_pk,0,1
laboratory,api-equipment-list,/equipment/api/<int:org_pk>/<int:lab_pk>/^api_equipment_list\.(?P<format>[a-z0-9]+)/?$,laboratory.api.views.EquipmentManagementViewset,.venv/lib/python3.13/site-packages/django/views/decorators/csrf.py:491,api,,org_pk|lab_pk|format,0,1
laboratory,api-equipment-detail-template,/equipment/api/<int:org_pk>/<int:lab_pk>/^api_equipment_list/detail_template/$,laboratory.api.views.EquipmentManagementViewset,.venv/lib/python3.13/site-packages/django/views/decorators/csrf.py:491,api,,org_pk|lab_pk,0,0
laboratory,api-equipment-detail-template,/equipment/api/<int:org_pk>/<int:lab_pk>/^api_equipment_list/detail_template\.(?P<format>[a-z0-9]+)/?$,laboratory.api.views.EquipmentManagementViewset,.venv/lib/python3.13/site-packages/django/views/decorators/csrf.py:491,api,,org_pk|lab_pk|format,0,0
laboratory,api-equipment-detail,/equipment/api/<int:org_pk>/<int:lab_pk>/^api_equipment_list/(?P<pk>[^/.]+)/$,laboratory.api.views.EquipmentManagementViewset,.venv/lib/python3.13/site-packages/django/views/decorators/csrf.py:491,api,,org_pk|lab_pk|pk,0,0
laboratory,api-equipment-detail,/equipment/api/<int:org_pk>/<int:lab_pk>/^api_equipment_list/(?P<pk>[^/.]+)\.(?P<format>[a-z0-9]+)/?$,laboratory.api.views.EquipmentManagementViewset,.venv/lib/python3.13/site-packages/django/views/decorators/csrf.py:491,api,,org_pk|lab_pk|pk|format,0,0
laboratory,api-equipment-get-values-for-update,/equipment/api/<int:org_pk>/<int:lab_pk>/^api_equipment_list/(?P<pk>[^/.]+)/get_values_for_update/$,laboratory.api.views.EquipmentManagementViewset,.venv/lib/python3.13/site-packages/django/views/decorators/csrf.py:491,api,,org_pk|lab_pk|pk,0,0
laboratory,api-equipment-get-values-for-update,/equipment/api/<int:org_pk>/<int:lab_pk>/^api_equipment_list/(?P<pk>[^/.]+)/get_values_for_update\.(?P<format>[a-z0-9]+)/?$,laboratory.api.views.EquipmentManagementViewset,.venv/lib/python3.13/site-packages/django/views/decorators/csrf.py:491,api,,org_pk|lab_pk|pk|format,0,0
laboratory,api-instrumentalfamily-list,/equipment/api/<int:org_pk>/<int:lab_pk>/^api_instrumentalfamily_list/$,laboratory.api.views.InstrumentalFamilyManagementViewset,.venv/lib/python3.13/site-packages/django/views/decorators/csrf.py:491,api,,org_pk|lab_pk,0,0
laboratory,api-instrumentalfamily-list,/equipment/api/<int:org_pk>/<int:lab_pk>/^api_instrumentalfamily_list\.(?P<format>[a-z0-9]+)/?$,laboratory.api.views.InstrumentalFamilyManagementViewset,.venv/lib/python3.13/site-packages/django/views/decorators/csrf.py:491,api,,org_pk|lab_pk|format,0,0
laboratory,api-instrumentalfamily-detail-template,/equipment/api/<int:org_pk>/<int:lab_pk>/^api_instrumentalfamily_list/detail_template/$,laboratory.api.views.InstrumentalFamilyManagementViewset,.venv/lib/python3.13/site-packages/django/views/decorators/csrf.py:491,api,,org_pk|lab_pk,0,0
laboratory,api-instrumentalfamily-detail-template,/equipment/api/<int:org_pk>/<int:lab_pk>/^api_instrumentalfamily_list/detail_template\.(?P<format>[a-z0-9]+)/?$,laboratory.api.views.InstrumentalFamilyManagementViewset,.venv/lib/python3.13/site-packages/django/views/decorators/csrf.py:491,api,,org_pk|lab_pk|format,0,0
laboratory,api-instrumentalfamily-detail,/equipment/api/<int:org_pk>/<int:lab_pk>/^api_instrumentalfamily_list/(?P<pk>[^/.]+)/$,laboratory.api.views.InstrumentalFamilyManagementViewset,.venv/lib/python3.13/site-packages/django/views/decorators/csrf.py:491,api,,org_pk|lab_pk|pk,0,0
laboratory,api-instrumentalfamily-detail,/equipment/api/<int:org_pk>/<int:lab_pk>/^api_instrumentalfamily_list/(?P<pk>[^/.]+)\.(?P<format>[a-z0-9]+)/?$,laboratory.api.views.InstrumentalFamilyManagementViewset,.venv/lib/python3.13/site-packages/django/views/decorators/csrf.py:491,api,,org_pk|lab_pk|pk|format,0,0
laboratory,api-instrumentalfamily-get-values-for-update,/equipment/api/<int:org_pk>/<int:lab_pk>/^api_instrumentalfamily_list/(?P<pk>[^/.]+)/get_values_for_update/$,laboratory.api.views.InstrumentalFamilyManagementViewset,.venv/lib/python3.13/site-packages/django/views/decorators/csrf.py:491,api,,org_pk|lab_pk|pk,0,0
laboratory,api-instrumentalfamily-get-values-for-update,/equipment/api/<int:org_pk>/<int:lab_pk>/^api_instrumentalfamily_list/(?P<pk>[^/.]+)/get_values_for_update\.(?P<format>[a-z0-9]+)/?$,laboratory.api.views.InstrumentalFamilyManagementViewset,.venv/lib/python3.13/site-packages/django/views/decorators/csrf.py:491,api,,org_pk|lab_pk|pk|format,0,0
laboratory,api-equipmenttype-list,/equipment/api/<int:org_pk>/<int:lab_pk>/^api_equipmenttype_list/$,laboratory.api.views.EquipmentTypeManagementViewset,.venv/lib/python3.13/site-packages/django/views/decorators/csrf.py:491,api,,org_pk|lab_pk,0,0
laboratory,api-equipmenttype-list,/equipment/api/<int:org_pk>/<int:lab_pk>/^api_equipmenttype_list\.(?P<format>[a-z0-9]+)/?$,laboratory.api.views.EquipmentTypeManagementViewset,.venv/lib/python3.13/site-packages/django/views/decorators/csrf.py:491,api,,org_pk|lab_pk|format,0,0
laboratory,api-equipmenttype-detail-template,/equipment/api/<int:org_pk>/<int:lab_pk>/^api_equipmenttype_list/detail_template/$,laboratory.api.views.EquipmentTypeManagementViewset,.venv/lib/python3.13/site-packages/django/views/decorators/csrf.py:491,api,,org_pk|lab_pk,0,0
laboratory,api-equipmenttype-detail-template,/equipment/api/<int:org_pk>/<int:lab_pk>/^api_equipmenttype_list/detail_template\.(?P<format>[a-z0-9]+)/?$,laboratory.api.views.EquipmentTypeManagementViewset,.venv/lib/python3.13/site-packages/django/views/decorators/csrf.py:491,api,,org_pk|lab_pk|format,0,0
laboratory,api-equipmenttype-detail,/equipment/api/<int:org_pk>/<int:lab_pk>/^api_equipmenttype_list/(?P<pk>[^/.]+)/$,laboratory.api.views.EquipmentTypeManagementViewset,.venv/lib/python3.13/site-packages/django/views/decorators/csrf.py:491,api,,org_pk|lab_pk|pk,0,0
laboratory,api-equipmenttype-detail,/equipment/api/<int:org_pk>/<int:lab_pk>/^api_equipmenttype_list/(?P<pk>[^/.]+)\.(?P<format>[a-z0-9]+)/?$,laboratory.api.views.EquipmentTypeManagementViewset,.venv/lib/python3.13/site-packages/django/views/decorators/csrf.py:491,api,,org_pk|lab_pk|pk|format,0,0
laboratory,api-equipmenttype-get-values-for-update,/equipment/api/<int:org_pk>/<int:lab_pk>/^api_equipmenttype_list/(?P<pk>[^/.]+)/get_values_for_update/$,laboratory.api.views.EquipmentTypeManagementViewset,.venv/lib/python3.13/site-packages/django/views/decorators/csrf.py:491,api,,org_pk|lab_pk|pk,0,0
laboratory,api-equipmenttype-get-values-for-update,/equipment/api/<int:org_pk>/<int:lab_pk>/^api_equipmenttype_list/(?P<pk>[^/.]+)/get_values_for_update\.(?P<format>[a-z0-9]+)/?$,laboratory.api.views.EquipmentTypeManagementViewset,.venv/lib/python3.13/site-packages/django/views/decorators/csrf.py:491,api,,org_pk|lab_pk|pk|format,0,0
laboratory,api-reactive-list,/equipment/api/<int:org_pk>/<int:lab_pk>/^api_reactive_list/$,laboratory.api.views.ReactiveManagementViewset,.venv/lib/python3.13/site-packages/django/views/decorators/csrf.py:491,api,,org_pk|lab_pk,0,1
laboratory,api-reactive-list,/equipment/api/<int:org_pk>/<int:lab_pk>/^api_reactive_list\.(?P<format>[a-z0-9]+)/?$,laboratory.api.views.ReactiveManagementViewset,.venv/lib/python3.13/site-packages/django/views/decorators/csrf.py:491,api,,org_pk|lab_pk|format,0,1
laboratory,api-reactive-add-limits,/equipment/api/<int:org_pk>/<int:lab_pk>/^api_reactive_list/add_limits/$,laboratory.api.views.ReactiveManagementViewset,.venv/lib/python3.13/site-packages/django/views/decorators/csrf.py:491,api,,org_pk|lab_pk,0,0
laboratory,api-reactive-add-limits,/equipment/api/<int:org_pk>/<int:lab_pk>/^api_reactive_list/add_limits\.(?P<format>[a-z0-9]+)/?$,laboratory.api.views.ReactiveManagementViewset,.venv/lib/python3.13/site-packages/django/views/decorators/csrf.py:491,api,,org_pk|lab_pk|format,0,0
laboratory,api-reactive-detail-template,/equipment/api/<int:org_pk>/<int:lab_pk>/^api_reactive_list/detail_template/$,laboratory.api.views.ReactiveManagementViewset,.venv/lib/python3.13/site-packages/django/views/decorators/csrf.py:491,api,,org_pk|lab_pk,0,0
laboratory,api-reactive-detail-template,/equipment/api/<int:org_pk>/<int:lab_pk>/^api_reactive_list/detail_template\.(?P<format>[a-z0-9]+)/?$,laboratory.api.views.ReactiveManagementViewset,.venv/lib/python3.13/site-packages/django/views/decorators/csrf.py:491,api,,org_pk|lab_pk|format,0,0
laboratory,api-reactive-detail,/equipment/api/<int:org_pk>/<int:lab_pk>/^api_reactive_list/(?P<pk>[^/.]+)/$,laboratory.api.views.ReactiveManagementViewset,.venv/lib/python3.13/site-packages/django/views/decorators/csrf.py:491,api,,org_pk|lab_pk|pk,0,1
laboratory,api-reactive-detail,/equipment/api/<int:org_pk>/<int:lab_pk>/^api_reactive_list/(?P<pk>[^/.]+)\.(?P<format>[a-z0-9]+)/?$,laboratory.api.views.ReactiveManagementViewset,.venv/lib/python3.13/site-packages/django/views/decorators/csrf.py:491,api,,org_pk|lab_pk|pk|format,0,1
laboratory,api-reactive-get-reactive-limits,/equipment/api/<int:org_pk>/<int:lab_pk>/^api_reactive_list/(?P<pk>[^/.]+)/get_reactive_limits/$,laboratory.api.views.ReactiveManagementViewset,.venv/lib/python3.13/site-packages/django/views/decorators/csrf.py:491,api,,org_pk|lab_pk|pk,0,0
laboratory,api-reactive-get-reactive-limits,/equipment/api/<int:org_pk>/<int:lab_pk>/^api_reactive_list/(?P<pk>[^/.]+)/get_reactive_limits\.(?P<format>[a-z0-9]+)/?$,laboratory.api.views.ReactiveManagementViewset,.venv/lib/python3.13/site-packages/django/views/decorators/csrf.py:491,api,,org_pk|lab_pk|pk|format,0,0
laboratory,api-reactive-get-values-for-update,/equipment/api/<int:org_pk>/<int:lab_pk>/^api_reactive_list/(?P<pk>[^/.]+)/get_values_for_update/$,laboratory.api.views.ReactiveManagementViewset,.venv/lib/python3.13/site-packages/django/views/decorators/csrf.py:491,api,,org_pk|lab_pk|pk,0,0
laboratory,api-reactive-get-values-for-update,/equipment/api/<int:org_pk>/<int:lab_pk>/^api_reactive_list/(?P<pk>[^/.]+)/get_values_for_update\.(?P<format>[a-z0-9]+)/?$,laboratory.api.views.ReactiveManagementViewset,.venv/lib/python3.13/site-packages/django/views/decorators/csrf.py:491,api,,org_pk|lab_pk|pk|format,0,0
laboratory,api-root,/equipment/api/<int:org_pk>/<int:lab_pk>/,rest_framework.routers.APIRootView,.venv/lib/python3.13/site-packages/django/views/decorators/csrf.py:97,api,,org_pk|lab_pk,0,0
laboratory,api-root,/equipment/api/<int:org_pk>/<int:lab_pk>/<drf_format_suffix:format>,rest_framework.routers.APIRootView,.venv/lib/python3.13/site-packages/django/views/decorators/csrf.py:97,api,,org_pk|lab_pk|format,0,0
laboratory,api-laboratory-process-list,/<int:org_pk>/<int:lab_pk>/processes/^api_laboratory_process/$,laboratory.api.views.LaboratoryProcessViewset,.venv/lib/python3.13/site-packages/django/views/decorators/csrf.py:491,api,,org_pk|lab_pk,0,1
laboratory,api-laboratory-process-list,/<int:org_pk>/<int:lab_pk>/processes/^api_laboratory_process\.(?P<format>[a-z0-9]+)/?$,laboratory.api.views.LaboratoryProcessViewset,.venv/lib/python3.13/site-packages/django/views/decorators/csrf.py:491,api,,org_pk|lab_pk|format,0,1
laboratory,api-laboratory-process-detail-template,/<int:org_pk>/<int:lab_pk>/processes/^api_laboratory_process/detail_template/$,laboratory.api.views.LaboratoryProcessViewset,.venv/lib/python3.13/site-packages/django/views/decorators/csrf.py:491,api,,org_pk|lab_pk,0,0
laboratory,api-laboratory-process-detail-template,/<int:org_pk>/<int:lab_pk>/processes/^api_laboratory_process/detail_template\.(?P<format>[a-z0-9]+)/?$,laboratory.api.views.LaboratoryProcessViewset,.venv/lib/python3.13/site-packages/django/views/decorators/csrf.py:491,api,,org_pk|lab_pk|format,0,0
laboratory,api-laboratory-process-detail,/<int:org_pk>/<int:lab_pk>/processes/^api_laboratory_process/(?P<pk>[^/.]+)/$,laboratory.api.views.LaboratoryProcessViewset,.venv/lib/python3.13/site-packages/django/views/decorators/csrf.py:491,api,,org_pk|lab_pk|pk,0,0
laboratory,api-laboratory-process-detail,/<int:org_pk>/<int:lab_pk>/processes/^api_laboratory_process/(?P<pk>[^/.]+)\.(?P<format>[a-z0-9]+)/?$,laboratory.api.views.LaboratoryProcessViewset,.venv/lib/python3.13/site-packages/django/views/decorators/csrf.py:491,api,,org_pk|lab_pk|pk|format,0,0
laboratory,api-laboratory-process-get-values-for-update,/<int:org_pk>/<int:lab_pk>/processes/^api_laboratory_process/(?P<pk>[^/.]+)/get_values_for_update/$,laboratory.api.views.LaboratoryProcessViewset,.venv/lib/python3.13/site-packages/django/views/decorators/csrf.py:491,api,,org_pk|lab_pk|pk,0,0
laboratory,api-laboratory-process-get-values-for-update,/<int:org_pk>/<int:lab_pk>/processes/^api_laboratory_process/(?P<pk>[^/.]+)/get_values_for_update\.(?P<format>[a-z0-9]+)/?$,laboratory.api.views.LaboratoryProcessViewset,.venv/lib/python3.13/site-packages/django/views/decorators/csrf.py:491,api,,org_pk|lab_pk|pk|format,0,0
laboratory,api-root,/<int:org_pk>/<int:lab_pk>/processes/,rest_framework.routers.APIRootView,.venv/lib/python3.13/site-packages/django/views/decorators/csrf.py:97,api,,org_pk|lab_pk,0,0
laboratory,api-root,/<int:org_pk>/<int:lab_pk>/processes/<drf_format_suffix:format>,rest_framework.routers.APIRootView,.venv/lib/python3.13/site-packages/django/views/decorators/csrf.py:97,api,,org_pk|lab_pk|format,0,0
laboratory,laboratory_process_list,/<int:org_pk>/<int:lab_pk>/processes/list/,laboratory.views.laboratory.laboratory_process_list,.venv/lib/python3.13/site-packages/django/contrib/auth/decorators.py:887,pagina,laboratory/laboratory_process/list.html,org_pk|lab_pk,0,0
laboratory,api-shelfobject-hcode-list,/<int:org_pk>/<int:lab_pk>/shelfobject/hcode/^api_shelfobject_hcode/$,laboratory.api.views.ShelfObjectHcodeViewset,.venv/lib/python3.13/site-packages/django/views/decorators/csrf.py:491,api,,org_pk|lab_pk,0,0
laboratory,api-shelfobject-hcode-list,/<int:org_pk>/<int:lab_pk>/shelfobject/hcode/^api_shelfobject_hcode\.(?P<format>[a-z0-9]+)/?$,laboratory.api.views.ShelfObjectHcodeViewset,.venv/lib/python3.13/site-packages/django/views/decorators/csrf.py:491,api,,org_pk|lab_pk|format,0,0
laboratory,api-shelfobject-hcode-detail-template,/<int:org_pk>/<int:lab_pk>/shelfobject/hcode/^api_shelfobject_hcode/detail_template/$,laboratory.api.views.ShelfObjectHcodeViewset,.venv/lib/python3.13/site-packages/django/views/decorators/csrf.py:491,api,,org_pk|lab_pk,0,0
laboratory,api-shelfobject-hcode-detail-template,/<int:org_pk>/<int:lab_pk>/shelfobject/hcode/^api_shelfobject_hcode/detail_template\.(?P<format>[a-z0-9]+)/?$,laboratory.api.views.ShelfObjectHcodeViewset,.venv/lib/python3.13/site-packages/django/views/decorators/csrf.py:491,api,,org_pk|lab_pk|format,0,0
laboratory,api-shelfobject-hcode-detail,/<int:org_pk>/<int:lab_pk>/shelfobject/hcode/^api_shelfobject_hcode/(?P<pk>[^/.]+)/$,laboratory.api.views.ShelfObjectHcodeViewset,.venv/lib/python3.13/site-packages/django/views/decorators/csrf.py:491,api,,org_pk|lab_pk|pk,0,0
laboratory,api-shelfobject-hcode-detail,/<int:org_pk>/<int:lab_pk>/shelfobject/hcode/^api_shelfobject_hcode/(?P<pk>[^/.]+)\.(?P<format>[a-z0-9]+)/?$,laboratory.api.views.ShelfObjectHcodeViewset,.venv/lib/python3.13/site-packages/django/views/decorators/csrf.py:491,api,,org_pk|lab_pk|pk|format,0,0
laboratory,api-shelfobject-hcode-get-values-for-update,/<int:org_pk>/<int:lab_pk>/shelfobject/hcode/^api_shelfobject_hcode/(?P<pk>[^/.]+)/get_values_for_update/$,laboratory.api.views.ShelfObjectHcodeViewset,.venv/lib/python3.13/site-packages/django/views/decorators/csrf.py:491,api,,org_pk|lab_pk|pk,0,0
laboratory,api-shelfobject-hcode-get-values-for-update,/<int:org_pk>/<int:lab_pk>/shelfobject/hcode/^api_shelfobject_hcode/(?P<pk>[^/.]+)/get_values_for_update\.(?P<format>[a-z0-9]+)/?$,laboratory.api.views.ShelfObjectHcodeViewset,.venv/lib/python3.13/site-packages/django/views/decorators/csrf.py:491,api,,org_pk|lab_pk|pk|format,0,0
laboratory,api-root,/<int:org_pk>/<int:lab_pk>/shelfobject/hcode/,rest_framework.routers.APIRootView,.venv/lib/python3.13/site-packages/django/views/decorators/csrf.py:97,api,,org_pk|lab_pk,0,0
laboratory,api-root,/<int:org_pk>/<int:lab_pk>/shelfobject/hcode/<drf_format_suffix:format>,rest_framework.routers.APIRootView,.venv/lib/python3.13/site-packages/django/views/decorators/csrf.py:97,api,,org_pk|lab_pk|format,0,0
laboratory,shelf_object_hcode,/<int:org_pk>/<int:lab_pk>/shelfobject/hcode/list/,laboratory.views.shelfobject.shelf_object_hcode,.venv/lib/python3.13/site-packages/django/contrib/auth/decorators.py:969,pagina,laboratory/shelfobject/shelfobject_code.html,org_pk|lab_pk,1,0
laboratory,load_archive,/<int:org_pk>/<int:lab_pk>/load_archive/,laboratory.views.loadArchive.load_archive,.venv/lib/python3.13/site-packages/django/contrib/auth/decorators.py:105,pagina,laboratory/load_archive/load_archive.html,org_pk|lab_pk,0,0
laboratory,load_archive_create_shelfobjects,/<int:org_pk>/<int:lab_pk>/load_archive/create_shelfobjects/<uuid:key>/,laboratory.views.loadArchive.upload_reactives,.venv/lib/python3.13/site-packages/django/contrib/auth/decorators.py:221,pagina,laboratory/load_archive/create_shelfobjects.html,org_pk|lab_pk|key,0,0
laboratory,generate_shelfobject_label,/<int:org_pk>/<int:lab_pk>/<int:pk>/generate_shelfobject_label/<int:recipient>/,laboratory.views.shelfobject.generate_shelfobject_label,.venv/lib/python3.13/site-packages/django/contrib/auth/decorators.py:988,descarga,,org_pk|lab_pk|pk|recipient,0,0
api,api_organization_structure,/access_management/,api.access_management.OrganizationStructureView,.venv/lib/python3.13/site-packages/django/views/decorators/csrf.py:97,api,,,0,0
msds,api-sds-traceability-list,/msds/<int:org_pk>/api/^api_sds_traceability/$,msds.api.api.SDSTraceabilityViewSet,.venv/lib/python3.13/site-packages/django/views/decorators/csrf.py:491,api,,org_pk,0,0
msds,api-sds-traceability-list,/msds/<int:org_pk>/api/^api_sds_traceability\.(?P<format>[a-z0-9]+)/?$,msds.api.api.SDSTraceabilityViewSet,.venv/lib/python3.13/site-packages/django/views/decorators/csrf.py:491,api,,org_pk|format,0,0
msds,api-sds-traceability-detail-template,/msds/<int:org_pk>/api/^api_sds_traceability/detail_template/$,msds.api.api.SDSTraceabilityViewSet,.venv/lib/python3.13/site-packages/django/views/decorators/csrf.py:491,api,,org_pk,0,0
msds,api-sds-traceability-detail-template,/msds/<int:org_pk>/api/^api_sds_traceability/detail_template\.(?P<format>[a-z0-9]+)/?$,msds.api.api.SDSTraceabilityViewSet,.venv/lib/python3.13/site-packages/django/views/decorators/csrf.py:491,api,,org_pk|format,0,0
msds,api-sds-traceability-get-sustance-characteristics-info,/msds/<int:org_pk>/api/^api_sds_traceability/get_sustance_characteristics_info/$,msds.api.api.SDSTraceabilityViewSet,.venv/lib/python3.13/site-packages/django/views/decorators/csrf.py:491,api,,org_pk,0,0
msds,api-sds-traceability-get-sustance-characteristics-info,/msds/<int:org_pk>/api/^api_sds_traceability/get_sustance_characteristics_info\.(?P<format>[a-z0-9]+)/?$,msds.api.api.SDSTraceabilityViewSet,.venv/lib/python3.13/site-packages/django/views/decorators/csrf.py:491,api,,org_pk|format,0,0
msds,api-sds-traceability-verify,/msds/<int:org_pk>/api/^api_sds_traceability/verify/$,msds.api.api.SDSTraceabilityViewSet,.venv/lib/python3.13/site-packages/django/views/decorators/csrf.py:491,api,,org_pk,0,0
msds,api-sds-traceability-verify,/msds/<int:org_pk>/api/^api_sds_traceability/verify\.(?P<format>[a-z0-9]+)/?$,msds.api.api.SDSTraceabilityViewSet,.venv/lib/python3.13/site-packages/django/views/decorators/csrf.py:491,api,,org_pk|format,0,0
msds,api-sds-traceability-detail,/msds/<int:org_pk>/api/^api_sds_traceability/(?P<pk>[^/.]+)/$,msds.api.api.SDSTraceabilityViewSet,.venv/lib/python3.13/site-packages/django/views/decorators/csrf.py:491,api,,org_pk|pk,0,0
msds,api-sds-traceability-detail,/msds/<int:org_pk>/api/^api_sds_traceability/(?P<pk>[^/.]+)\.(?P<format>[a-z0-9]+)/?$,msds.api.api.SDSTraceabilityViewSet,.venv/lib/python3.13/site-packages/django/views/decorators/csrf.py:491,api,,org_pk|pk|format,0,0
msds,api-sds-traceability-get-values-for-update,/msds/<int:org_pk>/api/^api_sds_traceability/(?P<pk>[^/.]+)/get_values_for_update/$,msds.api.api.SDSTraceabilityViewSet,.venv/lib/python3.13/site-packages/django/views/decorators/csrf.py:491,api,,org_pk|pk,0,0
msds,api-sds-traceability-get-values-for-update,/msds/<int:org_pk>/api/^api_sds_traceability/(?P<pk>[^/.]+)/get_values_for_update\.(?P<format>[a-z0-9]+)/?$,msds.api.api.SDSTraceabilityViewSet,.venv/lib/python3.13/site-packages/django/views/decorators/csrf.py:491,api,,org_pk|pk|format,0,0
msds,api-root,/msds/<int:org_pk>/api/,rest_framework.routers.APIRootView,.venv/lib/python3.13/site-packages/django/views/decorators/csrf.py:97,api,,org_pk,0,0
msds,api-root,/msds/<int:org_pk>/api/<drf_format_suffix:format>,rest_framework.routers.APIRootView,.venv/lib/python3.13/site-packages/django/views/decorators/csrf.py:97,api,,org_pk|format,0,0
msds,index_msds,/msds/<int:org_pk>/index_msds/,msds.views.index_msds,.venv/lib/python3.13/site-packages/django/contrib/auth/decorators.py:26,pagina,index_msds.html,org_pk,1,1
msds,sds_create,/msds/<int:org_pk>/sds/create/,msds.views.sds_create,.venv/lib/python3.13/site-packages/django/contrib/auth/decorators.py:172,accion,,org_pk,0,1
msds,list_msds,/msds/<int:org_pk>/list/,msds.views.get_list_msds,.venv/lib/python3.13/site-packages/django/contrib/auth/decorators.py:48,json,,org_pk,0,1
msds,verified_sds,/msds/<int:org_pk>/verified_sds/,msds.views.verified_sds,.venv/lib/python3.13/site-packages/django/contrib/auth/decorators.py:214,pagina,msds/verified_sds.html,org_pk,0,0
msds,api-sds-traceability-list,/msds/<int:org_pk>/api/sds/^api_sds_traceability/$,msds.api.api.SDSTraceabilityViewSet,.venv/lib/python3.13/site-packages/django/views/decorators/csrf.py:491,api,,org_pk,0,0
msds,api-sds-traceability-list,/msds/<int:org_pk>/api/sds/^api_sds_traceability\.(?P<format>[a-z0-9]+)/?$,msds.api.api.SDSTraceabilityViewSet,.venv/lib/python3.13/site-packages/django/views/decorators/csrf.py:491,api,,org_pk|format,0,0
msds,api-sds-traceability-detail-template,/msds/<int:org_pk>/api/sds/^api_sds_traceability/detail_template/$,msds.api.api.SDSTraceabilityViewSet,.venv/lib/python3.13/site-packages/django/views/decorators/csrf.py:491,api,,org_pk,0,0
msds,api-sds-traceability-detail-template,/msds/<int:org_pk>/api/sds/^api_sds_traceability/detail_template\.(?P<format>[a-z0-9]+)/?$,msds.api.api.SDSTraceabilityViewSet,.venv/lib/python3.13/site-packages/django/views/decorators/csrf.py:491,api,,org_pk|format,0,0
msds,api-sds-traceability-get-sustance-characteristics-info,/msds/<int:org_pk>/api/sds/^api_sds_traceability/get_sustance_characteristics_info/$,msds.api.api.SDSTraceabilityViewSet,.venv/lib/python3.13/site-packages/django/views/decorators/csrf.py:491,api,,org_pk,0,0
msds,api-sds-traceability-get-sustance-characteristics-info,/msds/<int:org_pk>/api/sds/^api_sds_traceability/get_sustance_characteristics_info\.(?P<format>[a-z0-9]+)/?$,msds.api.api.SDSTraceabilityViewSet,.venv/lib/python3.13/site-packages/django/views/decorators/csrf.py:491,api,,org_pk|format,0,0
msds,api-sds-traceability-verify,/msds/<int:org_pk>/api/sds/^api_sds_traceability/verify/$,msds.api.api.SDSTraceabilityViewSet,.venv/lib/python3.13/site-packages/django/views/decorators/csrf.py:491,api,,org_pk,0,0
msds,api-sds-traceability-verify,/msds/<int:org_pk>/api/sds/^api_sds_traceability/verify\.(?P<format>[a-z0-9]+)/?$,msds.api.api.SDSTraceabilityViewSet,.venv/lib/python3.13/site-packages/django/views/decorators/csrf.py:491,api,,org_pk|format,0,0
msds,api-sds-traceability-detail,/msds/<int:org_pk>/api/sds/^api_sds_traceability/(?P<pk>[^/.]+)/$,msds.api.api.SDSTraceabilityViewSet,.venv/lib/python3.13/site-packages/django/views/decorators/csrf.py:491,api,,org_pk|pk,0,0
msds,api-sds-traceability-detail,/msds/<int:org_pk>/api/sds/^api_sds_traceability/(?P<pk>[^/.]+)\.(?P<format>[a-z0-9]+)/?$,msds.api.api.SDSTraceabilityViewSet,.venv/lib/python3.13/site-packages/django/views/decorators/csrf.py:491,api,,org_pk|pk|format,0,0
msds,api-sds-traceability-get-values-for-update,/msds/<int:org_pk>/api/sds/^api_sds_traceability/(?P<pk>[^/.]+)/get_values_for_update/$,msds.api.api.SDSTraceabilityViewSet,.venv/lib/python3.13/site-packages/django/views/decorators/csrf.py:491,api,,org_pk|pk,0,0
msds,api-sds-traceability-get-values-for-update,/msds/<int:org_pk>/api/sds/^api_sds_traceability/(?P<pk>[^/.]+)/get_values_for_update\.(?P<format>[a-z0-9]+)/?$,msds.api.api.SDSTraceabilityViewSet,.venv/lib/python3.13/site-packages/django/views/decorators/csrf.py:491,api,,org_pk|pk|format,0,0
msds,api-root,/msds/<int:org_pk>/api/sds/,rest_framework.routers.APIRootView,.venv/lib/python3.13/site-packages/django/views/decorators/csrf.py:97,api,,org_pk,0,0
msds,api-root,/msds/<int:org_pk>/api/sds/<drf_format_suffix:format>,rest_framework.routers.APIRootView,.venv/lib/python3.13/site-packages/django/views/decorators/csrf.py:97,api,,org_pk|format,0,0
sga,api-substance-list,/sga/<int:org_pk>/api/^api_substance/$,sga.api.substance_viewset.SubstanceViewSet,.venv/lib/python3.13/site-packages/django/views/decorators/csrf.py:491,api,,org_pk,0,1
sga,api-substance-list,/sga/<int:org_pk>/api/^api_substance\.(?P<format>[a-z0-9]+)/?$,sga.api.substance_viewset.SubstanceViewSet,.venv/lib/python3.13/site-packages/django/views/decorators/csrf.py:491,api,,org_pk|format,0,1
sga,api-substance-detail,/sga/<int:org_pk>/api/^api_substance/(?P<pk>[^/.]+)/$,sga.api.substance_viewset.SubstanceViewSet,.venv/lib/python3.13/site-packages/django/views/decorators/csrf.py:491,api,,org_pk|pk,0,0
sga,api-substance-detail,/sga/<int:org_pk>/api/^api_substance/(?P<pk>[^/.]+)\.(?P<format>[a-z0-9]+)/?$,sga.api.substance_viewset.SubstanceViewSet,.venv/lib/python3.13/site-packages/django/views/decorators/csrf.py:491,api,,org_pk|pk|format,0,0
sga,api-reviewsubstance-list,/sga/<int:org_pk>/api/^api_reviewsubstance/$,sga.api.review_flow_substance.ReviewSubstanceViewSet,.venv/lib/python3.13/site-packages/django/views/decorators/csrf.py:491,api,,org_pk,0,1
sga,api-reviewsubstance-list,/sga/<int:org_pk>/api/^api_reviewsubstance\.(?P<format>[a-z0-9]+)/?$,sga.api.review_flow_substance.ReviewSubstanceViewSet,.venv/lib/python3.13/site-packages/django/views/decorators/csrf.py:491,api,,org_pk|format,0,1
sga,api-labels-list,/sga/<int:org_pk>/api/^api_labels/$,sga.api.labels_viewset.DisplayLabelViewSet,.venv/lib/python3.13/site-packages/django/views/decorators/csrf.py:491,api,,org_pk,0,0
sga,api-labels-list,/sga/<int:org_pk>/api/^api_labels\.(?P<format>[a-z0-9]+)/?$,sga.api.labels_viewset.DisplayLabelViewSet,.venv/lib/python3.13/site-packages/django/views/decorators/csrf.py:491,api,,org_pk|format,0,0
sga,api-recipient-size-list,/sga/<int:org_pk>/api/^api_recipient_size/$,sga.api.recipients_viewset.RecipientSizeAPI,.venv/lib/python3.13/site-packages/django/views/decorators/csrf.py:491,api,,org_pk,0,0
sga,api-recipient-size-list,/sga/<int:org_pk>/api/^api_recipient_size\.(?P<format>[a-z0-9]+)/?$,sga.api.recipients_viewset.RecipientSizeAPI,.venv/lib/python3.13/site-packages/django/views/decorators/csrf.py:491,api,,org_pk|format,0,0
sga,api-recipient-size-create-recipient,/sga/<int:org_pk>/api/^api_recipient_size/create_recipient/$,sga.api.recipients_viewset.RecipientSizeAPI,.venv/lib/python3.13/site-packages/django/views/decorators/csrf.py:491,api,,org_pk,0,0
sga,api-recipient-size-create-recipient,/sga/<int:org_pk>/api/^api_recipient_size/create_recipient\.(?P<format>[a-z0-9]+)/?$,sga.api.recipients_viewset.RecipientSizeAPI,.venv/lib/python3.13/site-packages/django/views/decorators/csrf.py:491,api,,org_pk|format,0,0
sga,api-recipient-size-delete-recipient,/sga/<int:org_pk>/api/^api_recipient_size/delete_recipient/$,sga.api.recipients_viewset.RecipientSizeAPI,.venv/lib/python3.13/site-packages/django/views/decorators/csrf.py:491,api,,org_pk,0,0
sga,api-recipient-size-delete-recipient,/sga/<int:org_pk>/api/^api_recipient_size/delete_recipient\.(?P<format>[a-z0-9]+)/?$,sga.api.recipients_viewset.RecipientSizeAPI,.venv/lib/python3.13/site-packages/django/views/decorators/csrf.py:491,api,,org_pk|format,0,0
sga,api-recipient-size-get-recipient,/sga/<int:org_pk>/api/^api_recipient_size/(?P<pk>[^/.]+)/get_recipient/$,sga.api.recipients_viewset.RecipientSizeAPI,.venv/lib/python3.13/site-packages/django/views/decorators/csrf.py:491,api,,org_pk|pk,0,0
sga,api-recipient-size-get-recipient,/sga/<int:org_pk>/api/^api_recipient_size/(?P<pk>[^/.]+)/get_recipient\.(?P<format>[a-z0-9]+)/?$,sga.api.recipients_viewset.RecipientSizeAPI,.venv/lib/python3.13/site-packages/django/views/decorators/csrf.py:491,api,,org_pk|pk|format,0,0
sga,api-recipient-size-update-recipient,/sga/<int:org_pk>/api/^api_recipient_size/(?P<pk>[^/.]+)/update_recipient/$,sga.api.recipients_viewset.RecipientSizeAPI,.venv/lib/python3.13/site-packages/django/views/decorators/csrf.py:491,api,,org_pk|pk,0,0
sga,api-recipient-size-update-recipient,/sga/<int:org_pk>/api/^api_recipient_size/(?P<pk>[^/.]+)/update_recipient\.(?P<format>[a-z0-9]+)/?$,sga.api.recipients_viewset.RecipientSizeAPI,.venv/lib/python3.13/site-packages/django/views/decorators/csrf.py:491,api,,org_pk|pk|format,0,0
sga,api-danger-substance-list,/sga/<int:org_pk>/api/^api_danger_substance/$,sga.api.api.DangerSubstanceViewSet,.venv/lib/python3.13/site-packages/django/views/decorators/csrf.py:491,api,,org_pk,0,0
sga,api-danger-substance-list,/sga/<int:org_pk>/api/^api_danger_substance\.(?P<format>[a-z0-9]+)/?$,sga.api.api.DangerSubstanceViewSet,.venv/lib/python3.13/site-packages/django/views/decorators/csrf.py:491,api,,org_pk|format,0,0
sga,api-danger-substance-detail-template,/sga/<int:org_pk>/api/^api_danger_substance/detail_template/$,sga.api.api.DangerSubstanceViewSet,.venv/lib/python3.13/site-packages/django/views/decorators/csrf.py:491,api,,org_pk,0,0
sga,api-danger-substance-detail-template,/sga/<int:org_pk>/api/^api_danger_substance/detail_template\.(?P<format>[a-z0-9]+)/?$,sga.api.api.DangerSubstanceViewSet,.venv/lib/python3.13/site-packages/django/views/decorators/csrf.py:491,api,,org_pk|format,0,0
sga,api-danger-substance-detail,/sga/<int:org_pk>/api/^api_danger_substance/(?P<pk>[^/.]+)/$,sga.api.api.DangerSubstanceViewSet,.venv/lib/python3.13/site-packages/django/views/decorators/csrf.py:491,api,,org_pk|pk,0,0
sga,api-danger-substance-detail,/sga/<int:org_pk>/api/^api_danger_substance/(?P<pk>[^/.]+)\.(?P<format>[a-z0-9]+)/?$,sga.api.api.DangerSubstanceViewSet,.venv/lib/python3.13/site-packages/django/views/decorators/csrf.py:491,api,,org_pk|pk|format,0,0
sga,api-danger-substance-get-values-for-update,/sga/<int:org_pk>/api/^api_danger_substance/(?P<pk>[^/.]+)/get_values_for_update/$,sga.api.api.DangerSubstanceViewSet,.venv/lib/python3.13/site-packages/django/views/decorators/csrf.py:491,api,,org_pk|pk,0,0
sga,api-danger-substance-get-values-for-update,/sga/<int:org_pk>/api/^api_danger_substance/(?P<pk>[^/.]+)/get_values_for_update\.(?P<format>[a-z0-9]+)/?$,sga.api.api.DangerSubstanceViewSet,.venv/lib/python3.13/site-packages/django/views/decorators/csrf.py:491,api,,org_pk|pk|format,0,0
sga,api-danger-substance-category-list,/sga/<int:org_pk>/api/^api_danger_substance_category/$,sga.api.api.DangerSubstanceCategoryViewSet,.venv/lib/python3.13/site-packages/django/views/decorators/csrf.py:491,api,,org_pk,0,0
sga,api-danger-substance-category-list,/sga/<int:org_pk>/api/^api_danger_substance_category\.(?P<format>[a-z0-9]+)/?$,sga.api.api.DangerSubstanceCategoryViewSet,.venv/lib/python3.13/site-packages/django/views/decorators/csrf.py:491,api,,org_pk|format,0,0
sga,api-danger-substance-category-detail-template,/sga/<int:org_pk>/api/^api_danger_substance_category/detail_template/$,sga.api.api.DangerSubstanceCategoryViewSet,.venv/lib/python3.13/site-packages/django/views/decorators/csrf.py:491,api,,org_pk,0,0
sga,api-danger-substance-category-detail-template,/sga/<int:org_pk>/api/^api_danger_substance_category/detail_template\.(?P<format>[a-z0-9]+)/?$,sga.api.api.DangerSubstanceCategoryViewSet,.venv/lib/python3.13/site-packages/django/views/decorators/csrf.py:491,api,,org_pk|format,0,0
sga,api-danger-substance-category-detail,/sga/<int:org_pk>/api/^api_danger_substance_category/(?P<pk>[^/.]+)/$,sga.api.api.DangerSubstanceCategoryViewSet,.venv/lib/python3.13/site-packages/django/views/decorators/csrf.py:491,api,,org_pk|pk,0,0
sga,api-danger-substance-category-detail,/sga/<int:org_pk>/api/^api_danger_substance_category/(?P<pk>[^/.]+)\.(?P<format>[a-z0-9]+)/?$,sga.api.api.DangerSubstanceCategoryViewSet,.venv/lib/python3.13/site-packages/django/views/decorators/csrf.py:491,api,,org_pk|pk|format,0,0
sga,api-danger-substance-category-get-values-for-update,/sga/<int:org_pk>/api/^api_danger_substance_category/(?P<pk>[^/.]+)/get_values_for_update/$,sga.api.api.DangerSubstanceCategoryViewSet,.venv/lib/python3.13/site-packages/django/views/decorators/csrf.py:491,api,,org_pk|pk,0,0
sga,api-danger-substance-category-get-values-for-update,/sga/<int:org_pk>/api/^api_danger_substance_category/(?P<pk>[^/.]+)/get_values_for_update\.(?P<format>[a-z0-9]+)/?$,sga.api.api.DangerSubstanceCategoryViewSet,.venv/lib/python3.13/site-packages/django/views/decorators/csrf.py:491,api,,org_pk|pk|format,0,0
sga,api-root,/sga/<int:org_pk>/api/,rest_framework.routers.APIRootView,.venv/lib/python3.13/site-packages/django/views/decorators/csrf.py:97,api,,org_pk,0,0
sga,api-root,/sga/<int:org_pk>/api/<drf_format_suffix:format>,rest_framework.routers.APIRootView,.venv/lib/python3.13/site-packages/django/views/decorators/csrf.py:97,api,,org_pk|format,0,0
sga,index_editor,/sga/<int:org_pk>/editor_sga,sga.views.editor.render_editor_sga,.venv/lib/python3.13/site-packages/django/contrib/auth/decorators.py:52,parcial,,org_pk,0,0
sga,barcode_from_number,/sga/<int:org_pk>/barcode/<str:code>/,sga.views.editor.get_barcode_from_number,.venv/lib/python3.13/site-packages/django/contrib/auth/decorators.py:538,descarga,,org_pk|code,0,0
sga,editor,/sga/<int:org_pk>/template_editor,sga.views.editor.template_editor,.venv/lib/python3.13/site-packages/django/contrib/auth/decorators.py:63,pagina,template_editor.html,org_pk,0,0
sga,get_preview,/sga/<int:org_pk>/get_preview/<int:pk>,sga.views.editor.get_preview,.venv/lib/python3.13/site-packages/django/contrib/auth/decorators.py:304,json,,org_pk|pk,0,0
sga,engine_label_preview,/sga/<int:org_pk>/engine_label_preview/<int:pk>,sga.views.editor.engine_label_preview,.venv/lib/python3.13/site-packages/django/contrib/auth/decorators.py:314,descarga,,org_pk|pk,0,0
sga,create_sustance,/sga/<int:org_pk>/sustance/create/,sga.views.substance.views.create_edit_sustance,.venv/lib/python3.13/site-packages/django/contrib/auth/decorators.py:53,pagina,sga/substance/create_sustance.html,org_pk,1,1
sga,update_substance,/sga/<int:org_pk>/update_substance/<int:pk>/,sga.views.substance.views.create_edit_sustance,.venv/lib/python3.13/site-packages/django/contrib/auth/decorators.py:53,pagina,sga/substance/create_sustance.html,org_pk|pk,1,1
sga,delete_substance,/sga/<int:org_pk>/delete_substance/<int:pk>/,sga.views.substance.views.delete_substance,.venv/lib/python3.13/site-packages/django/contrib/auth/decorators.py:247,accion,,org_pk|pk,0,1
sga,detail_substance,/sga/<int:org_pk>/detail_substance/<int:pk>/,sga.views.substance.views.detail_substance,.venv/lib/python3.13/site-packages/django/contrib/auth/decorators.py:274,pagina,sga/substance/detail.html,org_pk|pk,1,1
sga,generate_label,/sga/<int:org_pk>/generate_label/<int:pk>/,sga.views.substance.views.generate_label,.venv/lib/python3.13/site-packages/django/contrib/auth/decorators.py:991,descarga,,org_pk|pk,1,0
sga,add_personal,/sga/<int:org_pk>/labels/,sga.views.editor.create_personal_template,.venv/lib/python3.13/site-packages/django/contrib/auth/decorators.py:143,pagina,personal_template.html,org_pk,1,0
sga,edit_personal,/sga/<int:org_pk>/edit_personal/<int:pk>,sga.views.editor.edit_personal_template,.venv/lib/python3.13/site-packages/django/contrib/auth/decorators.py:206,pagina,template_edit.html,org_pk|pk,0,0
sga,delete_sgalabel,/sga/<int:org_pk>/delete_sgalabel/<int:pk>,sga.views.editor.delete_sgalabel,.venv/lib/python3.13/site-packages/django/contrib/auth/decorators.py:284,accion,,org_pk|pk,0,0
sga,add_recipient_size,/sga/<int:org_pk>/add_recipient_size/,sga.views.editor.create_recipient,.venv/lib/python3.13/site-packages/django/contrib/auth/decorators.py:359,pagina,add_recipient_size.html,org_pk,0,0
sga,get_companies,/sga/<int:org_pk>/company/list/,sga.views.editor.get_companies,.venv/lib/python3.13/site-packages/django/contrib/auth/decorators.py:550,pagina,company/list_company.html,org_pk,0,0
sga,add_company,/sga/<int:org_pk>/company/add/,sga.views.editor.create_company,.venv/lib/python3.13/site-packages/django/contrib/auth/decorators.py:570,pagina,company/add_company.html,org_pk,0,0
sga,edit_company,/sga/<int:org_pk>/company/edit/<int:pk>/,sga.views.editor.edit_company,.venv/lib/python3.13/site-packages/django/contrib/auth/decorators.py:599,pagina,company/add_company.html,org_pk|pk,0,0
sga,remove_company,/sga/<int:org_pk>/company/remove/<int:pk>/,sga.views.editor.remove_company,.venv/lib/python3.13/site-packages/django/contrib/auth/decorators.py:626,json,,org_pk|pk,0,0
sga,get_company,/sga/<int:org_pk>/sgalabel/get_company/<int:pk>,sga.views.editor.get_company,src/sga/views/editor.py:524,json,,org_pk|pk,0,0
sga,get_recipient_size,/sga/<int:org_pk>/sgalabel/get_recipient_size/<int:pk>,sga.views.editor.get_recipient_size,.venv/lib/python3.13/site-packages/django/contrib/auth/decorators.py:530,json,,org_pk|pk,0,0
sga,get_sgacomplement_by_substance,/sga/<int:org_pk>/sgalabel/get_sgacomplement_by_substance/<int:pk>,sga.views.editor.get_sgacomplement_by_substance,src/sga/views/editor.py:514,json,,org_pk|pk,0,0
sga,sgalabel_create,/sga/<int:org_pk>/sgalabel/create/,sga.views.editor.create_sgalabel,.venv/lib/python3.13/site-packages/django/contrib/auth/decorators.py:379,accion,,org_pk,0,0
sga,sgalabel_step_one,/sga/<int:org_pk>/sgalabel/step_one/<int:pk>,sga.views.editor.sgalabel_step_one,.venv/lib/python3.13/site-packages/django/contrib/auth/decorators.py:408,pagina,sgalabel/step_one.html,org_pk|pk,0,0
sga,sgalabel_step_two,/sga/<int:org_pk>/sgalabel/step_two/<int:pk>,sga.views.editor.sgalabel_step_two,.venv/lib/python3.13/site-packages/django/contrib/auth/decorators.py:483,pagina,sgalabel/step_two.html,org_pk|pk,0,0
sga,get_substance,/sga/<int:org_pk>/get_substance/,sga.views.substance.views.get_substances,.venv/lib/python3.13/site-packages/django/contrib/auth/decorators.py:167,pagina,sga/substance/list_substance.html,org_pk,0,1
sga,approved_substance,/sga/<int:org_pk>/approved_substance/,sga.views.substance.views.get_list_substances,.venv/lib/python3.13/site-packages/django/contrib/auth/decorators.py:181,pagina,sga/substance/check_substances.html,org_pk,0,1
sga,accept_substance,/sga/<int:org_pk>/accept_substance/<int:pk>/,sga.views.substance.views.approve_substances,.venv/lib/python3.13/site-packages/django/contrib/auth/decorators.py:197,accion,,org_pk|pk,0,1
sga,step_one,/sga/<int:org_pk>/substance/step_one/<int:pk>/,sga.views.substance.views.create_edit_sustance,.venv/lib/python3.13/site-packages/django/contrib/auth/decorators.py:53,pagina,sga/substance/create_sustance.html,org_pk|pk,0,1
sga,step_four,/sga/<int:org_pk>/substance/step_four/<int:substance>/,sga.views.substance.views.step_four,.venv/lib/python3.13/site-packages/django/contrib/auth/decorators.py:308,pagina,sga/substance/step_four.html,org_pk|substance,0,1
sga,send_to_review,/sga/<int:org_pk>/substance/send_to_review/<int:substance>/,sga.views.substance.views.sent_to_review,.venv/lib/python3.13/site-packages/django/contrib/auth/decorators.py:766,pagina,sga/substance/send_to_review.html,org_pk|substance,0,1
sga,upload_sds,/sga/<int:org_pk>/substance/upload_sds/,sga.views.substance.views.upload_sds,.venv/lib/python3.13/site-packages/django/contrib/auth/decorators.py:896,json,,org_pk,0,1
sga,upload_sds_pk,/sga/<int:org_pk>/substance/upload_sds/<int:pk>/,sga.views.substance.views.upload_sds,.venv/lib/python3.13/site-packages/django/contrib/auth/decorators.py:896,json,,org_pk|pk,0,1
sga,sds_task_status,/sga/<int:org_pk>/substance/sds_task_status/,sga.views.substance.views.sds_task_status,.venv/lib/python3.13/site-packages/django/contrib/auth/decorators.py:962,json,,org_pk,0,1
sga,security_leaf_pdf,/sga/<int:org_pk>/substance/get_security_leaf/<int:substance>/,sga.views.substance.views.security_leaf_pdf,.venv/lib/python3.13/site-packages/django/contrib/auth/decorators.py:351,descarga,,org_pk|substance,0,0
sga,danger_indications,/sga/<int:org_pk>/substance/danger_indications/,sga.views.substance.views.view_danger_indications,.venv/lib/python3.13/site-packages/django/contrib/auth/decorators.py:446,pagina,sga/substance/danger_indication.html,org_pk,0,1
sga,warning_words,/sga/<int:org_pk>/substance/warning_words/,sga.views.substance.views.view_warning_words,.venv/lib/python3.13/site-packages/django/contrib/auth/decorators.py:461,pagina,sga/substance/warning_words.html,org_pk,0,1
sga,prudence_advices,/sga/<int:org_pk>/substance/prudence_advices/,sga.views.substance.views.view_prudence_advices,.venv/lib/python3.13/site-packages/django/contrib/auth/decorators.py:492,pagina,sga/substance/prudence_advice.html,org_pk,0,1
sga,add_danger_indication,/sga/<int:org_pk>/substance/add_danger_indication/,sga.views.substance.views.add_sga_complements,.venv/lib/python3.13/site-packages/django/contrib/auth/decorators.py:380,pagina,sga/substance/sga_components.html,org_pk,0,0
sga,add_warning_word,/sga/<int:org_pk>/substance/add_warning_words/,sga.views.substance.views.add_sga_complements,.venv/lib/python3.13/site-packages/django/contrib/auth/decorators.py:380,pagina,sga/substance/sga_components.html,org_pk,0,1
sga,add_prudence_advice,/sga/<int:org_pk>/substance/add_prudence_advice/,sga.views.substance.views.add_sga_complements,.venv/lib/python3.13/site-packages/django/contrib/auth/decorators.py:380,pagina,sga/substance/sga_components.html,org_pk,0,1
sga,add_observation,/sga/<int:org_pk>/substance/add_observation/<int:substance>/,sga.views.substance.views.add_observation,.venv/lib/python3.13/site-packages/django/contrib/auth/decorators.py:507,accion,,org_pk|substance,0,1
sga,update_observation,/sga/<int:org_pk>/substance/update_observation/,sga.views.substance.views.update_observation,.venv/lib/python3.13/site-packages/django/contrib/auth/decorators.py:545,json,,org_pk,0,1
sga,delete_observation,/sga/<int:org_pk>/substance/deleta_observation/,sga.views.substance.views.delete_observation,.venv/lib/python3.13/site-packages/django/contrib/auth/decorators.py:577,json,,org_pk,0,1
sga,update_danger_indication,/sga/<int:org_pk>/substance/update_danger_indication/<str:pk>/,sga.views.substance.views.change_danger_indication,.venv/lib/python3.13/site-packages/django/contrib/auth/decorators.py:696,pagina,sga/substance/sga_components.html,org_pk|pk,0,1
sga,update_warning_word,/sga/<int:org_pk>/substance/update_warning_words/<int:pk>/,sga.views.substance.views.change_warning_word,.venv/lib/python3.13/site-packages/django/contrib/auth/decorators.py:608,pagina,sga/substance/sga_components.html,org_pk|pk,0,1
sga,update_prudence_advice,/sga/<int:org_pk>/substance/update_prudence_advice/<int:pk>/,sga.views.substance.views.change_prudence_advice,.venv/lib/python3.13/site-packages/django/contrib/auth/decorators.py:646,pagina,sga/substance/sga_components.html,org_pk|pk,0,1
sga,add_sga_provider,/sga/<int:org_pk>/substance/provider/,sga.views.substance.views.add_sga_provider,.venv/lib/python3.13/site-packages/django/contrib/auth/decorators.py:737,json,,org_pk,0,1
sga,recipient_size,/sga/<int:org_pk>/substance/recipient/,sga.views.substance.views.view_recipient_size,.venv/lib/python3.13/site-packages/django/contrib/auth/decorators.py:476,pagina,sga/recipient_size.html,org_pk,0,0
sga,danger_substance,/sga/<int:org_pk>/danger_substance/,sga.views.danger_substance.views.danger_substance_view,.venv/lib/python3.13/site-packages/django/contrib/auth/decorators.py:11,pagina,danger_substance/danger_substance.html,org_pk,0,0
sga,danger_substance_category,/sga/<int:org_pk>/danger_subtance_category/,sga.views.danger_substance.views.danger_substance_category_view,.venv/lib/python3.13/site-packages/django/contrib/auth/decorators.py:30,pagina,danger_substance/danger_substance_category.html,org_pk,0,0
riskmanagement,riskzone_list,/risk/<int:org_pk>/riskzone/list/,risk_management.views.ListZone,.venv/lib/python3.13/site-packages/django/views/generic/base.py:134,pagina,risk_management/riskzone_list.html,org_pk,1,1
riskmanagement,riskzone_create,/risk/<int:org_pk>/riskzone/create/,risk_management.views.ZoneCreate,.venv/lib/python3.13/site-packages/django/views/generic/base.py:134,pagina,risk_management/riskzone_form.html,org_pk,1,1
riskmanagement,riskzone_detail,/risk/<int:org_pk>/riskzone/<int:pk>/detail/,risk_management.views.ZoneDetail,.venv/lib/python3.13/site-packages/django/views/generic/base.py:134,pagina,risk_management/riskzone_detail.html,org_pk|pk,1,1
riskmanagement,riskzone_update,/risk/<int:org_pk>/riskzone/<int:pk>/update/,risk_management.views.ZoneEdit,.venv/lib/python3.13/site-packages/django/views/generic/base.py:134,pagina,risk_management/riskzone_form.html,org_pk|pk,1,1
riskmanagement,riskzone_delete,/risk/<int:org_pk>/riskzone/<int:pk>/delete/,risk_management.views.ZoneDelete,.venv/lib/python3.13/site-packages/django/views/generic/base.py:134,pagina,risk_management/riskzone_confirm_delete.html,org_pk|pk,1,1
riskmanagement,incident_list,/risk/<int:org_pk>/incident/<int:building_pk>/list/,risk_management.incidents.IncidentReportList,.venv/lib/python3.13/site-packages/django/views/generic/base.py:134,pagina,risk_management/incidentreport_list.html,org_pk|building_pk,1,0
riskmanagement,incident_create,/risk/<int:org_pk>/incident/<int:building_pk>/create/,risk_management.incidents.IncidentReportCreate,.venv/lib/python3.13/site-packages/django/views/generic/base.py:134,pagina,risk_management/incidentreport_form.html,org_pk|building_pk,1,0
riskmanagement,incident_update,/risk/<int:org_pk>/incident/<int:building_pk>/<int:pk>/update/,risk_management.incidents.IncidentReportEdit,.venv/lib/python3.13/site-packages/django/views/generic/base.py:134,pagina,risk_management/incidentreport_form.html,org_pk|building_pk|pk,1,0
riskmanagement,incident_detail,/risk/<int:org_pk>/incident/<int:building_pk>/<int:pk>/detail/,risk_management.incidents.IncidentReportDetail,.venv/lib/python3.13/site-packages/django/views/generic/base.py:134,pagina,risk_management/incidentreport_detail.html,org_pk|building_pk|pk,0,0
riskmanagement,incident_delete,/risk/<int:org_pk>/incident/<int:building_pk>/<int:pk>/delete/,risk_management.incidents.IncidentReportDelete,.venv/lib/python3.13/site-packages/django/views/generic/base.py:134,pagina,risk_management/incidentreport_confirm_delete.html,org_pk|building_pk|pk,1,0
riskmanagement,incident_report,/risk/<int:org_pk>/incident/report/<int:risk_pk>/<int:pk>/,risk_management.incidents.report_incidentreport,.venv/lib/python3.13/site-packages/django/contrib/auth/decorators.py:214,descarga,risk_management/incidentreport_pdf.html,org_pk|risk_pk|pk,0,1
riskmanagement,zone_type_add,/risk/<int:org_pk>/zone_type/add/,risk_management.views.add_zone_type_view,.venv/lib/python3.13/site-packages/django/contrib/auth/decorators.py:265,parcial,,org_pk,0,1
riskmanagement,buildings_list,/risk/<int:org_pk>/buildings/,risk_management.views.buildings_view,.venv/lib/python3.13/site-packages/django/contrib/auth/decorators.py:317,pagina,risk_management/building_list.html,org_pk,1,0
riskmanagement,buildings_create,/risk/<int:org_pk>/buildings/create/,risk_management.views.buildings_actions,.venv/lib/python3.13/site-packages/django/contrib/auth/decorators.py:325,pagina,risk_management/buildings.html,org_pk,1,0
riskmanagement,buildings_update,/risk/<int:org_pk>/buildings/update/<int:pk>/,risk_management.views.buildings_actions,.venv/lib/python3.13/site-packages/django/contrib/auth/decorators.py:325,pagina,risk_management/buildings.html,org_pk|pk,1,0
riskmanagement,regents,/risk/<int:org_pk>/regents/,risk_management.views.regent_view,.venv/lib/python3.13/site-packages/django/contrib/auth/decorators.py:359,pagina,risk_management/regents.html,org_pk,1,0
riskmanagement,structures_list,/risk/<int:org_pk>/structures/,risk_management.views.structure_view,.venv/lib/python3.13/site-packages/django/contrib/auth/decorators.py:372,pagina,risk_management/structure_list.html,org_pk,1,0
riskmanagement,structures_create,/risk/<int:org_pk>/structures/create/,risk_management.views.structure_actions,.venv/lib/python3.13/site-packages/django/contrib/auth/decorators.py:380,pagina,risk_management/structure_form.html,org_pk,1,0
riskmanagement,structures_update,/risk/<int:org_pk>/structures/update/<int:pk>/,risk_management.views.structure_actions,.venv/lib/python3.13/site-packages/django/contrib/auth/decorators.py:380,pagina,risk_management/structure_form.html,org_pk|pk,1,0
riskmanagement,zone_dashboard,/risk/<int:org_pk>/dashboard/,risk_management.views.ZoneDashboard,.venv/lib/python3.13/site-packages/django/views/generic/base.py:97,pagina,risk_management/risk_graphics.html,org_pk,1,0
riskmanagement,api-regent-list,/risk/<int:org_pk>/api/risk/^api_regent/$,risk_management.api.viewset.RegentViewSet,.venv/lib/python3.13/site-packages/django/views/decorators/csrf.py:491,api,,org_pk,0,0
riskmanagement,api-regent-list,/risk/<int:org_pk>/api/risk/^api_regent\.(?P<format>[a-z0-9]+)/?$,risk_management.api.viewset.RegentViewSet,.venv/lib/python3.13/site-packages/django/views/decorators/csrf.py:491,api,,org_pk|format,0,0
riskmanagement,api-regent-detail-template,/risk/<int:org_pk>/api/risk/^api_regent/detail_template/$,risk_management.api.viewset.RegentViewSet,.venv/lib/python3.13/site-packages/django/views/decorators/csrf.py:491,api,,org_pk,0,0
riskmanagement,api-regent-detail-template,/risk/<int:org_pk>/api/risk/^api_regent/detail_template\.(?P<format>[a-z0-9]+)/?$,risk_management.api.viewset.RegentViewSet,.venv/lib/python3.13/site-packages/django/views/decorators/csrf.py:491,api,,org_pk|format,0,0
riskmanagement,api-regent-detail,/risk/<int:org_pk>/api/risk/^api_regent/(?P<pk>[^/.]+)/$,risk_management.api.viewset.RegentViewSet,.venv/lib/python3.13/site-packages/django/views/decorators/csrf.py:491,api,,org_pk|pk,0,0
riskmanagement,api-regent-detail,/risk/<int:org_pk>/api/risk/^api_regent/(?P<pk>[^/.]+)\.(?P<format>[a-z0-9]+)/?$,risk_management.api.viewset.RegentViewSet,.venv/lib/python3.13/site-packages/django/views/decorators/csrf.py:491,api,,org_pk|pk|format,0,0
riskmanagement,api-regent-get-values-for-update,/risk/<int:org_pk>/api/risk/^api_regent/(?P<pk>[^/.]+)/get_values_for_update/$,risk_management.api.viewset.RegentViewSet,.venv/lib/python3.13/site-packages/django/views/decorators/csrf.py:491,api,,org_pk|pk,0,0
riskmanagement,api-regent-get-values-for-update,/risk/<int:org_pk>/api/risk/^api_regent/(?P<pk>[^/.]+)/get_values_for_update\.(?P<format>[a-z0-9]+)/?$,risk_management.api.viewset.RegentViewSet,.venv/lib/python3.13/site-packages/django/views/decorators/csrf.py:491,api,,org_pk|pk|format,0,0
riskmanagement,api-iperassessment-list,/risk/<int:org_pk>/api/risk/^api_iperassessment/$,risk_management.api.viewset.IPERAssessmentViewSet,.venv/lib/python3.13/site-packages/django/views/decorators/csrf.py:491,api,,org_pk,0,1
riskmanagement,api-iperassessment-list,/risk/<int:org_pk>/api/risk/^api_iperassessment\.(?P<format>[a-z0-9]+)/?$,risk_management.api.viewset.IPERAssessmentViewSet,.venv/lib/python3.13/site-packages/django/views/decorators/csrf.py:491,api,,org_pk|format,0,1
riskmanagement,api-iperassessment-detail-template,/risk/<int:org_pk>/api/risk/^api_iperassessment/detail_template/$,risk_management.api.viewset.IPERAssessmentViewSet,.venv/lib/python3.13/site-packages/django/views/decorators/csrf.py:491,api,,org_pk,0,0
riskmanagement,api-iperassessment-detail-template,/risk/<int:org_pk>/api/risk/^api_iperassessment/detail_template\.(?P<format>[a-z0-9]+)/?$,risk_management.api.viewset.IPERAssessmentViewSet,.venv/lib/python3.13/site-packages/django/views/decorators/csrf.py:491,api,,org_pk|format,0,0
riskmanagement,api-iperassessment-detail,/risk/<int:org_pk>/api/risk/^api_iperassessment/(?P<pk>[^/.]+)/$,risk_management.api.viewset.IPERAssessmentViewSet,.venv/lib/python3.13/site-packages/django/views/decorators/csrf.py:491,api,,org_pk|pk,0,1
riskmanagement,api-iperassessment-detail,/risk/<int:org_pk>/api/risk/^api_iperassessment/(?P<pk>[^/.]+)\.(?P<format>[a-z0-9]+)/?$,risk_management.api.viewset.IPERAssessmentViewSet,.venv/lib/python3.13/site-packages/django/views/decorators/csrf.py:491,api,,org_pk|pk|format,0,1
riskmanagement,api-iperassessment-get-values-for-update,/risk/<int:org_pk>/api/risk/^api_iperassessment/(?P<pk>[^/.]+)/get_values_for_update/$,risk_management.api.viewset.IPERAssessmentViewSet,.venv/lib/python3.13/site-packages/django/views/decorators/csrf.py:491,api,,org_pk|pk,0,0
riskmanagement,api-iperassessment-get-values-for-update,/risk/<int:org_pk>/api/risk/^api_iperassessment/(?P<pk>[^/.]+)/get_values_for_update\.(?P<format>[a-z0-9]+)/?$,risk_management.api.viewset.IPERAssessmentViewSet,.venv/lib/python3.13/site-packages/django/views/decorators/csrf.py:491,api,,org_pk|pk|format,0,0
riskmanagement,api-root,/risk/<int:org_pk>/api/risk/,rest_framework.routers.APIRootView,.venv/lib/python3.13/site-packages/django/views/decorators/csrf.py:97,api,,org_pk,0,0
riskmanagement,api-root,/risk/<int:org_pk>/api/risk/<drf_format_suffix:format>,rest_framework.routers.APIRootView,.venv/lib/python3.13/site-packages/django/views/decorators/csrf.py:97,api,,org_pk|format,0,0
riskmanagement,api-building-list,/risk/<int:org_pk>/api/building/^api_building/$,risk_management.api.viewset.BuildingViewSet,.venv/lib/python3.13/site-packages/django/views/decorators/csrf.py:491,api,,org_pk,0,0
riskmanagement,api-building-list,/risk/<int:org_pk>/api/building/^api_building\.(?P<format>[a-z0-9]+)/?$,risk_management.api.viewset.BuildingViewSet,.venv/lib/python3.13/site-packages/django/views/decorators/csrf.py:491,api,,org_pk|format,0,0
riskmanagement,api-building-detail-template,/risk/<int:org_pk>/api/building/^api_building/detail_template/$,risk_management.api.viewset.BuildingViewSet,.venv/lib/python3.13/site-packages/django/views/decorators/csrf.py:491,api,,org_pk,0,0
riskmanagement,api-building-detail-template,/risk/<int:org_pk>/api/building/^api_building/detail_template\.(?P<format>[a-z0-9]+)/?$,risk_management.api.viewset.BuildingViewSet,.venv/lib/python3.13/site-packages/django/views/decorators/csrf.py:491,api,,org_pk|format,0,0
riskmanagement,api-building-detail,/risk/<int:org_pk>/api/building/^api_building/(?P<pk>[^/.]+)/$,risk_management.api.viewset.BuildingViewSet,.venv/lib/python3.13/site-packages/django/views/decorators/csrf.py:491,api,,org_pk|pk,0,0
riskmanagement,api-building-detail,/risk/<int:org_pk>/api/building/^api_building/(?P<pk>[^/.]+)\.(?P<format>[a-z0-9]+)/?$,risk_management.api.viewset.BuildingViewSet,.venv/lib/python3.13/site-packages/django/views/decorators/csrf.py:491,api,,org_pk|pk|format,0,0
riskmanagement,api-building-get-values-for-update,/risk/<int:org_pk>/api/building/^api_building/(?P<pk>[^/.]+)/get_values_for_update/$,risk_management.api.viewset.BuildingViewSet,.venv/lib/python3.13/site-packages/django/views/decorators/csrf.py:491,api,,org_pk|pk,0,0
riskmanagement,api-building-get-values-for-update,/risk/<int:org_pk>/api/building/^api_building/(?P<pk>[^/.]+)/get_values_for_update\.(?P<format>[a-z0-9]+)/?$,risk_management.api.viewset.BuildingViewSet,.venv/lib/python3.13/site-packages/django/views/decorators/csrf.py:491,api,,org_pk|pk|format,0,0
riskmanagement,api-root,/risk/<int:org_pk>/api/building/,rest_framework.routers.APIRootView,.venv/lib/python3.13/site-packages/django/views/decorators/csrf.py:97,api,,org_pk,0,0
riskmanagement,api-root,/risk/<int:org_pk>/api/building/<drf_format_suffix:format>,rest_framework.routers.APIRootView,.venv/lib/python3.13/site-packages/django/views/decorators/csrf.py:97,api,,org_pk|format,0,0
riskmanagement,api-structure-list,/risk/<int:org_pk>/api/structure/^api_structure/$,risk_management.api.viewset.StructureViewSet,.venv/lib/python3.13/site-packages/django/views/decorators/csrf.py:491,api,,org_pk,0,0
riskmanagement,api-structure-list,/risk/<int:org_pk>/api/structure/^api_structure\.(?P<format>[a-z0-9]+)/?$,risk_management.api.viewset.StructureViewSet,.venv/lib/python3.13/site-packages/django/views/decorators/csrf.py:491,api,,org_pk|format,0,0
riskmanagement,api-structure-detail-template,/risk/<int:org_pk>/api/structure/^api_structure/detail_template/$,risk_management.api.viewset.StructureViewSet,.venv/lib/python3.13/site-packages/django/views/decorators/csrf.py:491,api,,org_pk,0,0
riskmanagement,api-structure-detail-template,/risk/<int:org_pk>/api/structure/^api_structure/detail_template\.(?P<format>[a-z0-9]+)/?$,risk_management.api.viewset.StructureViewSet,.venv/lib/python3.13/site-packages/django/views/decorators/csrf.py:491,api,,org_pk|format,0,0
riskmanagement,api-structure-detail,/risk/<int:org_pk>/api/structure/^api_structure/(?P<pk>[^/.]+)/$,risk_management.api.viewset.StructureViewSet,.venv/lib/python3.13/site-packages/django/views/decorators/csrf.py:491,api,,org_pk|pk,0,0
riskmanagement,api-structure-detail,/risk/<int:org_pk>/api/structure/^api_structure/(?P<pk>[^/.]+)\.(?P<format>[a-z0-9]+)/?$,risk_management.api.viewset.StructureViewSet,.venv/lib/python3.13/site-packages/django/views/decorators/csrf.py:491,api,,org_pk|pk|format,0,0
riskmanagement,api-structure-get-values-for-update,/risk/<int:org_pk>/api/structure/^api_structure/(?P<pk>[^/.]+)/get_values_for_update/$,risk_management.api.viewset.StructureViewSet,.venv/lib/python3.13/site-packages/django/views/decorators/csrf.py:491,api,,org_pk|pk,0,0
riskmanagement,api-structure-get-values-for-update,/risk/<int:org_pk>/api/structure/^api_structure/(?P<pk>[^/.]+)/get_values_for_update\.(?P<format>[a-z0-9]+)/?$,risk_management.api.viewset.StructureViewSet,.venv/lib/python3.13/site-packages/django/views/decorators/csrf.py:491,api,,org_pk|pk|format,0,0
riskmanagement,api-root,/risk/<int:org_pk>/api/structure/,rest_framework.routers.APIRootView,.venv/lib/python3.13/site-packages/django/views/decorators/csrf.py:97,api,,org_pk,0,0
riskmanagement,api-root,/risk/<int:org_pk>/api/structure/<drf_format_suffix:format>,rest_framework.routers.APIRootView,.venv/lib/python3.13/site-packages/django/views/decorators/csrf.py:97,api,,org_pk|format,0,0
riskmanagement,api-incident-list,/risk/<int:org_pk>/api/incident/<int:risk>/^api_incident/$,risk_management.api.viewset.IncidentViewSet,.venv/lib/python3.13/site-packages/django/views/decorators/csrf.py:491,api,,org_pk|risk,0,1
riskmanagement,api-incident-list,/risk/<int:org_pk>/api/incident/<int:risk>/^api_incident\.(?P<format>[a-z0-9]+)/?$,risk_management.api.viewset.IncidentViewSet,.venv/lib/python3.13/site-packages/django/views/decorators/csrf.py:491,api,,org_pk|risk|format,0,1
riskmanagement,api-incident-detail-template,/risk/<int:org_pk>/api/incident/<int:risk>/^api_incident/detail_template/$,risk_management.api.viewset.IncidentViewSet,.venv/lib/python3.13/site-packages/django/views/decorators/csrf.py:491,api,,org_pk|risk,0,0
riskmanagement,api-incident-detail-template,/risk/<int:org_pk>/api/incident/<int:risk>/^api_incident/detail_template\.(?P<format>[a-z0-9]+)/?$,risk_management.api.viewset.IncidentViewSet,.venv/lib/python3.13/site-packages/django/views/decorators/csrf.py:491,api,,org_pk|risk|format,0,0
riskmanagement,api-incident-detail,/risk/<int:org_pk>/api/incident/<int:risk>/^api_incident/(?P<pk>[^/.]+)/$,risk_management.api.viewset.IncidentViewSet,.venv/lib/python3.13/site-packages/django/views/decorators/csrf.py:491,api,,org_pk|risk|pk,0,1
riskmanagement,api-incident-detail,/risk/<int:org_pk>/api/incident/<int:risk>/^api_incident/(?P<pk>[^/.]+)\.(?P<format>[a-z0-9]+)/?$,risk_management.api.viewset.IncidentViewSet,.venv/lib/python3.13/site-packages/django/views/decorators/csrf.py:491,api,,org_pk|risk|pk|format,0,1
riskmanagement,api-incident-get-values-for-update,/risk/<int:org_pk>/api/incident/<int:risk>/^api_incident/(?P<pk>[^/.]+)/get_values_for_update/$,risk_management.api.viewset.IncidentViewSet,.venv/lib/python3.13/site-packages/django/views/decorators/csrf.py:491,api,,org_pk|risk|pk,0,0
riskmanagement,api-incident-get-values-for-update,/risk/<int:org_pk>/api/incident/<int:risk>/^api_incident/(?P<pk>[^/.]+)/get_values_for_update\.(?P<format>[a-z0-9]+)/?$,risk_management.api.viewset.IncidentViewSet,.venv/lib/python3.13/site-packages/django/views/decorators/csrf.py:491,api,,org_pk|risk|pk|format,0,0
riskmanagement,api-root,/risk/<int:org_pk>/api/incident/<int:risk>/,rest_framework.routers.APIRootView,.venv/lib/python3.13/site-packages/django/views/decorators/csrf.py:97,api,,org_pk|risk,0,0
riskmanagement,api-root,/risk/<int:org_pk>/api/incident/<int:risk>/<drf_format_suffix:format>,rest_framework.routers.APIRootView,.venv/lib/python3.13/site-packages/django/views/decorators/csrf.py:97,api,,org_pk|risk|format,0,0
riskmanagement,risk_report,/risk/<int:org_pk>/reports/,risk_management.views.RiskZoneReport,.venv/lib/python3.13/site-packages/django/views/generic/base.py:134,pagina,report/base_report_organizations.html,org_pk,0,0
riskmanagement,workday_list,/risk/<int:org_pk>/workdays/<int:risk_zone>/,risk_management.views.workday_view,.venv/lib/python3.13/site-packages/django/contrib/auth/decorators.py:493,pagina,risk_management/workday_list.html,org_pk|risk_zone,1,0
riskmanagement,api-workday-list,/risk/<int:org_pk>/api/workday/<int:risk>/^api_workday/$,risk_management.api.viewset.WorkdaysViewSet,.venv/lib/python3.13/site-packages/django/views/decorators/csrf.py:491,api,,org_pk|risk,0,0
riskmanagement,api-workday-list,/risk/<int:org_pk>/api/workday/<int:risk>/^api_workday\.(?P<format>[a-z0-9]+)/?$,risk_management.api.viewset.WorkdaysViewSet,.venv/lib/python3.13/site-packages/django/views/decorators/csrf.py:491,api,,org_pk|risk|format,0,0
riskmanagement,api-workday-detail-template,/risk/<int:org_pk>/api/workday/<int:risk>/^api_workday/detail_template/$,risk_management.api.viewset.WorkdaysViewSet,.venv/lib/python3.13/site-packages/django/views/decorators/csrf.py:491,api,,org_pk|risk,0,0
riskmanagement,api-workday-detail-template,/risk/<int:org_pk>/api/workday/<int:risk>/^api_workday/detail_template\.(?P<format>[a-z0-9]+)/?$,risk_management.api.viewset.WorkdaysViewSet,.venv/lib/python3.13/site-packages/django/views/decorators/csrf.py:491,api,,org_pk|risk|format,0,0
riskmanagement,api-workday-detail,/risk/<int:org_pk>/api/workday/<int:risk>/^api_workday/(?P<pk>[^/.]+)/$,risk_management.api.viewset.WorkdaysViewSet,.venv/lib/python3.13/site-packages/django/views/decorators/csrf.py:491,api,,org_pk|risk|pk,0,0
riskmanagement,api-workday-detail,/risk/<int:org_pk>/api/workday/<int:risk>/^api_workday/(?P<pk>[^/.]+)\.(?P<format>[a-z0-9]+)/?$,risk_management.api.viewset.WorkdaysViewSet,.venv/lib/python3.13/site-packages/django/views/decorators/csrf.py:491,api,,org_pk|risk|pk|format,0,0
riskmanagement,api-workday-get-values-for-update,/risk/<int:org_pk>/api/workday/<int:risk>/^api_workday/(?P<pk>[^/.]+)/get_values_for_update/$,risk_management.api.viewset.WorkdaysViewSet,.venv/lib/python3.13/site-packages/django/views/decorators/csrf.py:491,api,,org_pk|risk|pk,0,0
riskmanagement,api-workday-get-values-for-update,/risk/<int:org_pk>/api/workday/<int:risk>/^api_workday/(?P<pk>[^/.]+)/get_values_for_update\.(?P<format>[a-z0-9]+)/?$,risk_management.api.viewset.WorkdaysViewSet,.venv/lib/python3.13/site-packages/django/views/decorators/csrf.py:491,api,,org_pk|risk|pk|format,0,0
riskmanagement,api-root,/risk/<int:org_pk>/api/workday/<int:risk>/,rest_framework.routers.APIRootView,.venv/lib/python3.13/site-packages/django/views/decorators/csrf.py:97,api,,org_pk|risk,0,0
riskmanagement,api-root,/risk/<int:org_pk>/api/workday/<int:risk>/<drf_format_suffix:format>,rest_framework.routers.APIRootView,.venv/lib/python3.13/site-packages/django/views/decorators/csrf.py:97,api,,org_pk|risk|format,0,0
riskmanagement,iper_list,/risk/<int:org_pk>/iper/list/,risk_management.iper_views.IPERAssessmentList,.venv/lib/python3.13/site-packages/django/views/generic/base.py:134,pagina,risk_management/iper_list.html,org_pk,0,1
riskmanagement,iper_create,/risk/<int:org_pk>/iper/create/,risk_management.iper_views.IPERAssessmentCreate,.venv/lib/python3.13/site-packages/django/views/generic/base.py:134,pagina,risk_management/iper_form.html,org_pk,0,0
riskmanagement,iper_detail,/risk/<int:org_pk>/iper/<int:pk>/detail/,risk_management.iper_views.IPERAssessmentDetail,.venv/lib/python3.13/site-packages/django/views/generic/base.py:134,pagina,risk_management/iper_detail.html,org_pk|pk,0,0
riskmanagement,iper_toggle_anonymous,/risk/<int:org_pk>/iper/<int:pk>/toggle-anonymous/,risk_management.iper_views.iper_toggle_anonymous,.venv/lib/python3.13/site-packages/django/contrib/auth/decorators.py:322,accion,,org_pk|pk,0,0
riskmanagement,iper_toggle_status,/risk/<int:org_pk>/iper/<int:pk>/toggle-status/,risk_management.iper_views.iper_toggle_status,.venv/lib/python3.13/site-packages/django/contrib/auth/decorators.py:345,accion,,org_pk|pk,0,0
riskmanagement,iper_update,/risk/<int:org_pk>/iper/<int:pk>/update/,risk_management.iper_views.IPERAssessmentUpdate,.venv/lib/python3.13/site-packages/django/views/generic/base.py:134,pagina,risk_management/iper_form.html,org_pk|pk,0,0
riskmanagement,iper_delete,/risk/<int:org_pk>/iper/<int:pk>/delete/,risk_management.iper_views.IPERAssessmentDelete,.venv/lib/python3.13/site-packages/django/views/generic/base.py:134,pagina,risk_management/iperassessment_confirm_delete.html,org_pk|pk,0,0
riskmanagement,iper_clone,/risk/<int:org_pk>/iper/<int:pk>/clone/,risk_management.iper_views.iper_clone_for_update,.venv/lib/python3.13/site-packages/django/contrib/auth/decorators.py:503,accion,,org_pk|pk,0,1
riskmanagement,iper_observation_add,/risk/<int:org_pk>/iper/<int:pk>/observation/,risk_management.iper_views.iper_observation_add,.venv/lib/python3.13/site-packages/django/contrib/auth/decorators.py:465,accion,,org_pk|pk,0,0
riskmanagement,iper_hazard_create,/risk/<int:org_pk>/iper/<int:assessment_pk>/hazard/create/,risk_management.iper_views.iper_hazard_action,.venv/lib/python3.13/site-packages/django/contrib/auth/decorators.py:378,accion,,org_pk|assessment_pk,0,1
riskmanagement,iper_hazard_update,/risk/<int:org_pk>/iper/<int:assessment_pk>/hazard/<int:pk>/update/,risk_management.iper_views.iper_hazard_action,.venv/lib/python3.13/site-packages/django/contrib/auth/decorators.py:378,accion,,org_pk|assessment_pk|pk,0,0
riskmanagement,iper_hazard_delete,/risk/<int:org_pk>/iper/<int:assessment_pk>/hazard/<int:pk>/delete/,risk_management.iper_views.iper_hazard_delete,.venv/lib/python3.13/site-packages/django/contrib/auth/decorators.py:426,accion,,org_pk|assessment_pk|pk,0,0
riskmanagement,iper_history,/risk/<int:org_pk>/iper/history/,risk_management.iper_views.IPERHistory,.venv/lib/python3.13/site-packages/django/views/generic/base.py:134,pagina,risk_management/iper_history.html,org_pk,0,1
riskmanagement,iper_dashboard,/risk/<int:org_pk>/iper/dashboard/,risk_management.iper_views.IPERDashboard,.venv/lib/python3.13/site-packages/django/views/generic/base.py:134,pagina,risk_management/iper_dashboard.html,org_pk,0,0
riskmanagement,iper_request_zone,/risk/<int:org_pk>/iper/zone/<int:risk_pk>/request/,risk_management.iper_views.iper_request_for_zone,.venv/lib/python3.13/site-packages/django/contrib/auth/decorators.py:561,accion,,org_pk|risk_pk,0,0
riskmanagement,iper_lab_help,/risk/<int:org_pk>/iper/labdata/<int:lab_pk>/,risk_management.iper_views.iper_lab_help,.venv/lib/python3.13/site-packages/django/contrib/auth/decorators.py:806,json,,org_pk|lab_pk,0,1
riskmanagement,iper_catalog_add,/risk/<int:org_pk>/iper/catalog/add/,risk_management.iper_views.iper_catalog_add,.venv/lib/python3.13/site-packages/django/contrib/auth/decorators.py:844,parcial,,org_pk,0,0
derb,form_list,/derb/<int:org_pk>/FormList/,derb.views.form_list.FormList,.venv/lib/python3.13/site-packages/django/views/generic/base.py:134,pagina,formBuilder/form_list.html,org_pk,1,1
derb,delete_form,/derb/<int:org_pk>/FormList/delete/<int:pk>/,derb.views.form_list.DeleteForm,.venv/lib/python3.13/site-packages/django/views/generic/base.py:134,accion,,org_pk|pk,0,1
derb,create_form,/derb/<int:org_pk>/FormList/create/,derb.views.form_list.CreateForm,.venv/lib/python3.13/site-packages/django/contrib/auth/decorators.py:69,json,,org_pk,0,1
derb,preview_form,/derb/<int:org_pk>/FormList/preview/<int:form_id>/,derb.views.preview_form.previewForm,.venv/lib/python3.13/site-packages/django/contrib/auth/decorators.py:9,pagina,formBuilder/preview_form.html,org_pk|form_id,0,0
derb,edit_view,/derb/<int:org_pk>/editView/,derb.views.EditView.EditView,.venv/lib/python3.13/site-packages/django/views/generic/base.py:134,pagina,formBuilder/edit_view.html,org_pk,0,1
derb,edit_view,/derb/<int:org_pk>/editView/<int:form_id>/,derb.views.EditView.EditView,.venv/lib/python3.13/site-packages/django/views/generic/base.py:134,pagina,formBuilder/edit_view.html,org_pk|form_id,0,1
derb,update_form,/derb/<int:org_pk>/editView/update/,derb.views.EditView.UpdateForm,.venv/lib/python3.13/site-packages/django/contrib/auth/decorators.py:71,json,,org_pk,0,0
derb,api_inform,/derb/<int:org_pk>/api/informView/,derb.api.views.InformView,.venv/lib/python3.13/site-packages/django/views/decorators/csrf.py:97,api,,org_pk,0,1
derb,api_laboratory_by_user,/derb/<int:org_pk>/api/laboratoryView/,derb.api.views.LaboratoryByUserView,.venv/lib/python3.13/site-packages/django/views/decorators/csrf.py:97,api,,org_pk,0,1
derb,api_laboratory_by_org,/derb/<int:org_pk>/api/laboratoryOrgView/,derb.api.views.LaboratoryByOrgView,.venv/lib/python3.13/site-packages/django/views/decorators/csrf.py:97,api,,org_pk,0,1
derb,api_org_structure,/derb/<int:org_pk>/api/orgView/,derb.api.views.OrganizationUsersView,.venv/lib/python3.13/site-packages/django/views/decorators/csrf.py:97,api,,org_pk,0,1
derb,api_incident,/derb/<int:org_pk>/api/incidentReportView/,derb.api.views.IncidentReportView,.venv/lib/python3.13/site-packages/django/views/decorators/csrf.py:97,api,,org_pk,0,1
derb,api_objects,/derb/<int:org_pk>/api/objectsView/,derb.api.views.ObjectsView,.venv/lib/python3.13/site-packages/django/views/decorators/csrf.py:97,api,,org_pk,0,1
academic,add_steps_wrapper,/academic/<int:org_pk>/procedure/add_steps_wrapper/<int:pk>/,academic.views.add_steps_wrapper,.venv/lib/python3.13/site-packages/django/contrib/auth/decorators.py:62,accion,,org_pk|pk,0,1
academic,api-procedurerequiredobject-list,/academic/<int:org_pk>/procedure/step/<int:parent_pk>/^api_requiredobject/$,academic.api.views.ProcedureRequiredObjectViewSet,.venv/lib/python3.13/site-packages/django/views/decorators/csrf.py:491,api,,org_pk|parent_pk,0,1
academic,api-procedurerequiredobject-list,/academic/<int:org_pk>/procedure/step/<int:parent_pk>/^api_requiredobject\.(?P<format>[a-z0-9]+)/?$,academic.api.views.ProcedureRequiredObjectViewSet,.venv/lib/python3.13/site-packages/django/views/decorators/csrf.py:491,api,,org_pk|parent_pk|format,0,1
academic,api-procedurerequiredobject-detail-template,/academic/<int:org_pk>/procedure/step/<int:parent_pk>/^api_requiredobject/detail_template/$,academic.api.views.ProcedureRequiredObjectViewSet,.venv/lib/python3.13/site-packages/django/views/decorators/csrf.py:491,api,,org_pk|parent_pk,0,0
academic,api-procedurerequiredobject-detail-template,/academic/<int:org_pk>/procedure/step/<int:parent_pk>/^api_requiredobject/detail_template\.(?P<format>[a-z0-9]+)/?$,academic.api.views.ProcedureRequiredObjectViewSet,.venv/lib/python3.13/site-packages/django/views/decorators/csrf.py:491,api,,org_pk|parent_pk|format,0,0
academic,api-procedurerequiredobject-detail,/academic/<int:org_pk>/procedure/step/<int:parent_pk>/^api_requiredobject/(?P<pk>[^/.]+)/$,academic.api.views.ProcedureRequiredObjectViewSet,.venv/lib/python3.13/site-packages/django/views/decorators/csrf.py:491,api,,org_pk|parent_pk|pk,0,1
academic,api-procedurerequiredobject-detail,/academic/<int:org_pk>/procedure/step/<int:parent_pk>/^api_requiredobject/(?P<pk>[^/.]+)\.(?P<format>[a-z0-9]+)/?$,academic.api.views.ProcedureRequiredObjectViewSet,.venv/lib/python3.13/site-packages/django/views/decorators/csrf.py:491,api,,org_pk|parent_pk|pk|format,0,1
academic,api-procedurerequiredobject-get-values-for-update,/academic/<int:org_pk>/procedure/step/<int:parent_pk>/^api_requiredobject/(?P<pk>[^/.]+)/get_values_for_update/$,academic.api.views.ProcedureRequiredObjectViewSet,.venv/lib/python3.13/site-packages/django/views/decorators/csrf.py:491,api,,org_pk|parent_pk|pk,0,0
academic,api-procedurerequiredobject-get-values-for-update,/academic/<int:org_pk>/procedure/step/<int:parent_pk>/^api_requiredobject/(?P<pk>[^/.]+)/get_values_for_update\.(?P<format>[a-z0-9]+)/?$,academic.api.views.ProcedureRequiredObjectViewSet,.venv/lib/python3.13/site-packages/django/views/decorators/csrf.py:491,api,,org_pk|parent_pk|pk|format,0,0
academic,api-procedureobservation-list,/academic/<int:org_pk>/procedure/step/<int:parent_pk>/^api_observation/$,academic.api.views.ProcedureObservationViewSet,.venv/lib/python3.13/site-packages/django/views/decorators/csrf.py:491,api,,org_pk|parent_pk,0,1
academic,api-procedureobservation-list,/academic/<int:org_pk>/procedure/step/<int:parent_pk>/^api_observation\.(?P<format>[a-z0-9]+)/?$,academic.api.views.ProcedureObservationViewSet,.venv/lib/python3.13/site-packages/django/views/decorators/csrf.py:491,api,,org_pk|parent_pk|format,0,1
academic,api-procedureobservation-detail-template,/academic/<int:org_pk>/procedure/step/<int:parent_pk>/^api_observation/detail_template/$,academic.api.views.ProcedureObservationViewSet,.venv/lib/python3.13/site-packages/django/views/decorators/csrf.py:491,api,,org_pk|parent_pk,0,0
academic,api-procedureobservation-detail-template,/academic/<int:org_pk>/procedure/step/<int:parent_pk>/^api_observation/detail_template\.(?P<format>[a-z0-9]+)/?$,academic.api.views.ProcedureObservationViewSet,.venv/lib/python3.13/site-packages/django/views/decorators/csrf.py:491,api,,org_pk|parent_pk|format,0,0
academic,api-procedureobservation-detail,/academic/<int:org_pk>/procedure/step/<int:parent_pk>/^api_observation/(?P<pk>[^/.]+)/$,academic.api.views.ProcedureObservationViewSet,.venv/lib/python3.13/site-packages/django/views/decorators/csrf.py:491,api,,org_pk|parent_pk|pk,0,1
academic,api-procedureobservation-detail,/academic/<int:org_pk>/procedure/step/<int:parent_pk>/^api_observation/(?P<pk>[^/.]+)\.(?P<format>[a-z0-9]+)/?$,academic.api.views.ProcedureObservationViewSet,.venv/lib/python3.13/site-packages/django/views/decorators/csrf.py:491,api,,org_pk|parent_pk|pk|format,0,1
academic,api-procedureobservation-get-values-for-update,/academic/<int:org_pk>/procedure/step/<int:parent_pk>/^api_observation/(?P<pk>[^/.]+)/get_values_for_update/$,academic.api.views.ProcedureObservationViewSet,.venv/lib/python3.13/site-packages/django/views/decorators/csrf.py:491,api,,org_pk|parent_pk|pk,0,0
academic,api-procedureobservation-get-values-for-update,/academic/<int:org_pk>/procedure/step/<int:parent_pk>/^api_observation/(?P<pk>[^/.]+)/get_values_for_update\.(?P<format>[a-z0-9]+)/?$,academic.api.views.ProcedureObservationViewSet,.venv/lib/python3.13/site-packages/django/views/decorators/csrf.py:491,api,,org_pk|parent_pk|pk|format,0,0
academic,api-root,/academic/<int:org_pk>/procedure/step/<int:parent_pk>/,rest_framework.routers.APIRootView,.venv/lib/python3.13/site-packages/django/views/decorators/csrf.py:97,api,,org_pk|parent_pk,0,0
academic,api-root,/academic/<int:org_pk>/procedure/step/<int:parent_pk>/<drf_format_suffix:format>,rest_framework.routers.APIRootView,.venv/lib/python3.13/site-packages/django/views/decorators/csrf.py:97,api,,org_pk|parent_pk|format,0,0
academic,procedure_create,/academic/<int:org_pk>/procedure/procedure_create/,academic.views.ProcedureCreateView,.venv/lib/python3.13/site-packages/django/views/generic/base.py:134,pagina,academic/procedure_create.html,org_pk,1,1
academic,procedure_update,/academic/<int:org_pk>/procedure/procedure_update/<int:pk>/,academic.views.ProcedureUpdateView,.venv/lib/python3.13/site-packages/django/views/generic/base.py:134,pagina,academic/procedure_create.html,org_pk|pk,0,1
academic,get_procedure,/academic/<int:org_pk>/procedure/get_procedure/<int:pk>/,academic.views.get_procedure,.venv/lib/python3.13/site-packages/django/contrib/auth/decorators.py:556,json,,org_pk|pk,0,1
academic,delete_procedure,/academic/<int:org_pk>/procedure/delete_procedure/,academic.views.delete_procedure,.venv/lib/python3.13/site-packages/django/contrib/auth/decorators.py:588,json,,org_pk,0,1
academic,procedure_detail,/academic/<int:org_pk>/procedure/procedure_detail/<int:pk>/,academic.views.procedureStepDetail,.venv/lib/python3.13/site-packages/django/contrib/auth/decorators.py:368,pagina,academic/detail.html,org_pk|pk,0,1
academic,procedure_step,/academic/<int:org_pk>/procedure/procedure/<int:pk>/step/,academic.views.ProcedureStepCreateView,.venv/lib/python3.13/site-packages/django/views/generic/base.py:134,pagina,academic/procedure_steps.html,org_pk|pk,0,1
academic,update_step,/academic/<int:org_pk>/procedure/step/<int:pk>/update/,academic.views.ProcedureStepUpdateView,.venv/lib/python3.13/site-packages/django/views/generic/base.py:134,pagina,academic/procedure_steps.html,org_pk|pk,0,1
academic,delete_step,/academic/<int:org_pk>/procedure/step/delete/,academic.views.delete_step,.venv/lib/python3.13/site-packages/django/contrib/auth/decorators.py:536,json,,org_pk,0,1
academic,procedure_list,/academic/<int:org_pk>/procedure/procedure_list/,academic.views.ProcedureListView,.venv/lib/python3.13/site-packages/django/views/generic/base.py:134,pagina,academic/procedure_list.html,org_pk,1,1
academic,generate_reservation,/academic/<int:org_pk>/myprocedure/<int:lab_pk>/generate_reservation/,academic.views.generate_reservation,.venv/lib/python3.13/site-packages/django/contrib/auth/decorators.py:610,json,,org_pk|lab_pk,0,1
academic,get_my_procedures,/academic/<int:org_pk>/myprocedure/<int:lab_pk>/get_list/,academic.views.get_my_procedures,.venv/lib/python3.13/site-packages/django/contrib/auth/decorators.py:85,pagina,academic/procedure.html,org_pk|lab_pk,1,1
academic,add_my_procedures,/academic/<int:org_pk>/myprocedure/<int:lab_pk>/add_procedures/<str:content_type>/<str:model>/,academic.views.create_my_procedures,.venv/lib/python3.13/site-packages/django/contrib/auth/decorators.py:103,pagina,academic/procedure.html,org_pk|lab_pk|content_type|model,0,1
academic,remove_my_procedure,/academic/<int:org_pk>/myprocedure/<int:lab_pk>/remove_procedure/<int:pk>/,academic.views.remove_my_procedure,.venv/lib/python3.13/site-packages/django/contrib/auth/decorators.py:145,accion,,org_pk|lab_pk|pk,0,1
academic,complete_my_procedure,/academic/<int:org_pk>/myprocedure/<int:lab_pk>/complete_procedure/<int:pk>/,academic.views.complete_my_procedure,.venv/lib/python3.13/site-packages/django/contrib/auth/decorators.py:204,pagina,academic/complete_my_procedure.html,org_pk|lab_pk|pk,0,1
academic,api-my-procedure-list,/academic/<int:org_pk>/spc/api/myprocedure/<int:lab_pk>/^api_my_procedure/$,academic.api.views.MyProceduresAPI,.venv/lib/python3.13/site-packages/django/views/decorators/csrf.py:491,api,,org_pk|lab_pk,0,0
academic,api-my-procedure-list,/academic/<int:org_pk>/spc/api/myprocedure/<int:lab_pk>/^api_my_procedure\.(?P<format>[a-z0-9]+)/?$,academic.api.views.MyProceduresAPI,.venv/lib/python3.13/site-packages/django/views/decorators/csrf.py:491,api,,org_pk|lab_pk|format,0,0
academic,api-my-procedure-download-my-procedures,/academic/<int:org_pk>/spc/api/myprocedure/<int:lab_pk>/^api_my_procedure/(?P<pk>[^/.]+)/download_my_procedures/$,academic.api.views.MyProceduresAPI,.venv/lib/python3.13/site-packages/django/views/decorators/csrf.py:491,api,,org_pk|lab_pk|pk,0,0
academic,api-my-procedure-download-my-procedures,/academic/<int:org_pk>/spc/api/myprocedure/<int:lab_pk>/^api_my_procedure/(?P<pk>[^/.]+)/download_my_procedures\.(?P<format>[a-z0-9]+)/?$,academic.api.views.MyProceduresAPI,.venv/lib/python3.13/site-packages/django/views/decorators/csrf.py:491,api,,org_pk|lab_pk|pk|format,0,0
academic,api-root,/academic/<int:org_pk>/spc/api/myprocedure/<int:lab_pk>/,rest_framework.routers.APIRootView,.venv/lib/python3.13/site-packages/django/views/decorators/csrf.py:97,api,,org_pk|lab_pk,0,0
academic,api-root,/academic/<int:org_pk>/spc/api/myprocedure/<int:lab_pk>/<drf_format_suffix:format>,rest_framework.routers.APIRootView,.venv/lib/python3.13/site-packages/django/views/decorators/csrf.py:97,api,,org_pk|lab_pk|format,0,0
academic,api-procedure-list,/academic/<int:org_pk>/spc/api/procedure/^api_procedures/$,academic.api.views.ProcedureAPI,.venv/lib/python3.13/site-packages/django/views/decorators/csrf.py:491,api,,org_pk,0,1
academic,api-procedure-list,/academic/<int:org_pk>/spc/api/procedure/^api_procedures\.(?P<format>[a-z0-9]+)/?$,academic.api.views.ProcedureAPI,.venv/lib/python3.13/site-packages/django/views/decorators/csrf.py:491,api,,org_pk|format,0,1
academic,api-root,/academic/<int:org_pk>/spc/api/procedure/,rest_framework.routers.APIRootView,.venv/lib/python3.13/site-packages/django/views/decorators/csrf.py:97,api,,org_pk,0,0
academic,api-root,/academic/<int:org_pk>/spc/api/procedure/<drf_format_suffix:format>,rest_framework.routers.APIRootView,.venv/lib/python3.13/site-packages/django/views/decorators/csrf.py:97,api,,org_pk|format,0,0
reservations_management,manage_reservation,/reservations_management/<int:org_pk>/reservations/<int:pk>/manage/,reservations_management.views.ManageReservationView,.venv/lib/python3.13/site-packages/django/views/generic/base.py:97,pagina,reservations_management/manage_reservation.html,org_pk|pk,1,1
reservations_management,reservations_list,/reservations_management/<int:org_pk>/reservations/list/<int:status>/,reservations_management.views.ReservationsListView,.venv/lib/python3.13/site-packages/django/views/generic/base.py:97,pagina,reservations_management/reservations_list.html,org_pk|status,1,1
reservations_management,get_product_name_and_quantity,/reservations_management/<int:org_pk>/reservedproduct/get_product_name_and_quantity/,reservations_management.functions.get_product_name_and_quantity,src/reservations_management/functions.py:30,json,,org_pk,0,1
reservations_management,validate_reservation,/reservations_management/<int:org_pk>/reservedproduct/validate_reservation/,reservations_management.functions.validate_reservation,.venv/lib/python3.13/site-packages/django/contrib/auth/decorators.py:322,json,,org_pk,0,1
reservations_management,increase_stock,/reservations_management/<int:org_pk>/reservedproduct/increase_stock/,reservations_management.functions.increase_stock,.venv/lib/python3.13/site-packages/django/contrib/auth/decorators.py:425,json,,org_pk,0,1
reservations_management,return_product,/reservations_management/<int:org_pk>/reservations/<int:pk>/product/<int:product_pk>/return/,reservations_management.views.ReturnProductView,.venv/lib/python3.13/site-packages/django/views/generic/base.py:97,json,,org_pk|pk|product_pk,0,0
reservations_management,product_action,/reservations_management/<int:org_pk>/reservations/<int:pk>/product/<int:product_pk>/action/,reservations_management.views.ProductActionView,.venv/lib/python3.13/site-packages/django/views/generic/base.py:97,accion,,org_pk|pk|product_pk,0,0
reservations_management,close_reservation,/reservations_management/<int:org_pk>/reservations/<int:pk>/close/,reservations_management.views.CloseReservationView,.venv/lib/python3.13/site-packages/django/views/generic/base.py:97,accion,,org_pk|pk,0,0
,api_molecularname,/^api/reactive/name/,laboratory.reactive.ReactiveMolecularFormulaAPIView,.venv/lib/python3.13/site-packages/django/views/decorators/csrf.py:97,api,,,0,0
admin,index,/admin/,django.contrib.admin.sites.AdminSite.index,.venv/lib/python3.13/site-packages/django/contrib/admin/sites.py:557,infra,,,0,0
admin,login,/admin/login/,django.contrib.admin.sites.AdminSite.login,.venv/lib/python3.13/site-packages/django/utils/decorators.py:412,infra,,,0,0
admin,logout,/admin/logout/,django.contrib.admin.sites.AdminSite.logout,.venv/lib/python3.13/site-packages/django/contrib/admin/sites.py:390,infra,,,0,0
admin,password_change,/admin/password_change/,django.contrib.admin.sites.AdminSite.password_change,.venv/lib/python3.13/site-packages/django/contrib/admin/sites.py:349,infra,,,0,0
admin,password_change_done,/admin/password_change/done/,django.contrib.admin.sites.AdminSite.password_change_done,.venv/lib/python3.13/site-packages/django/contrib/admin/sites.py:367,infra,,,0,0
admin,autocomplete,/admin/autocomplete/,django.contrib.admin.sites.AdminSite.autocomplete_view,.venv/lib/python3.13/site-packages/django/contrib/admin/sites.py:451,infra,,,0,0
admin,jsi18n,/admin/jsi18n/,django.contrib.admin.sites.AdminSite.i18n_javascript,.venv/lib/python3.13/site-packages/django/contrib/admin/sites.py:381,infra,,,0,0
admin,view_on_site,/admin/r/<path:content_type_id>/<path:object_id>/,django.contrib.contenttypes.views.shortcut,.venv/lib/python3.13/site-packages/django/contrib/admin/sites.py:9,infra,,content_type_id|object_id,0,0
admin,auth_group_changelist,/admin/auth/group/,django.contrib.admin.options.ModelAdmin.changelist_view,.venv/lib/python3.13/site-packages/django/contrib/admin/options.py:2012,infra,,,0,0
admin,auth_group_add,/admin/auth/group/add/,django.contrib.admin.options.ModelAdmin.add_view,.venv/lib/python3.13/site-packages/django/contrib/admin/options.py:1983,infra,,,0,0
admin,auth_group_history,/admin/auth/group/<path:object_id>/history/,django.contrib.admin.options.ModelAdmin.history_view,.venv/lib/python3.13/site-packages/django/contrib/admin/options.py:2274,infra,,object_id,0,0
admin,auth_group_delete,/admin/auth/group/<path:object_id>/delete/,django.contrib.admin.options.ModelAdmin.delete_view,.venv/lib/python3.13/site-packages/django/contrib/admin/options.py:2201,infra,,object_id,0,0
admin,auth_group_change,/admin/auth/group/<path:object_id>/change/,django.contrib.admin.options.ModelAdmin.change_view,.venv/lib/python3.13/site-packages/django/contrib/admin/options.py:1986,infra,,object_id,0,0
admin,sites_site_changelist,/admin/sites/site/,django.contrib.admin.options.ModelAdmin.changelist_view,.venv/lib/python3.13/site-packages/django/contrib/admin/options.py:2012,infra,,,0,0
admin,sites_site_add,/admin/sites/site/add/,django.contrib.admin.options.ModelAdmin.add_view,.venv/lib/python3.13/site-packages/django/contrib/admin/options.py:1983,infra,,,0,0
admin,sites_site_history,/admin/sites/site/<path:object_id>/history/,django.contrib.admin.options.ModelAdmin.history_view,.venv/lib/python3.13/site-packages/django/contrib/admin/options.py:2274,infra,,object_id,0,0
admin,sites_site_delete,/admin/sites/site/<path:object_id>/delete/,django.contrib.admin.options.ModelAdmin.delete_view,.venv/lib/python3.13/site-packages/django/contrib/admin/options.py:2201,infra,,object_id,0,0
admin,sites_site_change,/admin/sites/site/<path:object_id>/change/,django.contrib.admin.options.ModelAdmin.change_view,.venv/lib/python3.13/site-packages/django/contrib/admin/options.py:1986,infra,,object_id,0,0
admin,djgentelella_usersignatureconfig_changelist,/admin/djgentelella/usersignatureconfig/,django.contrib.admin.options.ModelAdmin.changelist_view,.venv/lib/python3.13/site-packages/django/contrib/admin/options.py:2012,infra,,,0,0
admin,djgentelella_usersignatureconfig_add,/admin/djgentelella/usersignatureconfig/add/,django.contrib.admin.options.ModelAdmin.add_view,.venv/lib/python3.13/site-packages/django/contrib/admin/options.py:1983,infra,,,0,0
admin,djgentelella_usersignatureconfig_history,/admin/djgentelella/usersignatureconfig/<path:object_id>/history/,django.contrib.admin.options.ModelAdmin.history_view,.venv/lib/python3.13/site-packages/django/contrib/admin/options.py:2274,infra,,object_id,0,0
admin,djgentelella_usersignatureconfig_delete,/admin/djgentelella/usersignatureconfig/<path:object_id>/delete/,django.contrib.admin.options.ModelAdmin.delete_view,.venv/lib/python3.13/site-packages/django/contrib/admin/options.py:2201,infra,,object_id,0,0
admin,djgentelella_usersignatureconfig_change,/admin/djgentelella/usersignatureconfig/<path:object_id>/change/,django.contrib.admin.options.ModelAdmin.change_view,.venv/lib/python3.13/site-packages/django/contrib/admin/options.py:1986,infra,,object_id,0,0
admin,djgentelella_chunkedupload_changelist,/admin/djgentelella/chunkedupload/,django.contrib.admin.options.ModelAdmin.changelist_view,.venv/lib/python3.13/site-packages/django/contrib/admin/options.py:2012,infra,,,0,0
admin,djgentelella_chunkedupload_add,/admin/djgentelella/chunkedupload/add/,django.contrib.admin.options.ModelAdmin.add_view,.venv/lib/python3.13/site-packages/django/contrib/admin/options.py:1983,infra,,,0,0
admin,djgentelella_chunkedupload_history,/admin/djgentelella/chunkedupload/<path:object_id>/history/,django.contrib.admin.options.ModelAdmin.history_view,.venv/lib/python3.13/site-packages/django/contrib/admin/options.py:2274,infra,,object_id,0,0
admin,djgentelella_chunkedupload_delete,/admin/djgentelella/chunkedupload/<path:object_id>/delete/,django.contrib.admin.options.ModelAdmin.delete_view,.venv/lib/python3.13/site-packages/django/contrib/admin/options.py:2201,infra,,object_id,0,0
admin,djgentelella_chunkedupload_change,/admin/djgentelella/chunkedupload/<path:object_id>/change/,django.contrib.admin.options.ModelAdmin.change_view,.venv/lib/python3.13/site-packages/django/contrib/admin/options.py:1986,infra,,object_id,0,0
admin,djgentelella_menuitem_changelist,/admin/djgentelella/menuitem/,django.contrib.admin.options.ModelAdmin.changelist_view,.venv/lib/python3.13/site-packages/django/contrib/admin/options.py:2012,infra,,,0,0
admin,djgentelella_menuitem_add,/admin/djgentelella/menuitem/add/,django.contrib.admin.options.ModelAdmin.add_view,.venv/lib/python3.13/site-packages/django/contrib/admin/options.py:1983,infra,,,0,0
admin,djgentelella_menuitem_history,/admin/djgentelella/menuitem/<path:object_id>/history/,django.contrib.admin.options.ModelAdmin.history_view,.venv/lib/python3.13/site-packages/django/contrib/admin/options.py:2274,infra,,object_id,0,0
admin,djgentelella_menuitem_delete,/admin/djgentelella/menuitem/<path:object_id>/delete/,django.contrib.admin.options.ModelAdmin.delete_view,.venv/lib/python3.13/site-packages/django/contrib/admin/options.py:2201,infra,,object_id,0,0
admin,djgentelella_menuitem_change,/admin/djgentelella/menuitem/<path:object_id>/change/,django.contrib.admin.options.ModelAdmin.change_view,.venv/lib/python3.13/site-packages/django/contrib/admin/options.py:1986,infra,,object_id,0,0
admin,djgentelella_help_changelist,/admin/djgentelella/help/,django.contrib.admin.options.ModelAdmin.changelist_view,.venv/lib/python3.13/site-packages/django/contrib/admin/options.py:2012,infra,,,0,0
admin,djgentelella_help_add,/admin/djgentelella/help/add/,django.contrib.admin.options.ModelAdmin.add_view,.venv/lib/python3.13/site-packages/django/contrib/admin/options.py:1983,infra,,,0,0
admin,djgentelella_help_history,/admin/djgentelella/help/<path:object_id>/history/,django.contrib.admin.options.ModelAdmin.history_view,.venv/lib/python3.13/site-packages/django/contrib/admin/options.py:2274,infra,,object_id,0,0
admin,djgentelella_help_delete,/admin/djgentelella/help/<path:object_id>/delete/,django.contrib.admin.options.ModelAdmin.delete_view,.venv/lib/python3.13/site-packages/django/contrib/admin/options.py:2201,infra,,object_id,0,0
admin,djgentelella_help_change,/admin/djgentelella/help/<path:object_id>/change/,django.contrib.admin.options.ModelAdmin.change_view,.venv/lib/python3.13/site-packages/django/contrib/admin/options.py:1986,infra,,object_id,0,0
admin,djgentelella_permissionscategorymanagement_changelist,/admin/djgentelella/permissionscategorymanagement/,django.contrib.admin.options.ModelAdmin.changelist_view,.venv/lib/python3.13/site-packages/django/contrib/admin/options.py:2012,infra,,,0,0
admin,djgentelella_permissionscategorymanagement_add,/admin/djgentelella/permissionscategorymanagement/add/,django.contrib.admin.options.ModelAdmin.add_view,.venv/lib/python3.13/site-packages/django/contrib/admin/options.py:1983,infra,,,0,0
admin,djgentelella_permissionscategorymanagement_history,/admin/djgentelella/permissionscategorymanagement/<path:object_id>/history/,django.contrib.admin.options.ModelAdmin.history_view,.venv/lib/python3.13/site-packages/django/contrib/admin/options.py:2274,infra,,object_id,0,0
admin,djgentelella_permissionscategorymanagement_delete,/admin/djgentelella/permissionscategorymanagement/<path:object_id>/delete/,django.contrib.admin.options.ModelAdmin.delete_view,.venv/lib/python3.13/site-packages/django/contrib/admin/options.py:2201,infra,,object_id,0,0
admin,djgentelella_permissionscategorymanagement_change,/admin/djgentelella/permissionscategorymanagement/<path:object_id>/change/,django.contrib.admin.options.ModelAdmin.change_view,.venv/lib/python3.13/site-packages/django/contrib/admin/options.py:1986,infra,,object_id,0,0
admin,djgentelella_gentelellasettings_changelist,/admin/djgentelella/gentelellasettings/,django.contrib.admin.options.ModelAdmin.changelist_view,.venv/lib/python3.13/site-packages/django/contrib/admin/options.py:2012,infra,,,0,0
admin,djgentelella_gentelellasettings_add,/admin/djgentelella/gentelellasettings/add/,django.contrib.admin.options.ModelAdmin.add_view,.venv/lib/python3.13/site-packages/django/contrib/admin/options.py:1983,infra,,,0,0
admin,djgentelella_gentelellasettings_history,/admin/djgentelella/gentelellasettings/<path:object_id>/history/,django.contrib.admin.options.ModelAdmin.history_view,.venv/lib/python3.13/site-packages/django/contrib/admin/options.py:2274,infra,,object_id,0,0
admin,djgentelella_gentelellasettings_delete,/admin/djgentelella/gentelellasettings/<path:object_id>/delete/,django.contrib.admin.options.ModelAdmin.delete_view,.venv/lib/python3.13/site-packages/django/contrib/admin/options.py:2201,infra,,object_id,0,0
admin,djgentelella_gentelellasettings_change,/admin/djgentelella/gentelellasettings/<path:object_id>/change/,django.contrib.admin.options.ModelAdmin.change_view,.venv/lib/python3.13/site-packages/django/contrib/admin/options.py:1986,infra,,object_id,0,0
admin,djgentelella_notification_changelist,/admin/djgentelella/notification/,django.contrib.admin.options.ModelAdmin.changelist_view,.venv/lib/python3.13/site-packages/django/contrib/admin/options.py:2012,infra,,,0,0
admin,djgentelella_notification_add,/admin/djgentelella/notification/add/,django.contrib.admin.options.ModelAdmin.add_view,.venv/lib/python3.13/site-packages/django/contrib/admin/options.py:1983,infra,,,0,0
admin,djgentelella_notification_history,/admin/djgentelella/notification/<path:object_id>/history/,django.contrib.admin.options.ModelAdmin.history_view,.venv/lib/python3.13/site-packages/django/contrib/admin/options.py:2274,infra,,object_id,0,0
admin,djgentelella_notification_delete,/admin/djgentelella/notification/<path:object_id>/delete/,django.contrib.admin.options.ModelAdmin.delete_view,.venv/lib/python3.13/site-packages/django/contrib/admin/options.py:2201,infra,,object_id,0,0
admin,djgentelella_notification_change,/admin/djgentelella/notification/<path:object_id>/change/,django.contrib.admin.options.ModelAdmin.change_view,.venv/lib/python3.13/site-packages/django/contrib/admin/options.py:1986,infra,,object_id,0,0
admin,djgentelella_trash_changelist,/admin/djgentelella/trash/,django.contrib.admin.options.ModelAdmin.changelist_view,.venv/lib/python3.13/site-packages/django/contrib/admin/options.py:2012,infra,,,0,0
admin,djgentelella_trash_add,/admin/djgentelella/trash/add/,django.contrib.admin.options.ModelAdmin.add_view,.venv/lib/python3.13/site-packages/django/contrib/admin/options.py:1983,infra,,,0,0
admin,djgentelella_trash_history,/admin/djgentelella/trash/<path:object_id>/history/,django.contrib.admin.options.ModelAdmin.history_view,.venv/lib/python3.13/site-packages/django/contrib/admin/options.py:2274,infra,,object_id,0,0
admin,djgentelella_trash_delete,/admin/djgentelella/trash/<path:object_id>/delete/,django.contrib.admin.options.ModelAdmin.delete_view,.venv/lib/python3.13/site-packages/django/contrib/admin/options.py:2201,infra,,object_id,0,0
admin,djgentelella_trash_change,/admin/djgentelella/trash/<path:object_id>/change/,django.contrib.admin.options.ModelAdmin.change_view,.venv/lib/python3.13/site-packages/django/contrib/admin/options.py:1986,infra,,object_id,0,0
admin,djgentelella_historyrelation_changelist,/admin/djgentelella/historyrelation/,django.contrib.admin.options.ModelAdmin.changelist_view,.venv/lib/python3.13/site-packages/django/contrib/admin/options.py:2012,infra,,,0,0
admin,djgentelella_historyrelation_add,/admin/djgentelella/historyrelation/add/,django.contrib.admin.options.ModelAdmin.add_view,.venv/lib/python3.13/site-packages/django/contrib/admin/options.py:1983,infra,,,0,0
admin,djgentelella_historyrelation_history,/admin/djgentelella/historyrelation/<path:object_id>/history/,django.contrib.admin.options.ModelAdmin.history_view,.venv/lib/python3.13/site-packages/django/contrib/admin/options.py:2274,infra,,object_id,0,0
admin,djgentelella_historyrelation_delete,/admin/djgentelella/historyrelation/<path:object_id>/delete/,django.contrib.admin.options.ModelAdmin.delete_view,.venv/lib/python3.13/site-packages/django/contrib/admin/options.py:2201,infra,,object_id,0,0
admin,djgentelella_historyrelation_change,/admin/djgentelella/historyrelation/<path:object_id>/change/,django.contrib.admin.options.ModelAdmin.change_view,.venv/lib/python3.13/site-packages/django/contrib/admin/options.py:1986,infra,,object_id,0,0
admin,djgentelella_trashrelation_changelist,/admin/djgentelella/trashrelation/,django.contrib.admin.options.ModelAdmin.changelist_view,.venv/lib/python3.13/site-packages/django/contrib/admin/options.py:2012,infra,,,0,0
admin,djgentelella_trashrelation_add,/admin/djgentelella/trashrelation/add/,django.contrib.admin.options.ModelAdmin.add_view,.venv/lib/python3.13/site-packages/django/contrib/admin/options.py:1983,infra,,,0,0
admin,djgentelella_trashrelation_history,/admin/djgentelella/trashrelation/<path:object_id>/history/,django.contrib.admin.options.ModelAdmin.history_view,.venv/lib/python3.13/site-packages/django/contrib/admin/options.py:2274,infra,,object_id,0,0
admin,djgentelella_trashrelation_delete,/admin/djgentelella/trashrelation/<path:object_id>/delete/,django.contrib.admin.options.ModelAdmin.delete_view,.venv/lib/python3.13/site-packages/django/contrib/admin/options.py:2201,infra,,object_id,0,0
admin,djgentelella_trashrelation_change,/admin/djgentelella/trashrelation/<path:object_id>/change/,django.contrib.admin.options.ModelAdmin.change_view,.venv/lib/python3.13/site-packages/django/contrib/admin/options.py:1986,infra,,object_id,0,0
admin,auth_and_perms_authorizedapplication_changelist,/admin/auth_and_perms/authorizedapplication/,django.contrib.admin.options.ModelAdmin.changelist_view,.venv/lib/python3.13/site-packages/django/contrib/admin/options.py:2012,infra,,,0,0
admin,auth_and_perms_authorizedapplication_add,/admin/auth_and_perms/authorizedapplication/add/,django.contrib.admin.options.ModelAdmin.add_view,.venv/lib/python3.13/site-packages/django/contrib/admin/options.py:1983,infra,,,0,0
admin,auth_and_perms_authorizedapplication_history,/admin/auth_and_perms/authorizedapplication/<path:object_id>/history/,django.contrib.admin.options.ModelAdmin.history_view,.venv/lib/python3.13/site-packages/django/contrib/admin/options.py:2274,infra,,object_id,0,0
admin,auth_and_perms_authorizedapplication_delete,/admin/auth_and_perms/authorizedapplication/<path:object_id>/delete/,django.contrib.admin.options.ModelAdmin.delete_view,.venv/lib/python3.13/site-packages/django/contrib/admin/options.py:2201,infra,,object_id,0,0
admin,auth_and_perms_authorizedapplication_change,/admin/auth_and_perms/authorizedapplication/<path:object_id>/change/,django.contrib.admin.options.ModelAdmin.change_view,.venv/lib/python3.13/site-packages/django/contrib/admin/options.py:1986,infra,,object_id,0,0
admin,auth_and_perms_profile_changelist,/admin/auth_and_perms/profile/,django.contrib.admin.options.ModelAdmin.changelist_view,.venv/lib/python3.13/site-packages/django/contrib/admin/options.py:2012,infra,,,0,0
admin,auth_and_perms_profile_add,/admin/auth_and_perms/profile/add/,django.contrib.admin.options.ModelAdmin.add_view,.venv/lib/python3.13/site-packages/django/contrib/admin/options.py:1983,infra,,,0,0
admin,auth_and_perms_profile_history,/admin/auth_and_perms/profile/<path:object_id>/history/,django.contrib.admin.options.ModelAdmin.history_view,.venv/lib/python3.13/site-packages/django/contrib/admin/options.py:2274,infra,,object_id,0,0
admin,auth_and_perms_profile_delete,/admin/auth_and_perms/profile/<path:object_id>/delete/,django.contrib.admin.options.ModelAdmin.delete_view,.venv/lib/python3.13/site-packages/django/contrib/admin/options.py:2201,infra,,object_id,0,0
admin,auth_and_perms_profile_change,/admin/auth_and_perms/profile/<path:object_id>/change/,django.contrib.admin.options.ModelAdmin.change_view,.venv/lib/python3.13/site-packages/django/contrib/admin/options.py:1986,infra,,object_id,0,0
admin,auth_and_perms_rol_changelist,/admin/auth_and_perms/rol/,django.contrib.admin.options.ModelAdmin.changelist_view,.venv/lib/python3.13/site-packages/django/contrib/admin/options.py:2012,infra,,,0,0
admin,auth_and_perms_rol_add,/admin/auth_and_perms/rol/add/,django.contrib.admin.options.ModelAdmin.add_view,.venv/lib/python3.13/site-packages/django/contrib/admin/options.py:1983,infra,,,0,0
admin,auth_and_perms_rol_history,/admin/auth_and_perms/rol/<path:object_id>/history/,django.contrib.admin.options.ModelAdmin.history_view,.venv/lib/python3.13/site-packages/django/contrib/admin/options.py:2274,infra,,object_id,0,0
admin,auth_and_perms_rol_delete,/admin/auth_and_perms/rol/<path:object_id>/delete/,django.contrib.admin.options.ModelAdmin.delete_view,.venv/lib/python3.13/site-packages/django/contrib/admin/options.py:2201,infra,,object_id,0,0
admin,auth_and_perms_rol_change,/admin/auth_and_perms/rol/<path:object_id>/change/,django.contrib.admin.options.ModelAdmin.change_view,.venv/lib/python3.13/site-packages/django/contrib/admin/options.py:1986,infra,,object_id,0,0
admin,auth_and_perms_profilepermission_changelist,/admin/auth_and_perms/profilepermission/,django.contrib.admin.options.ModelAdmin.changelist_view,.venv/lib/python3.13/site-packages/django/contrib/admin/options.py:2012,infra,,,0,0
admin,auth_and_perms_profilepermission_add,/admin/auth_and_perms/profilepermission/add/,django.contrib.admin.options.ModelAdmin.add_view,.venv/lib/python3.13/site-packages/django/contrib/admin/options.py:1983,infra,,,0,0
admin,auth_and_perms_profilepermission_history,/admin/auth_and_perms/profilepermission/<path:object_id>/history/,django.contrib.admin.options.ModelAdmin.history_view,.venv/lib/python3.13/site-packages/django/contrib/admin/options.py:2274,infra,,object_id,0,0
admin,auth_and_perms_profilepermission_delete,/admin/auth_and_perms/profilepermission/<path:object_id>/delete/,django.contrib.admin.options.ModelAdmin.delete_view,.venv/lib/python3.13/site-packages/django/contrib/admin/options.py:2201,infra,,object_id,0,0
admin,auth_and_perms_profilepermission_change,/admin/auth_and_perms/profilepermission/<path:object_id>/change/,django.contrib.admin.options.ModelAdmin.change_view,.venv/lib/python3.13/site-packages/django/contrib/admin/options.py:1986,infra,,object_id,0,0
admin,auth_and_perms_impostorlog_changelist,/admin/auth_and_perms/impostorlog/,django.contrib.admin.options.ModelAdmin.changelist_view,.venv/lib/python3.13/site-packages/django/contrib/admin/options.py:2012,infra,,,0,0
admin,auth_and_perms_impostorlog_add,/admin/auth_and_perms/impostorlog/add/,django.contrib.admin.options.ModelAdmin.add_view,.venv/lib/python3.13/site-packages/django/contrib/admin/options.py:1983,infra,,,0,0
admin,auth_and_perms_impostorlog_history,/admin/auth_and_perms/impostorlog/<path:object_id>/history/,django.contrib.admin.options.ModelAdmin.history_view,.venv/lib/python3.13/site-packages/django/contrib/admin/options.py:2274,infra,,object_id,0,0
admin,auth_and_perms_impostorlog_delete,/admin/auth_and_perms/impostorlog/<path:object_id>/delete/,django.contrib.admin.options.ModelAdmin.delete_view,.venv/lib/python3.13/site-packages/django/contrib/admin/options.py:2201,infra,,object_id,0,0
admin,auth_and_perms_impostorlog_change,/admin/auth_and_perms/impostorlog/<path:object_id>/change/,django.contrib.admin.options.ModelAdmin.change_view,.venv/lib/python3.13/site-packages/django/contrib/admin/options.py:1986,infra,,object_id,0,0
admin,auth_and_perms_groupdescription_changelist,/admin/auth_and_perms/groupdescription/,django.contrib.admin.options.ModelAdmin.changelist_view,.venv/lib/python3.13/site-packages/django/contrib/admin/options.py:2012,infra,,,0,0
admin,auth_and_perms_groupdescription_add,/admin/auth_and_perms/groupdescription/add/,django.contrib.admin.options.ModelAdmin.add_view,.venv/lib/python3.13/site-packages/django/contrib/admin/options.py:1983,infra,,,0,0
admin,auth_and_perms_groupdescription_history,/admin/auth_and_perms/groupdescription/<path:object_id>/history/,django.contrib.admin.options.ModelAdmin.history_view,.venv/lib/python3.13/site-packages/django/contrib/admin/options.py:2274,infra,,object_id,0,0
admin,auth_and_perms_groupdescription_delete,/admin/auth_and_perms/groupdescription/<path:object_id>/delete/,django.contrib.admin.options.ModelAdmin.delete_view,.venv/lib/python3.13/site-packages/django/contrib/admin/options.py:2201,infra,,object_id,0,0
admin,auth_and_perms_groupdescription_change,/admin/auth_and_perms/groupdescription/<path:object_id>/change/,django.contrib.admin.options.ModelAdmin.change_view,.venv/lib/python3.13/site-packages/django/contrib/admin/options.py:1986,infra,,object_id,0,0
admin,auth_user_password_change,/admin/auth/user/<id>/password/,django.contrib.auth.admin.UserAdmin.user_change_password,.venv/lib/python3.13/site-packages/django/utils/decorators.py:154,infra,,id,0,0
admin,auth_user_changelist,/admin/auth/user/,django.contrib.admin.options.ModelAdmin.changelist_view,.venv/lib/python3.13/site-packages/django/contrib/admin/options.py:2012,infra,,,0,0
admin,auth_user_add,/admin/auth/user/add/,django.contrib.auth.admin.UserAdmin.add_view,.venv/lib/python3.13/site-packages/django/contrib/admin/options.py:117,infra,,,0,0
admin,auth_user_history,/admin/auth/user/<path:object_id>/history/,django.contrib.admin.options.ModelAdmin.history_view,.venv/lib/python3.13/site-packages/django/contrib/admin/options.py:2274,infra,,object_id,0,0
admin,auth_user_delete,/admin/auth/user/<path:object_id>/delete/,django.contrib.admin.options.ModelAdmin.delete_view,.venv/lib/python3.13/site-packages/django/contrib/admin/options.py:2201,infra,,object_id,0,0
admin,auth_user_change,/admin/auth/user/<path:object_id>/change/,django.contrib.admin.options.ModelAdmin.change_view,.venv/lib/python3.13/site-packages/django/contrib/admin/options.py:1986,infra,,object_id,0,0
admin,presentation_feedbackentry_changelist,/admin/presentation/feedbackentry/,django.contrib.admin.options.ModelAdmin.changelist_view,.venv/lib/python3.13/site-packages/django/contrib/admin/options.py:2012,infra,,,0,0
admin,presentation_feedbackentry_add,/admin/presentation/feedbackentry/add/,django.contrib.admin.options.ModelAdmin.add_view,.venv/lib/python3.13/site-packages/django/contrib/admin/options.py:1983,infra,,,0,0
admin,presentation_feedbackentry_history,/admin/presentation/feedbackentry/<path:object_id>/history/,django.contrib.admin.options.ModelAdmin.history_view,.venv/lib/python3.13/site-packages/django/contrib/admin/options.py:2274,infra,,object_id,0,0
admin,presentation_feedbackentry_delete,/admin/presentation/feedbackentry/<path:object_id>/delete/,django.contrib.admin.options.ModelAdmin.delete_view,.venv/lib/python3.13/site-packages/django/contrib/admin/options.py:2201,infra,,object_id,0,0
admin,presentation_feedbackentry_change,/admin/presentation/feedbackentry/<path:object_id>/change/,django.contrib.admin.options.ModelAdmin.change_view,.venv/lib/python3.13/site-packages/django/contrib/admin/options.py:1986,infra,,object_id,0,0
admin,presentation_donation_changelist,/admin/presentation/donation/,django.contrib.admin.options.ModelAdmin.changelist_view,.venv/lib/python3.13/site-packages/django/contrib/admin/options.py:2012,infra,,,0,0
admin,presentation_donation_add,/admin/presentation/donation/add/,django.contrib.admin.options.ModelAdmin.add_view,.venv/lib/python3.13/site-packages/django/contrib/admin/options.py:1983,infra,,,0,0
admin,presentation_donation_history,/admin/presentation/donation/<path:object_id>/history/,django.contrib.admin.options.ModelAdmin.history_view,.venv/lib/python3.13/site-packages/django/contrib/admin/options.py:2274,infra,,object_id,0,0
admin,presentation_donation_delete,/admin/presentation/donation/<path:object_id>/delete/,django.contrib.admin.options.ModelAdmin.delete_view,.venv/lib/python3.13/site-packages/django/contrib/admin/options.py:2201,infra,,object_id,0,0
admin,presentation_donation_change,/admin/presentation/donation/<path:object_id>/change/,django.contrib.admin.options.ModelAdmin.change_view,.venv/lib/python3.13/site-packages/django/contrib/admin/options.py:1986,infra,,object_id,0,0
admin,presentation_tutorial_changelist,/admin/presentation/tutorial/,django.contrib.admin.options.ModelAdmin.changelist_view,.venv/lib/python3.13/site-packages/django/contrib/admin/options.py:2012,infra,,,0,0
admin,presentation_tutorial_add,/admin/presentation/tutorial/add/,django.contrib.admin.options.ModelAdmin.add_view,.venv/lib/python3.13/site-packages/django/contrib/admin/options.py:1983,infra,,,0,0
admin,presentation_tutorial_history,/admin/presentation/tutorial/<path:object_id>/history/,django.contrib.admin.options.ModelAdmin.history_view,.venv/lib/python3.13/site-packages/django/contrib/admin/options.py:2274,infra,,object_id,0,0
admin,presentation_tutorial_delete,/admin/presentation/tutorial/<path:object_id>/delete/,django.contrib.admin.options.ModelAdmin.delete_view,.venv/lib/python3.13/site-packages/django/contrib/admin/options.py:2201,infra,,object_id,0,0
admin,presentation_tutorial_change,/admin/presentation/tutorial/<path:object_id>/change/,django.contrib.admin.options.ModelAdmin.change_view,.venv/lib/python3.13/site-packages/django/contrib/admin/options.py:1986,infra,,object_id,0,0
admin,presentation_tutorialprogress_changelist,/admin/presentation/tutorialprogress/,django.contrib.admin.options.ModelAdmin.changelist_view,.venv/lib/python3.13/site-packages/django/contrib/admin/options.py:2012,infra,,,0,0
admin,presentation_tutorialprogress_add,/admin/presentation/tutorialprogress/add/,django.contrib.admin.options.ModelAdmin.add_view,.venv/lib/python3.13/site-packages/django/contrib/admin/options.py:1983,infra,,,0,0
admin,presentation_tutorialprogress_history,/admin/presentation/tutorialprogress/<path:object_id>/history/,django.contrib.admin.options.ModelAdmin.history_view,.venv/lib/python3.13/site-packages/django/contrib/admin/options.py:2274,infra,,object_id,0,0
admin,presentation_tutorialprogress_delete,/admin/presentation/tutorialprogress/<path:object_id>/delete/,django.contrib.admin.options.ModelAdmin.delete_view,.venv/lib/python3.13/site-packages/django/contrib/admin/options.py:2201,infra,,object_id,0,0
admin,presentation_tutorialprogress_change,/admin/presentation/tutorialprogress/<path:object_id>/change/,django.contrib.admin.options.ModelAdmin.change_view,.venv/lib/python3.13/site-packages/django/contrib/admin/options.py:1986,infra,,object_id,0,0
admin,laboratory_organizationstructurerelations_changelist,/admin/laboratory/organizationstructurerelations/,django.contrib.admin.options.ModelAdmin.changelist_view,.venv/lib/python3.13/site-packages/django/contrib/admin/options.py:2012,infra,,,0,0
admin,laboratory_organizationstructurerelations_add,/admin/laboratory/organizationstructurerelations/add/,django.contrib.admin.options.ModelAdmin.add_view,.venv/lib/python3.13/site-packages/django/contrib/admin/options.py:1983,infra,,,0,0
admin,laboratory_organizationstructurerelations_history,/admin/laboratory/organizationstructurerelations/<path:object_id>/history/,django.contrib.admin.options.ModelAdmin.history_view,.venv/lib/python3.13/site-packages/django/contrib/admin/options.py:2274,infra,,object_id,0,0
admin,laboratory_organizationstructurerelations_delete,/admin/laboratory/organizationstructurerelations/<path:object_id>/delete/,django.contrib.admin.options.ModelAdmin.delete_view,.venv/lib/python3.13/site-packages/django/contrib/admin/options.py:2201,infra,,object_id,0,0
admin,laboratory_organizationstructurerelations_change,/admin/laboratory/organizationstructurerelations/<path:object_id>/change/,django.contrib.admin.options.ModelAdmin.change_view,.venv/lib/python3.13/site-packages/django/contrib/admin/options.py:1986,infra,,object_id,0,0
admin,laboratory_userorganization_changelist,/admin/laboratory/userorganization/,django.contrib.admin.options.ModelAdmin.changelist_view,.venv/lib/python3.13/site-packages/django/contrib/admin/options.py:2012,infra,,,0,0
admin,laboratory_userorganization_add,/admin/laboratory/userorganization/add/,django.contrib.admin.options.ModelAdmin.add_view,.venv/lib/python3.13/site-packages/django/contrib/admin/options.py:1983,infra,,,0,0
admin,laboratory_userorganization_history,/admin/laboratory/userorganization/<path:object_id>/history/,django.contrib.admin.options.ModelAdmin.history_view,.venv/lib/python3.13/site-packages/django/contrib/admin/options.py:2274,infra,,object_id,0,0
admin,laboratory_userorganization_delete,/admin/laboratory/userorganization/<path:object_id>/delete/,django.contrib.admin.options.ModelAdmin.delete_view,.venv/lib/python3.13/site-packages/django/contrib/admin/options.py:2201,infra,,object_id,0,0
admin,laboratory_userorganization_change,/admin/laboratory/userorganization/<path:object_id>/change/,django.contrib.admin.options.ModelAdmin.change_view,.venv/lib/python3.13/site-packages/django/contrib/admin/options.py:1986,infra,,object_id,0,0
admin,laboratory_laboratory_changelist,/admin/laboratory/laboratory/,django.contrib.admin.options.ModelAdmin.changelist_view,.venv/lib/python3.13/site-packages/django/contrib/admin/options.py:2012,infra,,,0,0
admin,laboratory_laboratory_add,/admin/laboratory/laboratory/add/,django.contrib.admin.options.ModelAdmin.add_view,.venv/lib/python3.13/site-packages/django/contrib/admin/options.py:1983,infra,,,0,0
admin,laboratory_laboratory_history,/admin/laboratory/laboratory/<path:object_id>/history/,django.contrib.admin.options.ModelAdmin.history_view,.venv/lib/python3.13/site-packages/django/contrib/admin/options.py:2274,infra,,object_id,0,0
admin,laboratory_laboratory_delete,/admin/laboratory/laboratory/<path:object_id>/delete/,django.contrib.admin.options.ModelAdmin.delete_view,.venv/lib/python3.13/site-packages/django/contrib/admin/options.py:2201,infra,,object_id,0,0
admin,laboratory_laboratory_change,/admin/laboratory/laboratory/<path:object_id>/change/,django.contrib.admin.options.ModelAdmin.change_view,.venv/lib/python3.13/site-packages/django/contrib/admin/options.py:1986,infra,,object_id,0,0
admin,laboratory_object_changelist,/admin/laboratory/object/,django.contrib.admin.options.ModelAdmin.changelist_view,.venv/lib/python3.13/site-packages/django/contrib/admin/options.py:2012,infra,,,0,0
admin,laboratory_object_add,/admin/laboratory/object/add/,django.contrib.admin.options.ModelAdmin.add_view,.venv/lib/python3.13/site-packages/django/contrib/admin/options.py:1983,infra,,,0,0
admin,laboratory_object_history,/admin/laboratory/object/<path:object_id>/history/,django.contrib.admin.options.ModelAdmin.history_view,.venv/lib/python3.13/site-packages/django/contrib/admin/options.py:2274,infra,,object_id,0,0
admin,laboratory_object_delete,/admin/laboratory/object/<path:object_id>/delete/,django.contrib.admin.options.ModelAdmin.delete_view,.venv/lib/python3.13/site-packages/django/contrib/admin/options.py:2201,infra,,object_id,0,0
admin,laboratory_object_change,/admin/laboratory/object/<path:object_id>/change/,django.contrib.admin.options.ModelAdmin.change_view,.venv/lib/python3.13/site-packages/django/contrib/admin/options.py:1986,infra,,object_id,0,0
admin,laboratory_shelfobjectequipmentcharacteristics_changelist,/admin/laboratory/shelfobjectequipmentcharacteristics/,django.contrib.admin.options.ModelAdmin.changelist_view,.venv/lib/python3.13/site-packages/django/contrib/admin/options.py:2012,infra,,,0,0
admin,laboratory_shelfobjectequipmentcharacteristics_add,/admin/laboratory/shelfobjectequipmentcharacteristics/add/,django.contrib.admin.options.ModelAdmin.add_view,.venv/lib/python3.13/site-packages/django/contrib/admin/options.py:1983,infra,,,0,0
admin,laboratory_shelfobjectequipmentcharacteristics_history,/admin/laboratory/shelfobjectequipmentcharacteristics/<path:object_id>/history/,django.contrib.admin.options.ModelAdmin.history_view,.venv/lib/python3.13/site-packages/django/contrib/admin/options.py:2274,infra,,object_id,0,0
admin,laboratory_shelfobjectequipmentcharacteristics_delete,/admin/laboratory/shelfobjectequipmentcharacteristics/<path:object_id>/delete/,django.contrib.admin.options.ModelAdmin.delete_view,.venv/lib/python3.13/site-packages/django/contrib/admin/options.py:2201,infra,,object_id,0,0
admin,laboratory_shelfobjectequipmentcharacteristics_change,/admin/laboratory/shelfobjectequipmentcharacteristics/<path:object_id>/change/,django.contrib.admin.options.ModelAdmin.change_view,.venv/lib/python3.13/site-packages/django/contrib/admin/options.py:1986,infra,,object_id,0,0
admin,laboratory_shelfobjectmaintenance_changelist,/admin/laboratory/shelfobjectmaintenance/,django.contrib.admin.options.ModelAdmin.changelist_view,.venv/lib/python3.13/site-packages/django/contrib/admin/options.py:2012,infra,,,0,0
admin,laboratory_shelfobjectmaintenance_add,/admin/laboratory/shelfobjectmaintenance/add/,django.contrib.admin.options.ModelAdmin.add_view,.venv/lib/python3.13/site-packages/django/contrib/admin/options.py:1983,infra,,,0,0
admin,laboratory_shelfobjectmaintenance_history,/admin/laboratory/shelfobjectmaintenance/<path:object_id>/history/,django.contrib.admin.options.ModelAdmin.history_view,.venv/lib/python3.13/site-packages/django/contrib/admin/options.py:2274,infra,,object_id,0,0
admin,laboratory_shelfobjectmaintenance_delete,/admin/laboratory/shelfobjectmaintenance/<path:object_id>/delete/,django.contrib.admin.options.ModelAdmin.delete_view,.venv/lib/python3.13/site-packages/django/contrib/admin/options.py:2201,infra,,object_id,0,0
admin,laboratory_shelfobjectmaintenance_change,/admin/laboratory/shelfobjectmaintenance/<path:object_id>/change/,django.contrib.admin.options.ModelAdmin.change_view,.venv/lib/python3.13/site-packages/django/contrib/admin/options.py:1986,infra,,object_id,0,0
admin,laboratory_shelfobjectlog_changelist,/admin/laboratory/shelfobjectlog/,django.contrib.admin.options.ModelAdmin.changelist_view,.venv/lib/python3.13/site-packages/django/contrib/admin/options.py:2012,infra,,,0,0
admin,laboratory_shelfobjectlog_add,/admin/laboratory/shelfobjectlog/add/,django.contrib.admin.options.ModelAdmin.add_view,.venv/lib/python3.13/site-packages/django/contrib/admin/options.py:1983,infra,,,0,0
admin,laboratory_shelfobjectlog_history,/admin/laboratory/shelfobjectlog/<path:object_id>/history/,django.contrib.admin.options.ModelAdmin.history_view,.venv/lib/python3.13/site-packages/django/contrib/admin/options.py:2274,infra,,object_id,0,0
admin,laboratory_shelfobjectlog_delete,/admin/laboratory/shelfobjectlog/<path:object_id>/delete/,django.contrib.admin.options.ModelAdmin.delete_view,.venv/lib/python3.13/site-packages/django/contrib/admin/options.py:2201,infra,,object_id,0,0
admin,laboratory_shelfobjectlog_change,/admin/laboratory/shelfobjectlog/<path:object_id>/change/,django.contrib.admin.options.ModelAdmin.change_view,.venv/lib/python3.13/site-packages/django/contrib/admin/options.py:1986,infra,,object_id,0,0
admin,laboratory_shelfobjectcalibrate_changelist,/admin/laboratory/shelfobjectcalibrate/,django.contrib.admin.options.ModelAdmin.changelist_view,.venv/lib/python3.13/site-packages/django/contrib/admin/options.py:2012,infra,,,0,0
admin,laboratory_shelfobjectcalibrate_add,/admin/laboratory/shelfobjectcalibrate/add/,django.contrib.admin.options.ModelAdmin.add_view,.venv/lib/python3.13/site-packages/django/contrib/admin/options.py:1983,infra,,,0,0
admin,laboratory_shelfobjectcalibrate_history,/admin/laboratory/shelfobjectcalibrate/<path:object_id>/history/,django.contrib.admin.options.ModelAdmin.history_view,.venv/lib/python3.13/site-packages/django/contrib/admin/options.py:2274,infra,,object_id,0,0
admin,laboratory_shelfobjectcalibrate_delete,/admin/laboratory/shelfobjectcalibrate/<path:object_id>/delete/,django.contrib.admin.options.ModelAdmin.delete_view,.venv/lib/python3.13/site-packages/django/contrib/admin/options.py:2201,infra,,object_id,0,0
admin,laboratory_shelfobjectcalibrate_change,/admin/laboratory/shelfobjectcalibrate/<path:object_id>/change/,django.contrib.admin.options.ModelAdmin.change_view,.venv/lib/python3.13/site-packages/django/contrib/admin/options.py:1986,infra,,object_id,0,0
admin,laboratory_shelfobjecttraining_changelist,/admin/laboratory/shelfobjecttraining/,django.contrib.admin.options.ModelAdmin.changelist_view,.venv/lib/python3.13/site-packages/django/contrib/admin/options.py:2012,infra,,,0,0
admin,laboratory_shelfobjecttraining_add,/admin/laboratory/shelfobjecttraining/add/,django.contrib.admin.options.ModelAdmin.add_view,.venv/lib/python3.13/site-packages/django/contrib/admin/options.py:1983,infra,,,0,0
admin,laboratory_shelfobjecttraining_history,/admin/laboratory/shelfobjecttraining/<path:object_id>/history/,django.contrib.admin.options.ModelAdmin.history_view,.venv/lib/python3.13/site-packages/django/contrib/admin/options.py:2274,infra,,object_id,0,0
admin,laboratory_shelfobjecttraining_delete,/admin/laboratory/shelfobjecttraining/<path:object_id>/delete/,django.contrib.admin.options.ModelAdmin.delete_view,.venv/lib/python3.13/site-packages/django/contrib/admin/options.py:2201,infra,,object_id,0,0
admin,laboratory_shelfobjecttraining_change,/admin/laboratory/shelfobjecttraining/<path:object_id>/change/,django.contrib.admin.options.ModelAdmin.change_view,.venv/lib/python3.13/site-packages/django/contrib/admin/options.py:1986,infra,,object_id,0,0
admin,laboratory_shelfobjectguarantee_changelist,/admin/laboratory/shelfobjectguarantee/,django.contrib.admin.options.ModelAdmin.changelist_view,.venv/lib/python3.13/site-packages/django/contrib/admin/options.py:2012,infra,,,0,0
admin,laboratory_shelfobjectguarantee_add,/admin/laboratory/shelfobjectguarantee/add/,django.contrib.admin.options.ModelAdmin.add_view,.venv/lib/python3.13/site-packages/django/contrib/admin/options.py:1983,infra,,,0,0
admin,laboratory_shelfobjectguarantee_history,/admin/laboratory/shelfobjectguarantee/<path:object_id>/history/,django.contrib.admin.options.ModelAdmin.history_view,.venv/lib/python3.13/site-packages/django/contrib/admin/options.py:2274,infra,,object_id,0,0
admin,laboratory_shelfobjectguarantee_delete,/admin/laboratory/shelfobjectguarantee/<path:object_id>/delete/,django.contrib.admin.options.ModelAdmin.delete_view,.venv/lib/python3.13/site-packages/django/contrib/admin/options.py:2201,infra,,object_id,0,0
admin,laboratory_shelfobjectguarantee_change,/admin/laboratory/shelfobjectguarantee/<path:object_id>/change/,django.contrib.admin.options.ModelAdmin.change_view,.venv/lib/python3.13/site-packages/django/contrib/admin/options.py:1986,infra,,object_id,0,0
admin,laboratory_inform_changelist,/admin/laboratory/inform/,django.contrib.admin.options.ModelAdmin.changelist_view,.venv/lib/python3.13/site-packages/django/contrib/admin/options.py:2012,infra,,,0,0
admin,laboratory_inform_add,/admin/laboratory/inform/add/,django.contrib.admin.options.ModelAdmin.add_view,.venv/lib/python3.13/site-packages/django/contrib/admin/options.py:1983,infra,,,0,0
admin,laboratory_inform_history,/admin/laboratory/inform/<path:object_id>/history/,django.contrib.admin.options.ModelAdmin.history_view,.venv/lib/python3.13/site-packages/django/contrib/admin/options.py:2274,infra,,object_id,0,0
admin,laboratory_inform_delete,/admin/laboratory/inform/<path:object_id>/delete/,django.contrib.admin.options.ModelAdmin.delete_view,.venv/lib/python3.13/site-packages/django/contrib/admin/options.py:2201,infra,,object_id,0,0
admin,laboratory_inform_change,/admin/laboratory/inform/<path:object_id>/change/,django.contrib.admin.options.ModelAdmin.change_view,.venv/lib/python3.13/site-packages/django/contrib/admin/options.py:1986,infra,,object_id,0,0
admin,laboratory_informscheduler_changelist,/admin/laboratory/informscheduler/,django.contrib.admin.options.ModelAdmin.changelist_view,.venv/lib/python3.13/site-packages/django/contrib/admin/options.py:2012,infra,,,0,0
admin,laboratory_informscheduler_add,/admin/laboratory/informscheduler/add/,django.contrib.admin.options.ModelAdmin.add_view,.venv/lib/python3.13/site-packages/django/contrib/admin/options.py:1983,infra,,,0,0
admin,laboratory_informscheduler_history,/admin/laboratory/informscheduler/<path:object_id>/history/,django.contrib.admin.options.ModelAdmin.history_view,.venv/lib/python3.13/site-packages/django/contrib/admin/options.py:2274,infra,,object_id,0,0
admin,laboratory_informscheduler_delete,/admin/laboratory/informscheduler/<path:object_id>/delete/,django.contrib.admin.options.ModelAdmin.delete_view,.venv/lib/python3.13/site-packages/django/contrib/admin/options.py:2201,infra,,object_id,0,0
admin,laboratory_informscheduler_change,/admin/laboratory/informscheduler/<path:object_id>/change/,django.contrib.admin.options.ModelAdmin.change_view,.venv/lib/python3.13/site-packages/django/contrib/admin/options.py:1986,infra,,object_id,0,0
admin,laboratory_objectlogchange_changelist,/admin/laboratory/objectlogchange/,django.contrib.admin.options.ModelAdmin.changelist_view,.venv/lib/python3.13/site-packages/django/contrib/admin/options.py:2012,infra,,,0,0
admin,laboratory_objectlogchange_add,/admin/laboratory/objectlogchange/add/,django.contrib.admin.options.ModelAdmin.add_view,.venv/lib/python3.13/site-packages/django/contrib/admin/options.py:1983,infra,,,0,0
admin,laboratory_objectlogchange_history,/admin/laboratory/objectlogchange/<path:object_id>/history/,django.contrib.admin.options.ModelAdmin.history_view,.venv/lib/python3.13/site-packages/django/contrib/admin/options.py:2274,infra,,object_id,0,0
admin,laboratory_objectlogchange_delete,/admin/laboratory/objectlogchange/<path:object_id>/delete/,django.contrib.admin.options.ModelAdmin.delete_view,.venv/lib/python3.13/site-packages/django/contrib/admin/options.py:2201,infra,,object_id,0,0
admin,laboratory_objectlogchange_change,/admin/laboratory/objectlogchange/<path:object_id>/change/,django.contrib.admin.options.ModelAdmin.change_view,.venv/lib/python3.13/site-packages/django/contrib/admin/options.py:1986,infra,,object_id,0,0
admin,laboratory_registeruserqr_changelist,/admin/laboratory/registeruserqr/,django.contrib.admin.options.ModelAdmin.changelist_view,.venv/lib/python3.13/site-packages/django/contrib/admin/options.py:2012,infra,,,0,0
admin,laboratory_registeruserqr_add,/admin/laboratory/registeruserqr/add/,django.contrib.admin.options.ModelAdmin.add_view,.venv/lib/python3.13/site-packages/django/contrib/admin/options.py:1983,infra,,,0,0
admin,laboratory_registeruserqr_history,/admin/laboratory/registeruserqr/<path:object_id>/history/,django.contrib.admin.options.ModelAdmin.history_view,.venv/lib/python3.13/site-packages/django/contrib/admin/options.py:2274,infra,,object_id,0,0
admin,laboratory_registeruserqr_delete,/admin/laboratory/registeruserqr/<path:object_id>/delete/,django.contrib.admin.options.ModelAdmin.delete_view,.venv/lib/python3.13/site-packages/django/contrib/admin/options.py:2201,infra,,object_id,0,0
admin,laboratory_registeruserqr_change,/admin/laboratory/registeruserqr/<path:object_id>/change/,django.contrib.admin.options.ModelAdmin.change_view,.venv/lib/python3.13/site-packages/django/contrib/admin/options.py:1986,infra,,object_id,0,0
admin,laboratory_informsperiod_changelist,/admin/laboratory/informsperiod/,django.contrib.admin.options.ModelAdmin.changelist_view,.venv/lib/python3.13/site-packages/django/contrib/admin/options.py:2012,infra,,,0,0
admin,laboratory_informsperiod_add,/admin/laboratory/informsperiod/add/,django.contrib.admin.options.ModelAdmin.add_view,.venv/lib/python3.13/site-packages/django/contrib/admin/options.py:1983,infra,,,0,0
admin,laboratory_informsperiod_history,/admin/laboratory/informsperiod/<path:object_id>/history/,django.contrib.admin.options.ModelAdmin.history_view,.venv/lib/python3.13/site-packages/django/contrib/admin/options.py:2274,infra,,object_id,0,0
admin,laboratory_informsperiod_delete,/admin/laboratory/informsperiod/<path:object_id>/delete/,django.contrib.admin.options.ModelAdmin.delete_view,.venv/lib/python3.13/site-packages/django/contrib/admin/options.py:2201,infra,,object_id,0,0
admin,laboratory_informsperiod_change,/admin/laboratory/informsperiod/<path:object_id>/change/,django.contrib.admin.options.ModelAdmin.change_view,.venv/lib/python3.13/site-packages/django/contrib/admin/options.py:1986,infra,,object_id,0,0
admin,laboratory_shelfobject_changelist,/admin/laboratory/shelfobject/,django.contrib.admin.options.ModelAdmin.changelist_view,.venv/lib/python3.13/site-packages/django/contrib/admin/options.py:2012,infra,,,0,0
admin,laboratory_shelfobject_add,/admin/laboratory/shelfobject/add/,django.contrib.admin.options.ModelAdmin.add_view,.venv/lib/python3.13/site-packages/django/contrib/admin/options.py:1983,infra,,,0,0
admin,laboratory_shelfobject_history,/admin/laboratory/shelfobject/<path:object_id>/history/,django.contrib.admin.options.ModelAdmin.history_view,.venv/lib/python3.13/site-packages/django/contrib/admin/options.py:2274,infra,,object_id,0,0
admin,laboratory_shelfobject_delete,/admin/laboratory/shelfobject/<path:object_id>/delete/,django.contrib.admin.options.ModelAdmin.delete_view,.venv/lib/python3.13/site-packages/django/contrib/admin/options.py:2201,infra,,object_id,0,0
admin,laboratory_shelfobject_change,/admin/laboratory/shelfobject/<path:object_id>/change/,django.contrib.admin.options.ModelAdmin.change_view,.venv/lib/python3.13/site-packages/django/contrib/admin/options.py:1986,infra,,object_id,0,0
admin,laboratory_objectfeatures_changelist,/admin/laboratory/objectfeatures/,django.contrib.admin.options.ModelAdmin.changelist_view,.venv/lib/python3.13/site-packages/django/contrib/admin/options.py:2012,infra,,,0,0
admin,laboratory_objectfeatures_add,/admin/laboratory/objectfeatures/add/,django.contrib.admin.options.ModelAdmin.add_view,.venv/lib/python3.13/site-packages/django/contrib/admin/options.py:1983,infra,,,0,0
admin,laboratory_objectfeatures_history,/admin/laboratory/objectfeatures/<path:object_id>/history/,django.contrib.admin.options.ModelAdmin.history_view,.venv/lib/python3.13/site-packages/django/contrib/admin/options.py:2274,infra,,object_id,0,0
admin,laboratory_objectfeatures_delete,/admin/laboratory/objectfeatures/<path:object_id>/delete/,django.contrib.admin.options.ModelAdmin.delete_view,.venv/lib/python3.13/site-packages/django/contrib/admin/options.py:2201,infra,,object_id,0,0
admin,laboratory_objectfeatures_change,/admin/laboratory/objectfeatures/<path:object_id>/change/,django.contrib.admin.options.ModelAdmin.change_view,.venv/lib/python3.13/site-packages/django/contrib/admin/options.py:1986,infra,,object_id,0,0
admin,laboratory_protocol_changelist,/admin/laboratory/protocol/,django.contrib.admin.options.ModelAdmin.changelist_view,.venv/lib/python3.13/site-packages/django/contrib/admin/options.py:2012,infra,,,0,0
admin,laboratory_protocol_add,/admin/laboratory/protocol/add/,django.contrib.admin.options.ModelAdmin.add_view,.venv/lib/python3.13/site-packages/django/contrib/admin/options.py:1983,infra,,,0,0
admin,laboratory_protocol_history,/admin/laboratory/protocol/<path:object_id>/history/,django.contrib.admin.options.ModelAdmin.history_view,.venv/lib/python3.13/site-packages/django/contrib/admin/options.py:2274,infra,,object_id,0,0
admin,laboratory_protocol_delete,/admin/laboratory/protocol/<path:object_id>/delete/,django.contrib.admin.options.ModelAdmin.delete_view,.venv/lib/python3.13/site-packages/django/contrib/admin/options.py:2201,infra,,object_id,0,0
admin,laboratory_protocol_change,/admin/laboratory/protocol/<path:object_id>/change/,django.contrib.admin.options.ModelAdmin.change_view,.venv/lib/python3.13/site-packages/django/contrib/admin/options.py:1986,infra,,object_id,0,0
admin,laboratory_laboratoryroom_changelist,/admin/laboratory/laboratoryroom/,django.contrib.admin.options.ModelAdmin.changelist_view,.venv/lib/python3.13/site-packages/django/contrib/admin/options.py:2012,infra,,,0,0
admin,laboratory_laboratoryroom_add,/admin/laboratory/laboratoryroom/add/,django.contrib.admin.options.ModelAdmin.add_view,.venv/lib/python3.13/site-packages/django/contrib/admin/options.py:1983,infra,,,0,0
admin,laboratory_laboratoryroom_history,/admin/laboratory/laboratoryroom/<path:object_id>/history/,django.contrib.admin.options.ModelAdmin.history_view,.venv/lib/python3.13/site-packages/django/contrib/admin/options.py:2274,infra,,object_id,0,0
admin,laboratory_laboratoryroom_delete,/admin/laboratory/laboratoryroom/<path:object_id>/delete/,django.contrib.admin.options.ModelAdmin.delete_view,.venv/lib/python3.13/site-packages/django/contrib/admin/options.py:2201,infra,,object_id,0,0
admin,laboratory_laboratoryroom_change,/admin/laboratory/laboratoryroom/<path:object_id>/change/,django.contrib.admin.options.ModelAdmin.change_view,.venv/lib/python3.13/site-packages/django/contrib/admin/options.py:1986,infra,,object_id,0,0
admin,laboratory_furniture_changelist,/admin/laboratory/furniture/,django.contrib.admin.options.ModelAdmin.changelist_view,.venv/lib/python3.13/site-packages/django/contrib/admin/options.py:2012,infra,,,0,0
admin,laboratory_furniture_add,/admin/laboratory/furniture/add/,django.contrib.admin.options.ModelAdmin.add_view,.venv/lib/python3.13/site-packages/django/contrib/admin/options.py:1983,infra,,,0,0
admin,laboratory_furniture_history,/admin/laboratory/furniture/<path:object_id>/history/,django.contrib.admin.options.ModelAdmin.history_view,.venv/lib/python3.13/site-packages/django/contrib/admin/options.py:2274,infra,,object_id,0,0
admin,laboratory_furniture_delete,/admin/laboratory/furniture/<path:object_id>/delete/,django.contrib.admin.options.ModelAdmin.delete_view,.venv/lib/python3.13/site-packages/django/contrib/admin/options.py:2201,infra,,object_id,0,0
admin,laboratory_furniture_change,/admin/laboratory/furniture/<path:object_id>/change/,django.contrib.admin.options.ModelAdmin.change_view,.venv/lib/python3.13/site-packages/django/contrib/admin/options.py:1986,infra,,object_id,0,0
admin,laboratory_shelf_changelist,/admin/laboratory/shelf/,django.contrib.admin.options.ModelAdmin.changelist_view,.venv/lib/python3.13/site-packages/django/contrib/admin/options.py:2012,infra,,,0,0
admin,laboratory_shelf_add,/admin/laboratory/shelf/add/,django.contrib.admin.options.ModelAdmin.add_view,.venv/lib/python3.13/site-packages/django/contrib/admin/options.py:1983,infra,,,0,0
admin,laboratory_shelf_history,/admin/laboratory/shelf/<path:object_id>/history/,django.contrib.admin.options.ModelAdmin.history_view,.venv/lib/python3.13/site-packages/django/contrib/admin/options.py:2274,infra,,object_id,0,0
admin,laboratory_shelf_delete,/admin/laboratory/shelf/<path:object_id>/delete/,django.contrib.admin.options.ModelAdmin.delete_view,.venv/lib/python3.13/site-packages/django/contrib/admin/options.py:2201,infra,,object_id,0,0
admin,laboratory_shelf_change,/admin/laboratory/shelf/<path:object_id>/change/,django.contrib.admin.options.ModelAdmin.change_view,.venv/lib/python3.13/site-packages/django/contrib/admin/options.py:1986,infra,,object_id,0,0
admin,laboratory_catalog_changelist,/admin/laboratory/catalog/,django.contrib.admin.options.ModelAdmin.changelist_view,.venv/lib/python3.13/site-packages/django/contrib/admin/options.py:2012,infra,,,0,0
admin,laboratory_catalog_add,/admin/laboratory/catalog/add/,django.contrib.admin.options.ModelAdmin.add_view,.venv/lib/python3.13/site-packages/django/contrib/admin/options.py:1983,infra,,,0,0
admin,laboratory_catalog_history,/admin/laboratory/catalog/<path:object_id>/history/,django.contrib.admin.options.ModelAdmin.history_view,.venv/lib/python3.13/site-packages/django/contrib/admin/options.py:2274,infra,,object_id,0,0
admin,laboratory_catalog_delete,/admin/laboratory/catalog/<path:object_id>/delete/,django.contrib.admin.options.ModelAdmin.delete_view,.venv/lib/python3.13/site-packages/django/contrib/admin/options.py:2201,infra,,object_id,0,0
admin,laboratory_catalog_change,/admin/laboratory/catalog/<path:object_id>/change/,django.contrib.admin.options.ModelAdmin.change_view,.venv/lib/python3.13/site-packages/django/contrib/admin/options.py:1986,infra,,object_id,0,0
admin,laboratory_blockedlistnotification_changelist,/admin/laboratory/blockedlistnotification/,django.contrib.admin.options.ModelAdmin.changelist_view,.venv/lib/python3.13/site-packages/django/contrib/admin/options.py:2012,infra,,,0,0
admin,laboratory_blockedlistnotification_add,/admin/laboratory/blockedlistnotification/add/,django.contrib.admin.options.ModelAdmin.add_view,.venv/lib/python3.13/site-packages/django/contrib/admin/options.py:1983,infra,,,0,0
admin,laboratory_blockedlistnotification_history,/admin/laboratory/blockedlistnotification/<path:object_id>/history/,django.contrib.admin.options.ModelAdmin.history_view,.venv/lib/python3.13/site-packages/django/contrib/admin/options.py:2274,infra,,object_id,0,0
admin,laboratory_blockedlistnotification_delete,/admin/laboratory/blockedlistnotification/<path:object_id>/delete/,django.contrib.admin.options.ModelAdmin.delete_view,.venv/lib/python3.13/site-packages/django/contrib/admin/options.py:2201,infra,,object_id,0,0
admin,laboratory_blockedlistnotification_change,/admin/laboratory/blockedlistnotification/<path:object_id>/change/,django.contrib.admin.options.ModelAdmin.change_view,.venv/lib/python3.13/site-packages/django/contrib/admin/options.py:1986,infra,,object_id,0,0
admin,laboratory_provider_changelist,/admin/laboratory/provider/,django.contrib.admin.options.ModelAdmin.changelist_view,.venv/lib/python3.13/site-packages/django/contrib/admin/options.py:2012,infra,,,0,0
admin,laboratory_provider_add,/admin/laboratory/provider/add/,django.contrib.admin.options.ModelAdmin.add_view,.venv/lib/python3.13/site-packages/django/contrib/admin/options.py:1983,infra,,,0,0
admin,laboratory_provider_history,/admin/laboratory/provider/<path:object_id>/history/,django.contrib.admin.options.ModelAdmin.history_view,.venv/lib/python3.13/site-packages/django/contrib/admin/options.py:2274,infra,,object_id,0,0
admin,laboratory_provider_delete,/admin/laboratory/provider/<path:object_id>/delete/,django.contrib.admin.options.ModelAdmin.delete_view,.venv/lib/python3.13/site-packages/django/contrib/admin/options.py:2201,infra,,object_id,0,0
admin,laboratory_provider_change,/admin/laboratory/provider/<path:object_id>/change/,django.contrib.admin.options.ModelAdmin.change_view,.venv/lib/python3.13/site-packages/django/contrib/admin/options.py:1986,infra,,object_id,0,0
admin,laboratory_tranferobject_changelist,/admin/laboratory/tranferobject/,django.contrib.admin.options.ModelAdmin.changelist_view,.venv/lib/python3.13/site-packages/django/contrib/admin/options.py:2012,infra,,,0,0
admin,laboratory_tranferobject_add,/admin/laboratory/tranferobject/add/,django.contrib.admin.options.ModelAdmin.add_view,.venv/lib/python3.13/site-packages/django/contrib/admin/options.py:1983,infra,,,0,0
admin,laboratory_tranferobject_history,/admin/laboratory/tranferobject/<path:object_id>/history/,django.contrib.admin.options.ModelAdmin.history_view,.venv/lib/python3.13/site-packages/django/contrib/admin/options.py:2274,infra,,object_id,0,0
admin,laboratory_tranferobject_delete,/admin/laboratory/tranferobject/<path:object_id>/delete/,django.contrib.admin.options.ModelAdmin.delete_view,.venv/lib/python3.13/site-packages/django/contrib/admin/options.py:2201,infra,,object_id,0,0
admin,laboratory_tranferobject_change,/admin/laboratory/tranferobject/<path:object_id>/change/,django.contrib.admin.options.ModelAdmin.change_view,.venv/lib/python3.13/site-packages/django/contrib/admin/options.py:1986,infra,,object_id,0,0
admin,laboratory_shelfobjectobservation_changelist,/admin/laboratory/shelfobjectobservation/,django.contrib.admin.options.ModelAdmin.changelist_view,.venv/lib/python3.13/site-packages/django/contrib/admin/options.py:2012,infra,,,0,0
admin,laboratory_shelfobjectobservation_add,/admin/laboratory/shelfobjectobservation/add/,django.contrib.admin.options.ModelAdmin.add_view,.venv/lib/python3.13/site-packages/django/contrib/admin/options.py:1983,infra,,,0,0
admin,laboratory_shelfobjectobservation_history,/admin/laboratory/shelfobjectobservation/<path:object_id>/history/,django.contrib.admin.options.ModelAdmin.history_view,.venv/lib/python3.13/site-packages/django/contrib/admin/options.py:2274,infra,,object_id,0,0
admin,laboratory_shelfobjectobservation_delete,/admin/laboratory/shelfobjectobservation/<path:object_id>/delete/,django.contrib.admin.options.ModelAdmin.delete_view,.venv/lib/python3.13/site-packages/django/contrib/admin/options.py:2201,infra,,object_id,0,0
admin,laboratory_shelfobjectobservation_change,/admin/laboratory/shelfobjectobservation/<path:object_id>/change/,django.contrib.admin.options.ModelAdmin.change_view,.venv/lib/python3.13/site-packages/django/contrib/admin/options.py:1986,infra,,object_id,0,0
admin,laboratory_objectmaximumlimit_changelist,/admin/laboratory/objectmaximumlimit/,django.contrib.admin.options.ModelAdmin.changelist_view,.venv/lib/python3.13/site-packages/django/contrib/admin/options.py:2012,infra,,,0,0
admin,laboratory_objectmaximumlimit_add,/admin/laboratory/objectmaximumlimit/add/,django.contrib.admin.options.ModelAdmin.add_view,.venv/lib/python3.13/site-packages/django/contrib/admin/options.py:1983,infra,,,0,0
admin,laboratory_objectmaximumlimit_history,/admin/laboratory/objectmaximumlimit/<path:object_id>/history/,django.contrib.admin.options.ModelAdmin.history_view,.venv/lib/python3.13/site-packages/django/contrib/admin/options.py:2274,infra,,object_id,0,0
admin,laboratory_objectmaximumlimit_delete,/admin/laboratory/objectmaximumlimit/<path:object_id>/delete/,django.contrib.admin.options.ModelAdmin.delete_view,.venv/lib/python3.13/site-packages/django/contrib/admin/options.py:2201,infra,,object_id,0,0
admin,laboratory_objectmaximumlimit_change,/admin/laboratory/objectmaximumlimit/<path:object_id>/change/,django.contrib.admin.options.ModelAdmin.change_view,.venv/lib/python3.13/site-packages/django/contrib/admin/options.py:1986,infra,,object_id,0,0
admin,laboratory_reactivelimit_changelist,/admin/laboratory/reactivelimit/,django.contrib.admin.options.ModelAdmin.changelist_view,.venv/lib/python3.13/site-packages/django/contrib/admin/options.py:2012,infra,,,0,0
admin,laboratory_reactivelimit_add,/admin/laboratory/reactivelimit/add/,django.contrib.admin.options.ModelAdmin.add_view,.venv/lib/python3.13/site-packages/django/contrib/admin/options.py:1983,infra,,,0,0
admin,laboratory_reactivelimit_history,/admin/laboratory/reactivelimit/<path:object_id>/history/,django.contrib.admin.options.ModelAdmin.history_view,.venv/lib/python3.13/site-packages/django/contrib/admin/options.py:2274,infra,,object_id,0,0
admin,laboratory_reactivelimit_delete,/admin/laboratory/reactivelimit/<path:object_id>/delete/,django.contrib.admin.options.ModelAdmin.delete_view,.venv/lib/python3.13/site-packages/django/contrib/admin/options.py:2201,infra,,object_id,0,0
admin,laboratory_reactivelimit_change,/admin/laboratory/reactivelimit/<path:object_id>/change/,django.contrib.admin.options.ModelAdmin.change_view,.venv/lib/python3.13/site-packages/django/contrib/admin/options.py:1986,infra,,object_id,0,0
admin,laboratory_organizationstructure_changelist,/admin/laboratory/organizationstructure/,django.contrib.admin.options.ModelAdmin.changelist_view,.venv/lib/python3.13/site-packages/django/contrib/admin/options.py:2012,infra,,,0,0
admin,laboratory_organizationstructure_add,/admin/laboratory/organizationstructure/add/,django.contrib.admin.options.ModelAdmin.add_view,.venv/lib/python3.13/site-packages/django/contrib/admin/options.py:1983,infra,,,0,0
admin,laboratory_organizationstructure_history,/admin/laboratory/organizationstructure/<path:object_id>/history/,django.contrib.admin.options.ModelAdmin.history_view,.venv/lib/python3.13/site-packages/django/contrib/admin/options.py:2274,infra,,object_id,0,0
admin,laboratory_organizationstructure_delete,/admin/laboratory/organizationstructure/<path:object_id>/delete/,django.contrib.admin.options.ModelAdmin.delete_view,.venv/lib/python3.13/site-packages/django/contrib/admin/options.py:2201,infra,,object_id,0,0
admin,laboratory_organizationstructure_change,/admin/laboratory/organizationstructure/<path:object_id>/change/,django.contrib.admin.options.ModelAdmin.change_view,.venv/lib/python3.13/site-packages/django/contrib/admin/options.py:1986,infra,,object_id,0,0
admin,laboratory_labororgrequest_changelist,/admin/laboratory/labororgrequest/,django.contrib.admin.options.ModelAdmin.changelist_view,.venv/lib/python3.13/site-packages/django/contrib/admin/options.py:2012,infra,,,0,0
admin,laboratory_labororgrequest_add,/admin/laboratory/labororgrequest/add/,django.contrib.admin.options.ModelAdmin.add_view,.venv/lib/python3.13/site-packages/django/contrib/admin/options.py:1983,infra,,,0,0
admin,laboratory_labororgrequest_history,/admin/laboratory/labororgrequest/<path:object_id>/history/,django.contrib.admin.options.ModelAdmin.history_view,.venv/lib/python3.13/site-packages/django/contrib/admin/options.py:2274,infra,,object_id,0,0
admin,laboratory_labororgrequest_delete,/admin/laboratory/labororgrequest/<path:object_id>/delete/,django.contrib.admin.options.ModelAdmin.delete_view,.venv/lib/python3.13/site-packages/django/contrib/admin/options.py:2201,infra,,object_id,0,0
admin,laboratory_labororgrequest_change,/admin/laboratory/labororgrequest/<path:object_id>/change/,django.contrib.admin.options.ModelAdmin.change_view,.venv/lib/python3.13/site-packages/django/contrib/admin/options.py:1986,infra,,object_id,0,0
admin,laboratory_precursorreport_changelist,/admin/laboratory/precursorreport/,django.contrib.admin.options.ModelAdmin.changelist_view,.venv/lib/python3.13/site-packages/django/contrib/admin/options.py:2012,infra,,,0,0
admin,laboratory_precursorreport_add,/admin/laboratory/precursorreport/add/,django.contrib.admin.options.ModelAdmin.add_view,.venv/lib/python3.13/site-packages/django/contrib/admin/options.py:1983,infra,,,0,0
admin,laboratory_precursorreport_history,/admin/laboratory/precursorreport/<path:object_id>/history/,django.contrib.admin.options.ModelAdmin.history_view,.venv/lib/python3.13/site-packages/django/contrib/admin/options.py:2274,infra,,object_id,0,0
admin,laboratory_precursorreport_delete,/admin/laboratory/precursorreport/<path:object_id>/delete/,django.contrib.admin.options.ModelAdmin.delete_view,.venv/lib/python3.13/site-packages/django/contrib/admin/options.py:2201,infra,,object_id,0,0
admin,laboratory_precursorreport_change,/admin/laboratory/precursorreport/<path:object_id>/change/,django.contrib.admin.options.ModelAdmin.change_view,.venv/lib/python3.13/site-packages/django/contrib/admin/options.py:1986,infra,,object_id,0,0
admin,laboratory_precursorreportvalues_changelist,/admin/laboratory/precursorreportvalues/,django.contrib.admin.options.ModelAdmin.changelist_view,.venv/lib/python3.13/site-packages/django/contrib/admin/options.py:2012,infra,,,0,0
admin,laboratory_precursorreportvalues_add,/admin/laboratory/precursorreportvalues/add/,django.contrib.admin.options.ModelAdmin.add_view,.venv/lib/python3.13/site-packages/django/contrib/admin/options.py:1983,infra,,,0,0
admin,laboratory_precursorreportvalues_history,/admin/laboratory/precursorreportvalues/<path:object_id>/history/,django.contrib.admin.options.ModelAdmin.history_view,.venv/lib/python3.13/site-packages/django/contrib/admin/options.py:2274,infra,,object_id,0,0
admin,laboratory_precursorreportvalues_delete,/admin/laboratory/precursorreportvalues/<path:object_id>/delete/,django.contrib.admin.options.ModelAdmin.delete_view,.venv/lib/python3.13/site-packages/django/contrib/admin/options.py:2201,infra,,object_id,0,0
admin,laboratory_precursorreportvalues_change,/admin/laboratory/precursorreportvalues/<path:object_id>/change/,django.contrib.admin.options.ModelAdmin.change_view,.venv/lib/python3.13/site-packages/django/contrib/admin/options.py:1986,infra,,object_id,0,0
admin,laboratory_shelfobjectlimits_changelist,/admin/laboratory/shelfobjectlimits/,django.contrib.admin.options.ModelAdmin.changelist_view,.venv/lib/python3.13/site-packages/django/contrib/admin/options.py:2012,infra,,,0,0
admin,laboratory_shelfobjectlimits_add,/admin/laboratory/shelfobjectlimits/add/,django.contrib.admin.options.ModelAdmin.add_view,.venv/lib/python3.13/site-packages/django/contrib/admin/options.py:1983,infra,,,0,0
admin,laboratory_shelfobjectlimits_history,/admin/laboratory/shelfobjectlimits/<path:object_id>/history/,django.contrib.admin.options.ModelAdmin.history_view,.venv/lib/python3.13/site-packages/django/contrib/admin/options.py:2274,infra,,object_id,0,0
admin,laboratory_shelfobjectlimits_delete,/admin/laboratory/shelfobjectlimits/<path:object_id>/delete/,django.contrib.admin.options.ModelAdmin.delete_view,.venv/lib/python3.13/site-packages/django/contrib/admin/options.py:2201,infra,,object_id,0,0
admin,laboratory_shelfobjectlimits_change,/admin/laboratory/shelfobjectlimits/<path:object_id>/change/,django.contrib.admin.options.ModelAdmin.change_view,.venv/lib/python3.13/site-packages/django/contrib/admin/options.py:1986,infra,,object_id,0,0
admin,academic_procedure_changelist,/admin/academic/procedure/,django.contrib.admin.options.ModelAdmin.changelist_view,.venv/lib/python3.13/site-packages/django/contrib/admin/options.py:2012,infra,,,0,0
admin,academic_procedure_add,/admin/academic/procedure/add/,django.contrib.admin.options.ModelAdmin.add_view,.venv/lib/python3.13/site-packages/django/contrib/admin/options.py:1983,infra,,,0,0
admin,academic_procedure_history,/admin/academic/procedure/<path:object_id>/history/,django.contrib.admin.options.ModelAdmin.history_view,.venv/lib/python3.13/site-packages/django/contrib/admin/options.py:2274,infra,,object_id,0,0
admin,academic_procedure_delete,/admin/academic/procedure/<path:object_id>/delete/,django.contrib.admin.options.ModelAdmin.delete_view,.venv/lib/python3.13/site-packages/django/contrib/admin/options.py:2201,infra,,object_id,0,0
admin,academic_procedure_change,/admin/academic/procedure/<path:object_id>/change/,django.contrib.admin.options.ModelAdmin.change_view,.venv/lib/python3.13/site-packages/django/contrib/admin/options.py:1986,infra,,object_id,0,0
admin,djreservation_reservation_changelist,/admin/djreservation/reservation/,django.contrib.admin.options.ModelAdmin.changelist_view,.venv/lib/python3.13/site-packages/django/contrib/admin/options.py:2012,infra,,,0,0
admin,djreservation_reservation_add,/admin/djreservation/reservation/add/,django.contrib.admin.options.ModelAdmin.add_view,.venv/lib/python3.13/site-packages/django/contrib/admin/options.py:1983,infra,,,0,0
admin,djreservation_reservation_history,/admin/djreservation/reservation/<path:object_id>/history/,django.contrib.admin.options.ModelAdmin.history_view,.venv/lib/python3.13/site-packages/django/contrib/admin/options.py:2274,infra,,object_id,0,0
admin,djreservation_reservation_delete,/admin/djreservation/reservation/<path:object_id>/delete/,django.contrib.admin.options.ModelAdmin.delete_view,.venv/lib/python3.13/site-packages/django/contrib/admin/options.py:2201,infra,,object_id,0,0
admin,djreservation_reservation_change,/admin/djreservation/reservation/<path:object_id>/change/,django.contrib.admin.options.ModelAdmin.change_view,.venv/lib/python3.13/site-packages/django/contrib/admin/options.py:1986,infra,,object_id,0,0
admin,authtoken_tokenproxy_changelist,/admin/authtoken/tokenproxy/,django.contrib.admin.options.ModelAdmin.changelist_view,.venv/lib/python3.13/site-packages/django/contrib/admin/options.py:2012,infra,,,0,0
admin,authtoken_tokenproxy_add,/admin/authtoken/tokenproxy/add/,django.contrib.admin.options.ModelAdmin.add_view,.venv/lib/python3.13/site-packages/django/contrib/admin/options.py:1983,infra,,,0,0
admin,authtoken_tokenproxy_history,/admin/authtoken/tokenproxy/<path:object_id>/history/,django.contrib.admin.options.ModelAdmin.history_view,.venv/lib/python3.13/site-packages/django/contrib/admin/options.py:2274,infra,,object_id,0,0
admin,authtoken_tokenproxy_delete,/admin/authtoken/tokenproxy/<path:object_id>/delete/,django.contrib.admin.options.ModelAdmin.delete_view,.venv/lib/python3.13/site-packages/django/contrib/admin/options.py:2201,infra,,object_id,0,0
admin,authtoken_tokenproxy_change,/admin/authtoken/tokenproxy/<path:object_id>/change/,django.contrib.admin.options.ModelAdmin.change_view,.venv/lib/python3.13/site-packages/django/contrib/admin/options.py:1986,infra,,object_id,0,0
admin,msds_organilabnode_changelist,/admin/msds/organilabnode/,django.contrib.admin.options.ModelAdmin.changelist_view,.venv/lib/python3.13/site-packages/django/contrib/admin/options.py:2012,infra,,,0,0
admin,msds_organilabnode_add,/admin/msds/organilabnode/add/,django.contrib.admin.options.ModelAdmin.add_view,.venv/lib/python3.13/site-packages/django/contrib/admin/options.py:1983,infra,,,0,0
admin,msds_organilabnode_history,/admin/msds/organilabnode/<path:object_id>/history/,django.contrib.admin.options.ModelAdmin.history_view,.venv/lib/python3.13/site-packages/django/contrib/admin/options.py:2274,infra,,object_id,0,0
admin,msds_organilabnode_delete,/admin/msds/organilabnode/<path:object_id>/delete/,django.contrib.admin.options.ModelAdmin.delete_view,.venv/lib/python3.13/site-packages/django/contrib/admin/options.py:2201,infra,,object_id,0,0
admin,msds_organilabnode_change,/admin/msds/organilabnode/<path:object_id>/change/,django.contrib.admin.options.ModelAdmin.change_view,.venv/lib/python3.13/site-packages/django/contrib/admin/options.py:1986,infra,,object_id,0,0
admin,msds_regulationdocument_changelist,/admin/msds/regulationdocument/,django.contrib.admin.options.ModelAdmin.changelist_view,.venv/lib/python3.13/site-packages/django/contrib/admin/options.py:2012,infra,,,0,0
admin,msds_regulationdocument_add,/admin/msds/regulationdocument/add/,django.contrib.admin.options.ModelAdmin.add_view,.venv/lib/python3.13/site-packages/django/contrib/admin/options.py:1983,infra,,,0,0
admin,msds_regulationdocument_history,/admin/msds/regulationdocument/<path:object_id>/history/,django.contrib.admin.options.ModelAdmin.history_view,.venv/lib/python3.13/site-packages/django/contrib/admin/options.py:2274,infra,,object_id,0,0
admin,msds_regulationdocument_delete,/admin/msds/regulationdocument/<path:object_id>/delete/,django.contrib.admin.options.ModelAdmin.delete_view,.venv/lib/python3.13/site-packages/django/contrib/admin/options.py:2201,infra,,object_id,0,0
admin,msds_regulationdocument_change,/admin/msds/regulationdocument/<path:object_id>/change/,django.contrib.admin.options.ModelAdmin.change_view,.venv/lib/python3.13/site-packages/django/contrib/admin/options.py:1986,infra,,object_id,0,0
admin,sga_warningclass_changelist,/admin/sga/warningclass/,django.contrib.admin.options.ModelAdmin.changelist_view,.venv/lib/python3.13/site-packages/django/contrib/admin/options.py:2012,infra,,,0,0
admin,sga_warningclass_add,/admin/sga/warningclass/add/,django.contrib.admin.options.ModelAdmin.add_view,.venv/lib/python3.13/site-packages/django/contrib/admin/options.py:1983,infra,,,0,0
admin,sga_warningclass_history,/admin/sga/warningclass/<path:object_id>/history/,django.contrib.admin.options.ModelAdmin.history_view,.venv/lib/python3.13/site-packages/django/contrib/admin/options.py:2274,infra,,object_id,0,0
admin,sga_warningclass_delete,/admin/sga/warningclass/<path:object_id>/delete/,django.contrib.admin.options.ModelAdmin.delete_view,.venv/lib/python3.13/site-packages/django/contrib/admin/options.py:2201,infra,,object_id,0,0
admin,sga_warningclass_change,/admin/sga/warningclass/<path:object_id>/change/,django.contrib.admin.options.ModelAdmin.change_view,.venv/lib/python3.13/site-packages/django/contrib/admin/options.py:1986,infra,,object_id,0,0
admin,sga_builderinformation_changelist,/admin/sga/builderinformation/,django.contrib.admin.options.ModelAdmin.changelist_view,.venv/lib/python3.13/site-packages/django/contrib/admin/options.py:2012,infra,,,0,0
admin,sga_builderinformation_add,/admin/sga/builderinformation/add/,django.contrib.admin.options.ModelAdmin.add_view,.venv/lib/python3.13/site-packages/django/contrib/admin/options.py:1983,infra,,,0,0
admin,sga_builderinformation_history,/admin/sga/builderinformation/<path:object_id>/history/,django.contrib.admin.options.ModelAdmin.history_view,.venv/lib/python3.13/site-packages/django/contrib/admin/options.py:2274,infra,,object_id,0,0
admin,sga_builderinformation_delete,/admin/sga/builderinformation/<path:object_id>/delete/,django.contrib.admin.options.ModelAdmin.delete_view,.venv/lib/python3.13/site-packages/django/contrib/admin/options.py:2201,infra,,object_id,0,0
admin,sga_builderinformation_change,/admin/sga/builderinformation/<path:object_id>/change/,django.contrib.admin.options.ModelAdmin.change_view,.venv/lib/python3.13/site-packages/django/contrib/admin/options.py:1986,infra,,object_id,0,0
admin,sga_recipientsize_changelist,/admin/sga/recipientsize/,django.contrib.admin.options.ModelAdmin.changelist_view,.venv/lib/python3.13/site-packages/django/contrib/admin/options.py:2012,infra,,,0,0
admin,sga_recipientsize_add,/admin/sga/recipientsize/add/,django.contrib.admin.options.ModelAdmin.add_view,.venv/lib/python3.13/site-packages/django/contrib/admin/options.py:1983,infra,,,0,0
admin,sga_recipientsize_history,/admin/sga/recipientsize/<path:object_id>/history/,django.contrib.admin.options.ModelAdmin.history_view,.venv/lib/python3.13/site-packages/django/contrib/admin/options.py:2274,infra,,object_id,0,0
admin,sga_recipientsize_delete,/admin/sga/recipientsize/<path:object_id>/delete/,django.contrib.admin.options.ModelAdmin.delete_view,.venv/lib/python3.13/site-packages/django/contrib/admin/options.py:2201,infra,,object_id,0,0
admin,sga_recipientsize_change,/admin/sga/recipientsize/<path:object_id>/change/,django.contrib.admin.options.ModelAdmin.change_view,.venv/lib/python3.13/site-packages/django/contrib/admin/options.py:1986,infra,,object_id,0,0
admin,sga_prudenceadvice_changelist,/admin/sga/prudenceadvice/,django.contrib.admin.options.ModelAdmin.changelist_view,.venv/lib/python3.13/site-packages/django/contrib/admin/options.py:2012,infra,,,0,0
admin,sga_prudenceadvice_add,/admin/sga/prudenceadvice/add/,django.contrib.admin.options.ModelAdmin.add_view,.venv/lib/python3.13/site-packages/django/contrib/admin/options.py:1983,infra,,,0,0
admin,sga_prudenceadvice_history,/admin/sga/prudenceadvice/<path:object_id>/history/,django.contrib.admin.options.ModelAdmin.history_view,.venv/lib/python3.13/site-packages/django/contrib/admin/options.py:2274,infra,,object_id,0,0
admin,sga_prudenceadvice_delete,/admin/sga/prudenceadvice/<path:object_id>/delete/,django.contrib.admin.options.ModelAdmin.delete_view,.venv/lib/python3.13/site-packages/django/contrib/admin/options.py:2201,infra,,object_id,0,0
admin,sga_prudenceadvice_change,/admin/sga/prudenceadvice/<path:object_id>/change/,django.contrib.admin.options.ModelAdmin.change_view,.venv/lib/python3.13/site-packages/django/contrib/admin/options.py:1986,infra,,object_id,0,0
admin,sga_component_changelist,/admin/sga/component/,django.contrib.admin.options.ModelAdmin.changelist_view,.venv/lib/python3.13/site-packages/django/contrib/admin/options.py:2012,infra,,,0,0
admin,sga_component_add,/admin/sga/component/add/,django.contrib.admin.options.ModelAdmin.add_view,.venv/lib/python3.13/site-packages/django/contrib/admin/options.py:1983,infra,,,0,0
admin,sga_component_history,/admin/sga/component/<path:object_id>/history/,django.contrib.admin.options.ModelAdmin.history_view,.venv/lib/python3.13/site-packages/django/contrib/admin/options.py:2274,infra,,object_id,0,0
admin,sga_component_delete,/admin/sga/component/<path:object_id>/delete/,django.contrib.admin.options.ModelAdmin.delete_view,.venv/lib/python3.13/site-packages/django/contrib/admin/options.py:2201,infra,,object_id,0,0
admin,sga_component_change,/admin/sga/component/<path:object_id>/change/,django.contrib.admin.options.ModelAdmin.change_view,.venv/lib/python3.13/site-packages/django/contrib/admin/options.py:1986,infra,,object_id,0,0
admin,sga_warningword_changelist,/admin/sga/warningword/,django.contrib.admin.options.ModelAdmin.changelist_view,.venv/lib/python3.13/site-packages/django/contrib/admin/options.py:2012,infra,,,0,0
admin,sga_warningword_add,/admin/sga/warningword/add/,django.contrib.admin.options.ModelAdmin.add_view,.venv/lib/python3.13/site-packages/django/contrib/admin/options.py:1983,infra,,,0,0
admin,sga_warningword_history,/admin/sga/warningword/<path:object_id>/history/,django.contrib.admin.options.ModelAdmin.history_view,.venv/lib/python3.13/site-packages/django/contrib/admin/options.py:2274,infra,,object_id,0,0
admin,sga_warningword_delete,/admin/sga/warningword/<path:object_id>/delete/,django.contrib.admin.options.ModelAdmin.delete_view,.venv/lib/python3.13/site-packages/django/contrib/admin/options.py:2201,infra,,object_id,0,0
admin,sga_warningword_change,/admin/sga/warningword/<path:object_id>/change/,django.contrib.admin.options.ModelAdmin.change_view,.venv/lib/python3.13/site-packages/django/contrib/admin/options.py:1986,infra,,object_id,0,0
admin,sga_dangerindication_changelist,/admin/sga/dangerindication/,django.contrib.admin.options.ModelAdmin.changelist_view,.venv/lib/python3.13/site-packages/django/contrib/admin/options.py:2012,infra,,,0,0
admin,sga_dangerindication_add,/admin/sga/dangerindication/add/,django.contrib.admin.options.ModelAdmin.add_view,.venv/lib/python3.13/site-packages/django/contrib/admin/options.py:1983,infra,,,0,0
admin,sga_dangerindication_history,/admin/sga/dangerindication/<path:object_id>/history/,django.contrib.admin.options.ModelAdmin.history_view,.venv/lib/python3.13/site-packages/django/contrib/admin/options.py:2274,infra,,object_id,0,0
admin,sga_dangerindication_delete,/admin/sga/dangerindication/<path:object_id>/delete/,django.contrib.admin.options.ModelAdmin.delete_view,.venv/lib/python3.13/site-packages/django/contrib/admin/options.py:2201,infra,,object_id,0,0
admin,sga_dangerindication_change,/admin/sga/dangerindication/<path:object_id>/change/,django.contrib.admin.options.ModelAdmin.change_view,.venv/lib/python3.13/site-packages/django/contrib/admin/options.py:1986,infra,,object_id,0,0
admin,sga_substance_changelist,/admin/sga/substance/,django.contrib.admin.options.ModelAdmin.changelist_view,.venv/lib/python3.13/site-packages/django/contrib/admin/options.py:2012,infra,,,0,0
admin,sga_substance_add,/admin/sga/substance/add/,django.contrib.admin.options.ModelAdmin.add_view,.venv/lib/python3.13/site-packages/django/contrib/admin/options.py:1983,infra,,,0,0
admin,sga_substance_history,/admin/sga/substance/<path:object_id>/history/,django.contrib.admin.options.ModelAdmin.history_view,.venv/lib/python3.13/site-packages/django/contrib/admin/options.py:2274,infra,,object_id,0,0
admin,sga_substance_delete,/admin/sga/substance/<path:object_id>/delete/,django.contrib.admin.options.ModelAdmin.delete_view,.venv/lib/python3.13/site-packages/django/contrib/admin/options.py:2201,infra,,object_id,0,0
admin,sga_substance_change,/admin/sga/substance/<path:object_id>/change/,django.contrib.admin.options.ModelAdmin.change_view,.venv/lib/python3.13/site-packages/django/contrib/admin/options.py:1986,infra,,object_id,0,0
admin,sga_label_changelist,/admin/sga/label/,django.contrib.admin.options.ModelAdmin.changelist_view,.venv/lib/python3.13/site-packages/django/contrib/admin/options.py:2012,infra,,,0,0
admin,sga_label_add,/admin/sga/label/add/,django.contrib.admin.options.ModelAdmin.add_view,.venv/lib/python3.13/site-packages/django/contrib/admin/options.py:1983,infra,,,0,0
admin,sga_label_history,/admin/sga/label/<path:object_id>/history/,django.contrib.admin.options.ModelAdmin.history_view,.venv/lib/python3.13/site-packages/django/contrib/admin/options.py:2274,infra,,object_id,0,0
admin,sga_label_delete,/admin/sga/label/<path:object_id>/delete/,django.contrib.admin.options.ModelAdmin.delete_view,.venv/lib/python3.13/site-packages/django/contrib/admin/options.py:2201,infra,,object_id,0,0
admin,sga_label_change,/admin/sga/label/<path:object_id>/change/,django.contrib.admin.options.ModelAdmin.change_view,.venv/lib/python3.13/site-packages/django/contrib/admin/options.py:1986,infra,,object_id,0,0
admin,sga_templatesga_changelist,/admin/sga/templatesga/,django.contrib.admin.options.ModelAdmin.changelist_view,.venv/lib/python3.13/site-packages/django/contrib/admin/options.py:2012,infra,,,0,0
admin,sga_templatesga_add,/admin/sga/templatesga/add/,django.contrib.admin.options.ModelAdmin.add_view,.venv/lib/python3.13/site-packages/django/contrib/admin/options.py:1983,infra,,,0,0
admin,sga_templatesga_history,/admin/sga/templatesga/<path:object_id>/history/,django.contrib.admin.options.ModelAdmin.history_view,.venv/lib/python3.13/site-packages/django/contrib/admin/options.py:2274,infra,,object_id,0,0
admin,sga_templatesga_delete,/admin/sga/templatesga/<path:object_id>/delete/,django.contrib.admin.options.ModelAdmin.delete_view,.venv/lib/python3.13/site-packages/django/contrib/admin/options.py:2201,infra,,object_id,0,0
admin,sga_templatesga_change,/admin/sga/templatesga/<path:object_id>/change/,django.contrib.admin.options.ModelAdmin.change_view,.venv/lib/python3.13/site-packages/django/contrib/admin/options.py:1986,infra,,object_id,0,0
admin,sga_displaylabel_changelist,/admin/sga/displaylabel/,django.contrib.admin.options.ModelAdmin.changelist_view,.venv/lib/python3.13/site-packages/django/contrib/admin/options.py:2012,infra,,,0,0
admin,sga_displaylabel_add,/admin/sga/displaylabel/add/,django.contrib.admin.options.ModelAdmin.add_view,.venv/lib/python3.13/site-packages/django/contrib/admin/options.py:1983,infra,,,0,0
admin,sga_displaylabel_history,/admin/sga/displaylabel/<path:object_id>/history/,django.contrib.admin.options.ModelAdmin.history_view,.venv/lib/python3.13/site-packages/django/contrib/admin/options.py:2274,infra,,object_id,0,0
admin,sga_displaylabel_delete,/admin/sga/displaylabel/<path:object_id>/delete/,django.contrib.admin.options.ModelAdmin.delete_view,.venv/lib/python3.13/site-packages/django/contrib/admin/options.py:2201,infra,,object_id,0,0
admin,sga_displaylabel_change,/admin/sga/displaylabel/<path:object_id>/change/,django.contrib.admin.options.ModelAdmin.change_view,.venv/lib/python3.13/site-packages/django/contrib/admin/options.py:1986,infra,,object_id,0,0
admin,sga_securityleaf_changelist,/admin/sga/securityleaf/,django.contrib.admin.options.ModelAdmin.changelist_view,.venv/lib/python3.13/site-packages/django/contrib/admin/options.py:2012,infra,,,0,0
admin,sga_securityleaf_add,/admin/sga/securityleaf/add/,django.contrib.admin.options.ModelAdmin.add_view,.venv/lib/python3.13/site-packages/django/contrib/admin/options.py:1983,infra,,,0,0
admin,sga_securityleaf_history,/admin/sga/securityleaf/<path:object_id>/history/,django.contrib.admin.options.ModelAdmin.history_view,.venv/lib/python3.13/site-packages/django/contrib/admin/options.py:2274,infra,,object_id,0,0
admin,sga_securityleaf_delete,/admin/sga/securityleaf/<path:object_id>/delete/,django.contrib.admin.options.ModelAdmin.delete_view,.venv/lib/python3.13/site-packages/django/contrib/admin/options.py:2201,infra,,object_id,0,0
admin,sga_securityleaf_change,/admin/sga/securityleaf/<path:object_id>/change/,django.contrib.admin.options.ModelAdmin.change_view,.venv/lib/python3.13/site-packages/django/contrib/admin/options.py:1986,infra,,object_id,0,0
admin,sga_sgacomplement_changelist,/admin/sga/sgacomplement/,django.contrib.admin.options.ModelAdmin.changelist_view,.venv/lib/python3.13/site-packages/django/contrib/admin/options.py:2012,infra,,,0,0
admin,sga_sgacomplement_add,/admin/sga/sgacomplement/add/,django.contrib.admin.options.ModelAdmin.add_view,.venv/lib/python3.13/site-packages/django/contrib/admin/options.py:1983,infra,,,0,0
admin,sga_sgacomplement_history,/admin/sga/sgacomplement/<path:object_id>/history/,django.contrib.admin.options.ModelAdmin.history_view,.venv/lib/python3.13/site-packages/django/contrib/admin/options.py:2274,infra,,object_id,0,0
admin,sga_sgacomplement_delete,/admin/sga/sgacomplement/<path:object_id>/delete/,django.contrib.admin.options.ModelAdmin.delete_view,.venv/lib/python3.13/site-packages/django/contrib/admin/options.py:2201,infra,,object_id,0,0
admin,sga_sgacomplement_change,/admin/sga/sgacomplement/<path:object_id>/change/,django.contrib.admin.options.ModelAdmin.change_view,.venv/lib/python3.13/site-packages/django/contrib/admin/options.py:1986,infra,,object_id,0,0
admin,sga_reviewsubstance_changelist,/admin/sga/reviewsubstance/,django.contrib.admin.options.ModelAdmin.changelist_view,.venv/lib/python3.13/site-packages/django/contrib/admin/options.py:2012,infra,,,0,0
admin,sga_reviewsubstance_add,/admin/sga/reviewsubstance/add/,django.contrib.admin.options.ModelAdmin.add_view,.venv/lib/python3.13/site-packages/django/contrib/admin/options.py:1983,infra,,,0,0
admin,sga_reviewsubstance_history,/admin/sga/reviewsubstance/<path:object_id>/history/,django.contrib.admin.options.ModelAdmin.history_view,.venv/lib/python3.13/site-packages/django/contrib/admin/options.py:2274,infra,,object_id,0,0
admin,sga_reviewsubstance_delete,/admin/sga/reviewsubstance/<path:object_id>/delete/,django.contrib.admin.options.ModelAdmin.delete_view,.venv/lib/python3.13/site-packages/django/contrib/admin/options.py:2201,infra,,object_id,0,0
admin,sga_reviewsubstance_change,/admin/sga/reviewsubstance/<path:object_id>/change/,django.contrib.admin.options.ModelAdmin.change_view,.venv/lib/python3.13/site-packages/django/contrib/admin/options.py:1986,infra,,object_id,0,0
admin,sga_pictogram_changelist,/admin/sga/pictogram/,django.contrib.admin.options.ModelAdmin.changelist_view,.venv/lib/python3.13/site-packages/django/contrib/admin/options.py:2012,infra,,,0,0
admin,sga_pictogram_add,/admin/sga/pictogram/add/,django.contrib.admin.options.ModelAdmin.add_view,.venv/lib/python3.13/site-packages/django/contrib/admin/options.py:1983,infra,,,0,0
admin,sga_pictogram_history,/admin/sga/pictogram/<path:object_id>/history/,django.contrib.admin.options.ModelAdmin.history_view,.venv/lib/python3.13/site-packages/django/contrib/admin/options.py:2274,infra,,object_id,0,0
admin,sga_pictogram_delete,/admin/sga/pictogram/<path:object_id>/delete/,django.contrib.admin.options.ModelAdmin.delete_view,.venv/lib/python3.13/site-packages/django/contrib/admin/options.py:2201,infra,,object_id,0,0
admin,sga_pictogram_change,/admin/sga/pictogram/<path:object_id>/change/,django.contrib.admin.options.ModelAdmin.change_view,.venv/lib/python3.13/site-packages/django/contrib/admin/options.py:1986,infra,,object_id,0,0
admin,sga_dangersubstancecategory_changelist,/admin/sga/dangersubstancecategory/,django.contrib.admin.options.ModelAdmin.changelist_view,.venv/lib/python3.13/site-packages/django/contrib/admin/options.py:2012,infra,,,0,0
admin,sga_dangersubstancecategory_add,/admin/sga/dangersubstancecategory/add/,django.contrib.admin.options.ModelAdmin.add_view,.venv/lib/python3.13/site-packages/django/contrib/admin/options.py:1983,infra,,,0,0
admin,sga_dangersubstancecategory_history,/admin/sga/dangersubstancecategory/<path:object_id>/history/,django.contrib.admin.options.ModelAdmin.history_view,.venv/lib/python3.13/site-packages/django/contrib/admin/options.py:2274,infra,,object_id,0,0
admin,sga_dangersubstancecategory_delete,/admin/sga/dangersubstancecategory/<path:object_id>/delete/,django.contrib.admin.options.ModelAdmin.delete_view,.venv/lib/python3.13/site-packages/django/contrib/admin/options.py:2201,infra,,object_id,0,0
admin,sga_dangersubstancecategory_change,/admin/sga/dangersubstancecategory/<path:object_id>/change/,django.contrib.admin.options.ModelAdmin.change_view,.venv/lib/python3.13/site-packages/django/contrib/admin/options.py:1986,infra,,object_id,0,0
admin,sga_dangersubstance_changelist,/admin/sga/dangersubstance/,django.contrib.admin.options.ModelAdmin.changelist_view,.venv/lib/python3.13/site-packages/django/contrib/admin/options.py:2012,infra,,,0,0
admin,sga_dangersubstance_add,/admin/sga/dangersubstance/add/,django.contrib.admin.options.ModelAdmin.add_view,.venv/lib/python3.13/site-packages/django/contrib/admin/options.py:1983,infra,,,0,0
admin,sga_dangersubstance_history,/admin/sga/dangersubstance/<path:object_id>/history/,django.contrib.admin.options.ModelAdmin.history_view,.venv/lib/python3.13/site-packages/django/contrib/admin/options.py:2274,infra,,object_id,0,0
admin,sga_dangersubstance_delete,/admin/sga/dangersubstance/<path:object_id>/delete/,django.contrib.admin.options.ModelAdmin.delete_view,.venv/lib/python3.13/site-packages/django/contrib/admin/options.py:2201,infra,,object_id,0,0
admin,sga_dangersubstance_change,/admin/sga/dangersubstance/<path:object_id>/change/,django.contrib.admin.options.ModelAdmin.change_view,.venv/lib/python3.13/site-packages/django/contrib/admin/options.py:1986,infra,,object_id,0,0
admin,sga_substancecharacteristics_changelist,/admin/sga/substancecharacteristics/,django.contrib.admin.options.ModelAdmin.changelist_view,.venv/lib/python3.13/site-packages/django/contrib/admin/options.py:2012,infra,,,0,0
admin,sga_substancecharacteristics_add,/admin/sga/substancecharacteristics/add/,django.contrib.admin.options.ModelAdmin.add_view,.venv/lib/python3.13/site-packages/django/contrib/admin/options.py:1983,infra,,,0,0
admin,sga_substancecharacteristics_history,/admin/sga/substancecharacteristics/<path:object_id>/history/,django.contrib.admin.options.ModelAdmin.history_view,.venv/lib/python3.13/site-packages/django/contrib/admin/options.py:2274,infra,,object_id,0,0
admin,sga_substancecharacteristics_delete,/admin/sga/substancecharacteristics/<path:object_id>/delete/,django.contrib.admin.options.ModelAdmin.delete_view,.venv/lib/python3.13/site-packages/django/contrib/admin/options.py:2201,infra,,object_id,0,0
admin,sga_substancecharacteristics_change,/admin/sga/substancecharacteristics/<path:object_id>/change/,django.contrib.admin.options.ModelAdmin.change_view,.venv/lib/python3.13/site-packages/django/contrib/admin/options.py:1986,infra,,object_id,0,0
admin,sga_sdstraceability_changelist,/admin/sga/sdstraceability/,django.contrib.admin.options.ModelAdmin.changelist_view,.venv/lib/python3.13/site-packages/django/contrib/admin/options.py:2012,infra,,,0,0
admin,sga_sdstraceability_add,/admin/sga/sdstraceability/add/,django.contrib.admin.options.ModelAdmin.add_view,.venv/lib/python3.13/site-packages/django/contrib/admin/options.py:1983,infra,,,0,0
admin,sga_sdstraceability_history,/admin/sga/sdstraceability/<path:object_id>/history/,django.contrib.admin.options.ModelAdmin.history_view,.venv/lib/python3.13/site-packages/django/contrib/admin/options.py:2274,infra,,object_id,0,0
admin,sga_sdstraceability_delete,/admin/sga/sdstraceability/<path:object_id>/delete/,django.contrib.admin.options.ModelAdmin.delete_view,.venv/lib/python3.13/site-packages/django/contrib/admin/options.py:2201,infra,,object_id,0,0
admin,sga_sdstraceability_change,/admin/sga/sdstraceability/<path:object_id>/change/,django.contrib.admin.options.ModelAdmin.change_view,.venv/lib/python3.13/site-packages/django/contrib/admin/options.py:1986,infra,,object_id,0,0
admin,async_notification_emailtemplate_changelist,/admin/async_notification/emailtemplate/,django.contrib.admin.options.ModelAdmin.changelist_view,.venv/lib/python3.13/site-packages/django/contrib/admin/options.py:2012,infra,,,0,0
admin,async_notification_emailtemplate_add,/admin/async_notification/emailtemplate/add/,django.contrib.admin.options.ModelAdmin.add_view,.venv/lib/python3.13/site-packages/django/contrib/admin/options.py:1983,infra,,,0,0
admin,async_notification_emailtemplate_history,/admin/async_notification/emailtemplate/<path:object_id>/history/,django.contrib.admin.options.ModelAdmin.history_view,.venv/lib/python3.13/site-packages/django/contrib/admin/options.py:2274,infra,,object_id,0,0
admin,async_notification_emailtemplate_delete,/admin/async_notification/emailtemplate/<path:object_id>/delete/,django.contrib.admin.options.ModelAdmin.delete_view,.venv/lib/python3.13/site-packages/django/contrib/admin/options.py:2201,infra,,object_id,0,0
admin,async_notification_emailtemplate_change,/admin/async_notification/emailtemplate/<path:object_id>/change/,django.contrib.admin.options.ModelAdmin.change_view,.venv/lib/python3.13/site-packages/django/contrib/admin/options.py:1986,infra,,object_id,0,0
admin,async_notification_emailnotification_changelist,/admin/async_notification/emailnotification/,django.contrib.admin.options.ModelAdmin.changelist_view,.venv/lib/python3.13/site-packages/django/contrib/admin/options.py:2012,infra,,,0,0
admin,async_notification_emailnotification_add,/admin/async_notification/emailnotification/add/,django.contrib.admin.options.ModelAdmin.add_view,.venv/lib/python3.13/site-packages/django/contrib/admin/options.py:1983,infra,,,0,0
admin,async_notification_emailnotification_history,/admin/async_notification/emailnotification/<path:object_id>/history/,django.contrib.admin.options.ModelAdmin.history_view,.venv/lib/python3.13/site-packages/django/contrib/admin/options.py:2274,infra,,object_id,0,0
admin,async_notification_emailnotification_delete,/admin/async_notification/emailnotification/<path:object_id>/delete/,django.contrib.admin.options.ModelAdmin.delete_view,.venv/lib/python3.13/site-packages/django/contrib/admin/options.py:2201,infra,,object_id,0,0
admin,async_notification_emailnotification_change,/admin/async_notification/emailnotification/<path:object_id>/change/,django.contrib.admin.options.ModelAdmin.change_view,.venv/lib/python3.13/site-packages/django/contrib/admin/options.py:1986,infra,,object_id,0,0
admin,async_notification_attachedfile_changelist,/admin/async_notification/attachedfile/,django.contrib.admin.options.ModelAdmin.changelist_view,.venv/lib/python3.13/site-packages/django/contrib/admin/options.py:2012,infra,,,0,0
admin,async_notification_attachedfile_add,/admin/async_notification/attachedfile/add/,django.contrib.admin.options.ModelAdmin.add_view,.venv/lib/python3.13/site-packages/django/contrib/admin/options.py:1983,infra,,,0,0
admin,async_notification_attachedfile_history,/admin/async_notification/attachedfile/<path:object_id>/history/,django.contrib.admin.options.ModelAdmin.history_view,.venv/lib/python3.13/site-packages/django/contrib/admin/options.py:2274,infra,,object_id,0,0
admin,async_notification_attachedfile_delete,/admin/async_notification/attachedfile/<path:object_id>/delete/,django.contrib.admin.options.ModelAdmin.delete_view,.venv/lib/python3.13/site-packages/django/contrib/admin/options.py:2201,infra,,object_id,0,0
admin,async_notification_attachedfile_change,/admin/async_notification/attachedfile/<path:object_id>/change/,django.contrib.admin.options.ModelAdmin.change_view,.venv/lib/python3.13/site-packages/django/contrib/admin/options.py:1986,infra,,object_id,0,0
admin,async_notification_newslettertemplate_changelist,/admin/async_notification/newslettertemplate/,django.contrib.admin.options.ModelAdmin.changelist_view,.venv/lib/python3.13/site-packages/django/contrib/admin/options.py:2012,infra,,,0,0
admin,async_notification_newslettertemplate_add,/admin/async_notification/newslettertemplate/add/,django.contrib.admin.options.ModelAdmin.add_view,.venv/lib/python3.13/site-packages/django/contrib/admin/options.py:1983,infra,,,0,0
admin,async_notification_newslettertemplate_history,/admin/async_notification/newslettertemplate/<path:object_id>/history/,django.contrib.admin.options.ModelAdmin.history_view,.venv/lib/python3.13/site-packages/django/contrib/admin/options.py:2274,infra,,object_id,0,0
admin,async_notification_newslettertemplate_delete,/admin/async_notification/newslettertemplate/<path:object_id>/delete/,django.contrib.admin.options.ModelAdmin.delete_view,.venv/lib/python3.13/site-packages/django/contrib/admin/options.py:2201,infra,,object_id,0,0
admin,async_notification_newslettertemplate_change,/admin/async_notification/newslettertemplate/<path:object_id>/change/,django.contrib.admin.options.ModelAdmin.change_view,.venv/lib/python3.13/site-packages/django/contrib/admin/options.py:1986,infra,,object_id,0,0
admin,async_notification_newsletter_changelist,/admin/async_notification/newsletter/,django.contrib.admin.options.ModelAdmin.changelist_view,.venv/lib/python3.13/site-packages/django/contrib/admin/options.py:2012,infra,,,0,0
admin,async_notification_newsletter_add,/admin/async_notification/newsletter/add/,django.contrib.admin.options.ModelAdmin.add_view,.venv/lib/python3.13/site-packages/django/contrib/admin/options.py:1983,infra,,,0,0
admin,async_notification_newsletter_history,/admin/async_notification/newsletter/<path:object_id>/history/,django.contrib.admin.options.ModelAdmin.history_view,.venv/lib/python3.13/site-packages/django/contrib/admin/options.py:2274,infra,,object_id,0,0
admin,async_notification_newsletter_delete,/admin/async_notification/newsletter/<path:object_id>/delete/,django.contrib.admin.options.ModelAdmin.delete_view,.venv/lib/python3.13/site-packages/django/contrib/admin/options.py:2201,infra,,object_id,0,0
admin,async_notification_newsletter_change,/admin/async_notification/newsletter/<path:object_id>/change/,django.contrib.admin.options.ModelAdmin.change_view,.venv/lib/python3.13/site-packages/django/contrib/admin/options.py:1986,infra,,object_id,0,0
admin,async_notification_emailsuppression_changelist,/admin/async_notification/emailsuppression/,django.contrib.admin.options.ModelAdmin.changelist_view,.venv/lib/python3.13/site-packages/django/contrib/admin/options.py:2012,infra,,,0,0
admin,async_notification_emailsuppression_add,/admin/async_notification/emailsuppression/add/,django.contrib.admin.options.ModelAdmin.add_view,.venv/lib/python3.13/site-packages/django/contrib/admin/options.py:1983,infra,,,0,0
admin,async_notification_emailsuppression_history,/admin/async_notification/emailsuppression/<path:object_id>/history/,django.contrib.admin.options.ModelAdmin.history_view,.venv/lib/python3.13/site-packages/django/contrib/admin/options.py:2274,infra,,object_id,0,0
admin,async_notification_emailsuppression_delete,/admin/async_notification/emailsuppression/<path:object_id>/delete/,django.contrib.admin.options.ModelAdmin.delete_view,.venv/lib/python3.13/site-packages/django/contrib/admin/options.py:2201,infra,,object_id,0,0
admin,async_notification_emailsuppression_change,/admin/async_notification/emailsuppression/<path:object_id>/change/,django.contrib.admin.options.ModelAdmin.change_view,.venv/lib/python3.13/site-packages/django/contrib/admin/options.py:1986,infra,,object_id,0,0
admin,async_notification_emailconsent_changelist,/admin/async_notification/emailconsent/,django.contrib.admin.options.ModelAdmin.changelist_view,.venv/lib/python3.13/site-packages/django/contrib/admin/options.py:2012,infra,,,0,0
admin,async_notification_emailconsent_add,/admin/async_notification/emailconsent/add/,django.contrib.admin.options.ModelAdmin.add_view,.venv/lib/python3.13/site-packages/django/contrib/admin/options.py:1983,infra,,,0,0
admin,async_notification_emailconsent_history,/admin/async_notification/emailconsent/<path:object_id>/history/,django.contrib.admin.options.ModelAdmin.history_view,.venv/lib/python3.13/site-packages/django/contrib/admin/options.py:2274,infra,,object_id,0,0
admin,async_notification_emailconsent_delete,/admin/async_notification/emailconsent/<path:object_id>/delete/,django.contrib.admin.options.ModelAdmin.delete_view,.venv/lib/python3.13/site-packages/django/contrib/admin/options.py:2201,infra,,object_id,0,0
admin,async_notification_emailconsent_change,/admin/async_notification/emailconsent/<path:object_id>/change/,django.contrib.admin.options.ModelAdmin.change_view,.venv/lib/python3.13/site-packages/django/contrib/admin/options.py:1986,infra,,object_id,0,0
admin,async_notification_newslettertask_changelist,/admin/async_notification/newslettertask/,django.contrib.admin.options.ModelAdmin.changelist_view,.venv/lib/python3.13/site-packages/django/contrib/admin/options.py:2012,infra,,,0,0
admin,async_notification_newslettertask_add,/admin/async_notification/newslettertask/add/,django.contrib.admin.options.ModelAdmin.add_view,.venv/lib/python3.13/site-packages/django/contrib/admin/options.py:1983,infra,,,0,0
admin,async_notification_newslettertask_history,/admin/async_notification/newslettertask/<path:object_id>/history/,django.contrib.admin.options.ModelAdmin.history_view,.venv/lib/python3.13/site-packages/django/contrib/admin/options.py:2274,infra,,object_id,0,0
admin,async_notification_newslettertask_delete,/admin/async_notification/newslettertask/<path:object_id>/delete/,django.contrib.admin.options.ModelAdmin.delete_view,.venv/lib/python3.13/site-packages/django/contrib/admin/options.py:2201,infra,,object_id,0,0
admin,async_notification_newslettertask_change,/admin/async_notification/newslettertask/<path:object_id>/change/,django.contrib.admin.options.ModelAdmin.change_view,.venv/lib/python3.13/site-packages/django/contrib/admin/options.py:1986,infra,,object_id,0,0
admin,django_celery_results_taskresult_changelist,/admin/django_celery_results/taskresult/,django.contrib.admin.options.ModelAdmin.changelist_view,.venv/lib/python3.13/site-packages/django/contrib/admin/options.py:2012,infra,,,0,0
admin,django_celery_results_taskresult_add,/admin/django_celery_results/taskresult/add/,django.contrib.admin.options.ModelAdmin.add_view,.venv/lib/python3.13/site-packages/django/contrib/admin/options.py:1983,infra,,,0,0
admin,django_celery_results_taskresult_history,/admin/django_celery_results/taskresult/<path:object_id>/history/,django.contrib.admin.options.ModelAdmin.history_view,.venv/lib/python3.13/site-packages/django/contrib/admin/options.py:2274,infra,,object_id,0,0
admin,django_celery_results_taskresult_delete,/admin/django_celery_results/taskresult/<path:object_id>/delete/,django.contrib.admin.options.ModelAdmin.delete_view,.venv/lib/python3.13/site-packages/django/contrib/admin/options.py:2201,infra,,object_id,0,0
admin,django_celery_results_taskresult_change,/admin/django_celery_results/taskresult/<path:object_id>/change/,django.contrib.admin.options.ModelAdmin.change_view,.venv/lib/python3.13/site-packages/django/contrib/admin/options.py:1986,infra,,object_id,0,0
admin,django_celery_results_groupresult_changelist,/admin/django_celery_results/groupresult/,django.contrib.admin.options.ModelAdmin.changelist_view,.venv/lib/python3.13/site-packages/django/contrib/admin/options.py:2012,infra,,,0,0
admin,django_celery_results_groupresult_add,/admin/django_celery_results/groupresult/add/,django.contrib.admin.options.ModelAdmin.add_view,.venv/lib/python3.13/site-packages/django/contrib/admin/options.py:1983,infra,,,0,0
admin,django_celery_results_groupresult_history,/admin/django_celery_results/groupresult/<path:object_id>/history/,django.contrib.admin.options.ModelAdmin.history_view,.venv/lib/python3.13/site-packages/django/contrib/admin/options.py:2274,infra,,object_id,0,0
admin,django_celery_results_groupresult_delete,/admin/django_celery_results/groupresult/<path:object_id>/delete/,django.contrib.admin.options.ModelAdmin.delete_view,.venv/lib/python3.13/site-packages/django/contrib/admin/options.py:2201,infra,,object_id,0,0
admin,django_celery_results_groupresult_change,/admin/django_celery_results/groupresult/<path:object_id>/change/,django.contrib.admin.options.ModelAdmin.change_view,.venv/lib/python3.13/site-packages/django/contrib/admin/options.py:1986,infra,,object_id,0,0
admin,risk_management_priorityconstrain_changelist,/admin/risk_management/priorityconstrain/,django.contrib.admin.options.ModelAdmin.changelist_view,.venv/lib/python3.13/site-packages/django/contrib/admin/options.py:2012,infra,,,0,0
admin,risk_management_priorityconstrain_add,/admin/risk_management/priorityconstrain/add/,django.contrib.admin.options.ModelAdmin.add_view,.venv/lib/python3.13/site-packages/django/contrib/admin/options.py:1983,infra,,,0,0
admin,risk_management_priorityconstrain_history,/admin/risk_management/priorityconstrain/<path:object_id>/history/,django.contrib.admin.options.ModelAdmin.history_view,.venv/lib/python3.13/site-packages/django/contrib/admin/options.py:2274,infra,,object_id,0,0
admin,risk_management_priorityconstrain_delete,/admin/risk_management/priorityconstrain/<path:object_id>/delete/,django.contrib.admin.options.ModelAdmin.delete_view,.venv/lib/python3.13/site-packages/django/contrib/admin/options.py:2201,infra,,object_id,0,0
admin,risk_management_priorityconstrain_change,/admin/risk_management/priorityconstrain/<path:object_id>/change/,django.contrib.admin.options.ModelAdmin.change_view,.venv/lib/python3.13/site-packages/django/contrib/admin/options.py:1986,infra,,object_id,0,0
admin,risk_management_zonetype_changelist,/admin/risk_management/zonetype/,django.contrib.admin.options.ModelAdmin.changelist_view,.venv/lib/python3.13/site-packages/django/contrib/admin/options.py:2012,infra,,,0,0
admin,risk_management_zonetype_add,/admin/risk_management/zonetype/add/,django.contrib.admin.options.ModelAdmin.add_view,.venv/lib/python3.13/site-packages/django/contrib/admin/options.py:1983,infra,,,0,0
admin,risk_management_zonetype_history,/admin/risk_management/zonetype/<path:object_id>/history/,django.contrib.admin.options.ModelAdmin.history_view,.venv/lib/python3.13/site-packages/django/contrib/admin/options.py:2274,infra,,object_id,0,0
admin,risk_management_zonetype_delete,/admin/risk_management/zonetype/<path:object_id>/delete/,django.contrib.admin.options.ModelAdmin.delete_view,.venv/lib/python3.13/site-packages/django/contrib/admin/options.py:2201,infra,,object_id,0,0
admin,risk_management_zonetype_change,/admin/risk_management/zonetype/<path:object_id>/change/,django.contrib.admin.options.ModelAdmin.change_view,.venv/lib/python3.13/site-packages/django/contrib/admin/options.py:1986,infra,,object_id,0,0
admin,risk_management_riskzone_changelist,/admin/risk_management/riskzone/,django.contrib.admin.options.ModelAdmin.changelist_view,.venv/lib/python3.13/site-packages/django/contrib/admin/options.py:2012,infra,,,0,0
admin,risk_management_riskzone_add,/admin/risk_management/riskzone/add/,django.contrib.admin.options.ModelAdmin.add_view,.venv/lib/python3.13/site-packages/django/contrib/admin/options.py:1983,infra,,,0,0
admin,risk_management_riskzone_history,/admin/risk_management/riskzone/<path:object_id>/history/,django.contrib.admin.options.ModelAdmin.history_view,.venv/lib/python3.13/site-packages/django/contrib/admin/options.py:2274,infra,,object_id,0,0
admin,risk_management_riskzone_delete,/admin/risk_management/riskzone/<path:object_id>/delete/,django.contrib.admin.options.ModelAdmin.delete_view,.venv/lib/python3.13/site-packages/django/contrib/admin/options.py:2201,infra,,object_id,0,0
admin,risk_management_riskzone_change,/admin/risk_management/riskzone/<path:object_id>/change/,django.contrib.admin.options.ModelAdmin.change_view,.venv/lib/python3.13/site-packages/django/contrib/admin/options.py:1986,infra,,object_id,0,0
admin,risk_management_incidentreport_changelist,/admin/risk_management/incidentreport/,django.contrib.admin.options.ModelAdmin.changelist_view,.venv/lib/python3.13/site-packages/django/contrib/admin/options.py:2012,infra,,,0,0
admin,risk_management_incidentreport_add,/admin/risk_management/incidentreport/add/,django.contrib.admin.options.ModelAdmin.add_view,.venv/lib/python3.13/site-packages/django/contrib/admin/options.py:1983,infra,,,0,0
admin,risk_management_incidentreport_history,/admin/risk_management/incidentreport/<path:object_id>/history/,django.contrib.admin.options.ModelAdmin.history_view,.venv/lib/python3.13/site-packages/django/contrib/admin/options.py:2274,infra,,object_id,0,0
admin,risk_management_incidentreport_delete,/admin/risk_management/incidentreport/<path:object_id>/delete/,django.contrib.admin.options.ModelAdmin.delete_view,.venv/lib/python3.13/site-packages/django/contrib/admin/options.py:2201,infra,,object_id,0,0
admin,risk_management_incidentreport_change,/admin/risk_management/incidentreport/<path:object_id>/change/,django.contrib.admin.options.ModelAdmin.change_view,.venv/lib/python3.13/site-packages/django/contrib/admin/options.py:1986,infra,,object_id,0,0
admin,sga_hcodecategory_changelist,/admin/sga/hcodecategory/,django.contrib.admin.options.ModelAdmin.changelist_view,.venv/lib/python3.13/site-packages/django/contrib/admin/options.py:2012,infra,,,0,0
admin,sga_hcodecategory_add,/admin/sga/hcodecategory/add/,django.contrib.admin.options.ModelAdmin.add_view,.venv/lib/python3.13/site-packages/django/contrib/admin/options.py:1983,infra,,,0,0
admin,sga_hcodecategory_history,/admin/sga/hcodecategory/<path:object_id>/history/,django.contrib.admin.options.ModelAdmin.history_view,.venv/lib/python3.13/site-packages/django/contrib/admin/options.py:2274,infra,,object_id,0,0
admin,sga_hcodecategory_delete,/admin/sga/hcodecategory/<path:object_id>/delete/,django.contrib.admin.options.ModelAdmin.delete_view,.venv/lib/python3.13/site-packages/django/contrib/admin/options.py:2201,infra,,object_id,0,0
admin,sga_hcodecategory_change,/admin/sga/hcodecategory/<path:object_id>/change/,django.contrib.admin.options.ModelAdmin.change_view,.venv/lib/python3.13/site-packages/django/contrib/admin/options.py:1986,infra,,object_id,0,0
admin,risk_management_buildings_changelist,/admin/risk_management/buildings/,django.contrib.admin.options.ModelAdmin.changelist_view,.venv/lib/python3.13/site-packages/django/contrib/admin/options.py:2012,infra,,,0,0
admin,risk_management_buildings_add,/admin/risk_management/buildings/add/,django.contrib.admin.options.ModelAdmin.add_view,.venv/lib/python3.13/site-packages/django/contrib/admin/options.py:1983,infra,,,0,0
admin,risk_management_buildings_history,/admin/risk_management/buildings/<path:object_id>/history/,django.contrib.admin.options.ModelAdmin.history_view,.venv/lib/python3.13/site-packages/django/contrib/admin/options.py:2274,infra,,object_id,0,0
admin,risk_management_buildings_delete,/admin/risk_management/buildings/<path:object_id>/delete/,django.contrib.admin.options.ModelAdmin.delete_view,.venv/lib/python3.13/site-packages/django/contrib/admin/options.py:2201,infra,,object_id,0,0
admin,risk_management_buildings_change,/admin/risk_management/buildings/<path:object_id>/change/,django.contrib.admin.options.ModelAdmin.change_view,.venv/lib/python3.13/site-packages/django/contrib/admin/options.py:1986,infra,,object_id,0,0
admin,risk_management_establishmentlogs_changelist,/admin/risk_management/establishmentlogs/,django.contrib.admin.options.ModelAdmin.changelist_view,.venv/lib/python3.13/site-packages/django/contrib/admin/options.py:2012,infra,,,0,0
admin,risk_management_establishmentlogs_add,/admin/risk_management/establishmentlogs/add/,django.contrib.admin.options.ModelAdmin.add_view,.venv/lib/python3.13/site-packages/django/contrib/admin/options.py:1983,infra,,,0,0
admin,risk_management_establishmentlogs_history,/admin/risk_management/establishmentlogs/<path:object_id>/history/,django.contrib.admin.options.ModelAdmin.history_view,.venv/lib/python3.13/site-packages/django/contrib/admin/options.py:2274,infra,,object_id,0,0
admin,risk_management_establishmentlogs_delete,/admin/risk_management/establishmentlogs/<path:object_id>/delete/,django.contrib.admin.options.ModelAdmin.delete_view,.venv/lib/python3.13/site-packages/django/contrib/admin/options.py:2201,infra,,object_id,0,0
admin,risk_management_establishmentlogs_change,/admin/risk_management/establishmentlogs/<path:object_id>/change/,django.contrib.admin.options.ModelAdmin.change_view,.venv/lib/python3.13/site-packages/django/contrib/admin/options.py:1986,infra,,object_id,0,0
admin,risk_management_workday_changelist,/admin/risk_management/workday/,django.contrib.admin.options.ModelAdmin.changelist_view,.venv/lib/python3.13/site-packages/django/contrib/admin/options.py:2012,infra,,,0,0
admin,risk_management_workday_add,/admin/risk_management/workday/add/,django.contrib.admin.options.ModelAdmin.add_view,.venv/lib/python3.13/site-packages/django/contrib/admin/options.py:1983,infra,,,0,0
admin,risk_management_workday_history,/admin/risk_management/workday/<path:object_id>/history/,django.contrib.admin.options.ModelAdmin.history_view,.venv/lib/python3.13/site-packages/django/contrib/admin/options.py:2274,infra,,object_id,0,0
admin,risk_management_workday_delete,/admin/risk_management/workday/<path:object_id>/delete/,django.contrib.admin.options.ModelAdmin.delete_view,.venv/lib/python3.13/site-packages/django/contrib/admin/options.py:2201,infra,,object_id,0,0
admin,risk_management_workday_change,/admin/risk_management/workday/<path:object_id>/change/,django.contrib.admin.options.ModelAdmin.change_view,.venv/lib/python3.13/site-packages/django/contrib/admin/options.py:1986,infra,,object_id,0,0
admin,reservations_management_reservations_changelist,/admin/reservations_management/reservations/,django.contrib.admin.options.ModelAdmin.changelist_view,.venv/lib/python3.13/site-packages/django/contrib/admin/options.py:2012,infra,,,0,0
admin,reservations_management_reservations_add,/admin/reservations_management/reservations/add/,django.contrib.admin.options.ModelAdmin.add_view,.venv/lib/python3.13/site-packages/django/contrib/admin/options.py:1983,infra,,,0,0
admin,reservations_management_reservations_history,/admin/reservations_management/reservations/<path:object_id>/history/,django.contrib.admin.options.ModelAdmin.history_view,.venv/lib/python3.13/site-packages/django/contrib/admin/options.py:2274,infra,,object_id,0,0
admin,reservations_management_reservations_delete,/admin/reservations_management/reservations/<path:object_id>/delete/,django.contrib.admin.options.ModelAdmin.delete_view,.venv/lib/python3.13/site-packages/django/contrib/admin/options.py:2201,infra,,object_id,0,0
admin,reservations_management_reservations_change,/admin/reservations_management/reservations/<path:object_id>/change/,django.contrib.admin.options.ModelAdmin.change_view,.venv/lib/python3.13/site-packages/django/contrib/admin/options.py:1986,infra,,object_id,0,0
admin,reservations_management_reservedproducts_changelist,/admin/reservations_management/reservedproducts/,django.contrib.admin.options.ModelAdmin.changelist_view,.venv/lib/python3.13/site-packages/django/contrib/admin/options.py:2012,infra,,,0,0
admin,reservations_management_reservedproducts_add,/admin/reservations_management/reservedproducts/add/,django.contrib.admin.options.ModelAdmin.add_view,.venv/lib/python3.13/site-packages/django/contrib/admin/options.py:1983,infra,,,0,0
admin,reservations_management_reservedproducts_history,/admin/reservations_management/reservedproducts/<path:object_id>/history/,django.contrib.admin.options.ModelAdmin.history_view,.venv/lib/python3.13/site-packages/django/contrib/admin/options.py:2274,infra,,object_id,0,0
admin,reservations_management_reservedproducts_delete,/admin/reservations_management/reservedproducts/<path:object_id>/delete/,django.contrib.admin.options.ModelAdmin.delete_view,.venv/lib/python3.13/site-packages/django/contrib/admin/options.py:2201,infra,,object_id,0,0
admin,reservations_management_reservedproducts_change,/admin/reservations_management/reservedproducts/<path:object_id>/change/,django.contrib.admin.options.ModelAdmin.change_view,.venv/lib/python3.13/site-packages/django/contrib/admin/options.py:1986,infra,,object_id,0,0
admin,reservations_management_reservationrange_changelist,/admin/reservations_management/reservationrange/,django.contrib.admin.options.ModelAdmin.changelist_view,.venv/lib/python3.13/site-packages/django/contrib/admin/options.py:2012,infra,,,0,0
admin,reservations_management_reservationrange_add,/admin/reservations_management/reservationrange/add/,django.contrib.admin.options.ModelAdmin.add_view,.venv/lib/python3.13/site-packages/django/contrib/admin/options.py:1983,infra,,,0,0
admin,reservations_management_reservationrange_history,/admin/reservations_management/reservationrange/<path:object_id>/history/,django.contrib.admin.options.ModelAdmin.history_view,.venv/lib/python3.13/site-packages/django/contrib/admin/options.py:2274,infra,,object_id,0,0
admin,reservations_management_reservationrange_delete,/admin/reservations_management/reservationrange/<path:object_id>/delete/,django.contrib.admin.options.ModelAdmin.delete_view,.venv/lib/python3.13/site-packages/django/contrib/admin/options.py:2201,infra,,object_id,0,0
admin,reservations_management_reservationrange_change,/admin/reservations_management/reservationrange/<path:object_id>/change/,django.contrib.admin.options.ModelAdmin.change_view,.venv/lib/python3.13/site-packages/django/contrib/admin/options.py:1986,infra,,object_id,0,0
admin,reservations_management_reservationtasks_changelist,/admin/reservations_management/reservationtasks/,django.contrib.admin.options.ModelAdmin.changelist_view,.venv/lib/python3.13/site-packages/django/contrib/admin/options.py:2012,infra,,,0,0
admin,reservations_management_reservationtasks_add,/admin/reservations_management/reservationtasks/add/,django.contrib.admin.options.ModelAdmin.add_view,.venv/lib/python3.13/site-packages/django/contrib/admin/options.py:1983,infra,,,0,0
admin,reservations_management_reservationtasks_history,/admin/reservations_management/reservationtasks/<path:object_id>/history/,django.contrib.admin.options.ModelAdmin.history_view,.venv/lib/python3.13/site-packages/django/contrib/admin/options.py:2274,infra,,object_id,0,0
admin,reservations_management_reservationtasks_delete,/admin/reservations_management/reservationtasks/<path:object_id>/delete/,django.contrib.admin.options.ModelAdmin.delete_view,.venv/lib/python3.13/site-packages/django/contrib/admin/options.py:2201,infra,,object_id,0,0
admin,reservations_management_reservationtasks_change,/admin/reservations_management/reservationtasks/<path:object_id>/change/,django.contrib.admin.options.ModelAdmin.change_view,.venv/lib/python3.13/site-packages/django/contrib/admin/options.py:1986,infra,,object_id,0,0
admin,django_celery_beat_periodictask_changelist,/admin/django_celery_beat/periodictask/,django_celery_beat.admin.PeriodicTaskAdmin.changelist_view,.venv/lib/python3.13/site-packages/django/contrib/admin/options.py:162,infra,,,0,0
admin,django_celery_beat_periodictask_add,/admin/django_celery_beat/periodictask/add/,django.contrib.admin.options.ModelAdmin.add_view,.venv/lib/python3.13/site-packages/django/contrib/admin/options.py:1983,infra,,,0,0
admin,django_celery_beat_periodictask_history,/admin/django_celery_beat/periodictask/<path:object_id>/history/,django.contrib.admin.options.ModelAdmin.history_view,.venv/lib/python3.13/site-packages/django/contrib/admin/options.py:2274,infra,,object_id,0,0
admin,django_celery_beat_periodictask_delete,/admin/django_celery_beat/periodictask/<path:object_id>/delete/,django.contrib.admin.options.ModelAdmin.delete_view,.venv/lib/python3.13/site-packages/django/contrib/admin/options.py:2201,infra,,object_id,0,0
admin,django_celery_beat_periodictask_change,/admin/django_celery_beat/periodictask/<path:object_id>/change/,django.contrib.admin.options.ModelAdmin.change_view,.venv/lib/python3.13/site-packages/django/contrib/admin/options.py:1986,infra,,object_id,0,0
admin,django_celery_beat_clockedschedule_changelist,/admin/django_celery_beat/clockedschedule/,django.contrib.admin.options.ModelAdmin.changelist_view,.venv/lib/python3.13/site-packages/django/contrib/admin/options.py:2012,infra,,,0,0
admin,django_celery_beat_clockedschedule_add,/admin/django_celery_beat/clockedschedule/add/,django.contrib.admin.options.ModelAdmin.add_view,.venv/lib/python3.13/site-packages/django/contrib/admin/options.py:1983,infra,,,0,0
admin,django_celery_beat_clockedschedule_history,/admin/django_celery_beat/clockedschedule/<path:object_id>/history/,django.contrib.admin.options.ModelAdmin.history_view,.venv/lib/python3.13/site-packages/django/contrib/admin/options.py:2274,infra,,object_id,0,0
admin,django_celery_beat_clockedschedule_delete,/admin/django_celery_beat/clockedschedule/<path:object_id>/delete/,django.contrib.admin.options.ModelAdmin.delete_view,.venv/lib/python3.13/site-packages/django/contrib/admin/options.py:2201,infra,,object_id,0,0
admin,django_celery_beat_clockedschedule_change,/admin/django_celery_beat/clockedschedule/<path:object_id>/change/,django.contrib.admin.options.ModelAdmin.change_view,.venv/lib/python3.13/site-packages/django/contrib/admin/options.py:1986,infra,,object_id,0,0
admin,django_celery_beat_crontabschedule_changelist,/admin/django_celery_beat/crontabschedule/,django.contrib.admin.options.ModelAdmin.changelist_view,.venv/lib/python3.13/site-packages/django/contrib/admin/options.py:2012,infra,,,0,0
admin,django_celery_beat_crontabschedule_add,/admin/django_celery_beat/crontabschedule/add/,django.contrib.admin.options.ModelAdmin.add_view,.venv/lib/python3.13/site-packages/django/contrib/admin/options.py:1983,infra,,,0,0
admin,django_celery_beat_crontabschedule_history,/admin/django_celery_beat/crontabschedule/<path:object_id>/history/,django.contrib.admin.options.ModelAdmin.history_view,.venv/lib/python3.13/site-packages/django/contrib/admin/options.py:2274,infra,,object_id,0,0
admin,django_celery_beat_crontabschedule_delete,/admin/django_celery_beat/crontabschedule/<path:object_id>/delete/,django.contrib.admin.options.ModelAdmin.delete_view,.venv/lib/python3.13/site-packages/django/contrib/admin/options.py:2201,infra,,object_id,0,0
admin,django_celery_beat_crontabschedule_change,/admin/django_celery_beat/crontabschedule/<path:object_id>/change/,django.contrib.admin.options.ModelAdmin.change_view,.venv/lib/python3.13/site-packages/django/contrib/admin/options.py:1986,infra,,object_id,0,0
admin,django_celery_beat_solarschedule_changelist,/admin/django_celery_beat/solarschedule/,django.contrib.admin.options.ModelAdmin.changelist_view,.venv/lib/python3.13/site-packages/django/contrib/admin/options.py:2012,infra,,,0,0
admin,django_celery_beat_solarschedule_add,/admin/django_celery_beat/solarschedule/add/,django.contrib.admin.options.ModelAdmin.add_view,.venv/lib/python3.13/site-packages/django/contrib/admin/options.py:1983,infra,,,0,0
admin,django_celery_beat_solarschedule_history,/admin/django_celery_beat/solarschedule/<path:object_id>/history/,django.contrib.admin.options.ModelAdmin.history_view,.venv/lib/python3.13/site-packages/django/contrib/admin/options.py:2274,infra,,object_id,0,0
admin,django_celery_beat_solarschedule_delete,/admin/django_celery_beat/solarschedule/<path:object_id>/delete/,django.contrib.admin.options.ModelAdmin.delete_view,.venv/lib/python3.13/site-packages/django/contrib/admin/options.py:2201,infra,,object_id,0,0
admin,django_celery_beat_solarschedule_change,/admin/django_celery_beat/solarschedule/<path:object_id>/change/,django.contrib.admin.options.ModelAdmin.change_view,.venv/lib/python3.13/site-packages/django/contrib/admin/options.py:1986,infra,,object_id,0,0
admin,django_celery_beat_intervalschedule_changelist,/admin/django_celery_beat/intervalschedule/,django.contrib.admin.options.ModelAdmin.changelist_view,.venv/lib/python3.13/site-packages/django/contrib/admin/options.py:2012,infra,,,0,0
admin,django_celery_beat_intervalschedule_add,/admin/django_celery_beat/intervalschedule/add/,django.contrib.admin.options.ModelAdmin.add_view,.venv/lib/python3.13/site-packages/django/contrib/admin/options.py:1983,infra,,,0,0
admin,django_celery_beat_intervalschedule_history,/admin/django_celery_beat/intervalschedule/<path:object_id>/history/,django.contrib.admin.options.ModelAdmin.history_view,.venv/lib/python3.13/site-packages/django/contrib/admin/options.py:2274,infra,,object_id,0,0
admin,django_celery_beat_intervalschedule_delete,/admin/django_celery_beat/intervalschedule/<path:object_id>/delete/,django.contrib.admin.options.ModelAdmin.delete_view,.venv/lib/python3.13/site-packages/django/contrib/admin/options.py:2201,infra,,object_id,0,0
admin,django_celery_beat_intervalschedule_change,/admin/django_celery_beat/intervalschedule/<path:object_id>/change/,django.contrib.admin.options.ModelAdmin.change_view,.venv/lib/python3.13/site-packages/django/contrib/admin/options.py:1986,infra,,object_id,0,0
admin,otp_totp_totpdevice_config,/admin/otp_totp/totpdevice/<int:pk>/config/,django_otp.plugins.otp_totp.admin.TOTPDeviceAdmin.config_view,.venv/lib/python3.13/site-packages/django/utils/decorators.py:135,infra,,pk,0,0
admin,otp_totp_totpdevice_qrcode,/admin/otp_totp/totpdevice/<int:pk>/qrcode/,django_otp.plugins.otp_totp.admin.TOTPDeviceAdmin.qrcode_view,.venv/lib/python3.13/site-packages/django/utils/decorators.py:150,infra,,pk,0,0
admin,otp_totp_totpdevice_changelist,/admin/otp_totp/totpdevice/,django.contrib.admin.options.ModelAdmin.changelist_view,.venv/lib/python3.13/site-packages/django/contrib/admin/options.py:2012,infra,,,0,0
admin,otp_totp_totpdevice_add,/admin/otp_totp/totpdevice/add/,django.contrib.admin.options.ModelAdmin.add_view,.venv/lib/python3.13/site-packages/django/contrib/admin/options.py:1983,infra,,,0,0
admin,otp_totp_totpdevice_history,/admin/otp_totp/totpdevice/<path:object_id>/history/,django.contrib.admin.options.ModelAdmin.history_view,.venv/lib/python3.13/site-packages/django/contrib/admin/options.py:2274,infra,,object_id,0,0
admin,otp_totp_totpdevice_delete,/admin/otp_totp/totpdevice/<path:object_id>/delete/,django.contrib.admin.options.ModelAdmin.delete_view,.venv/lib/python3.13/site-packages/django/contrib/admin/options.py:2201,infra,,object_id,0,0
admin,otp_totp_totpdevice_change,/admin/otp_totp/totpdevice/<path:object_id>/change/,django.contrib.admin.options.ModelAdmin.change_view,.venv/lib/python3.13/site-packages/django/contrib/admin/options.py:1986,infra,,object_id,0,0
admin,report_taskreport_changelist,/admin/report/taskreport/,django.contrib.admin.options.ModelAdmin.changelist_view,.venv/lib/python3.13/site-packages/django/contrib/admin/options.py:2012,infra,,,0,0
admin,report_taskreport_add,/admin/report/taskreport/add/,django.contrib.admin.options.ModelAdmin.add_view,.venv/lib/python3.13/site-packages/django/contrib/admin/options.py:1983,infra,,,0,0
admin,report_taskreport_history,/admin/report/taskreport/<path:object_id>/history/,django.contrib.admin.options.ModelAdmin.history_view,.venv/lib/python3.13/site-packages/django/contrib/admin/options.py:2274,infra,,object_id,0,0
admin,report_taskreport_delete,/admin/report/taskreport/<path:object_id>/delete/,django.contrib.admin.options.ModelAdmin.delete_view,.venv/lib/python3.13/site-packages/django/contrib/admin/options.py:2201,infra,,object_id,0,0
admin,report_taskreport_change,/admin/report/taskreport/<path:object_id>/change/,django.contrib.admin.options.ModelAdmin.change_view,.venv/lib/python3.13/site-packages/django/contrib/admin/options.py:1986,infra,,object_id,0,0
admin,pending_tasks_pendingtask_changelist,/admin/pending_tasks/pendingtask/,django.contrib.admin.options.ModelAdmin.changelist_view,.venv/lib/python3.13/site-packages/django/contrib/admin/options.py:2012,infra,,,0,0
admin,pending_tasks_pendingtask_add,/admin/pending_tasks/pendingtask/add/,django.contrib.admin.options.ModelAdmin.add_view,.venv/lib/python3.13/site-packages/django/contrib/admin/options.py:1983,infra,,,0,0
admin,pending_tasks_pendingtask_history,/admin/pending_tasks/pendingtask/<path:object_id>/history/,django.contrib.admin.options.ModelAdmin.history_view,.venv/lib/python3.13/site-packages/django/contrib/admin/options.py:2274,infra,,object_id,0,0
admin,pending_tasks_pendingtask_delete,/admin/pending_tasks/pendingtask/<path:object_id>/delete/,django.contrib.admin.options.ModelAdmin.delete_view,.venv/lib/python3.13/site-packages/django/contrib/admin/options.py:2201,infra,,object_id,0,0
admin,pending_tasks_pendingtask_change,/admin/pending_tasks/pendingtask/<path:object_id>/change/,django.contrib.admin.options.ModelAdmin.change_view,.venv/lib/python3.13/site-packages/django/contrib/admin/options.py:1986,infra,,object_id,0,0
admin,pending_tasks_pendingtaskmanager_changelist,/admin/pending_tasks/pendingtaskmanager/,django.contrib.admin.options.ModelAdmin.changelist_view,.venv/lib/python3.13/site-packages/django/contrib/admin/options.py:2012,infra,,,0,0
admin,pending_tasks_pendingtaskmanager_add,/admin/pending_tasks/pendingtaskmanager/add/,django.contrib.admin.options.ModelAdmin.add_view,.venv/lib/python3.13/site-packages/django/contrib/admin/options.py:1983,infra,,,0,0
admin,pending_tasks_pendingtaskmanager_history,/admin/pending_tasks/pendingtaskmanager/<path:object_id>/history/,django.contrib.admin.options.ModelAdmin.history_view,.venv/lib/python3.13/site-packages/django/contrib/admin/options.py:2274,infra,,object_id,0,0
admin,pending_tasks_pendingtaskmanager_delete,/admin/pending_tasks/pendingtaskmanager/<path:object_id>/delete/,django.contrib.admin.options.ModelAdmin.delete_view,.venv/lib/python3.13/site-packages/django/contrib/admin/options.py:2201,infra,,object_id,0,0
admin,pending_tasks_pendingtaskmanager_change,/admin/pending_tasks/pendingtaskmanager/<path:object_id>/change/,django.contrib.admin.options.ModelAdmin.change_view,.venv/lib/python3.13/site-packages/django/contrib/admin/options.py:1986,infra,,object_id,0,0
admin,admin_logentry_changelist,/admin/admin/logentry/,django.contrib.admin.options.ModelAdmin.changelist_view,.venv/lib/python3.13/site-packages/django/contrib/admin/options.py:2012,infra,,,0,0
admin,admin_logentry_add,/admin/admin/logentry/add/,django.contrib.admin.options.ModelAdmin.add_view,.venv/lib/python3.13/site-packages/django/contrib/admin/options.py:1983,infra,,,0,0
admin,admin_logentry_history,/admin/admin/logentry/<path:object_id>/history/,django.contrib.admin.options.ModelAdmin.history_view,.venv/lib/python3.13/site-packages/django/contrib/admin/options.py:2274,infra,,object_id,0,0
admin,admin_logentry_delete,/admin/admin/logentry/<path:object_id>/delete/,django.contrib.admin.options.ModelAdmin.delete_view,.venv/lib/python3.13/site-packages/django/contrib/admin/options.py:2201,infra,,object_id,0,0
admin,admin_logentry_change,/admin/admin/logentry/<path:object_id>/change/,django.contrib.admin.options.ModelAdmin.change_view,.venv/lib/python3.13/site-packages/django/contrib/admin/options.py:1986,infra,,object_id,0,0
admin,app_list,/admin/^(?P<app_label>auth|sites|djgentelella|auth_and_perms|presentation|laboratory|academic|djreservation|authtoken|msds|sga|async_notification|django_celery_results|risk_management|reservations_management|django_celery_beat|otp_totp|report|pending_tasks|admin)/$,django.contrib.admin.sites.AdminSite.app_index,.venv/lib/python3.13/site-packages/django/contrib/admin/sites.py:578,infra,,app_label,0,0
async_notification,api-emailnotification-list,/async_notification/objapi/^email_notification/$,djgentelella.async_notification.views.EmailNotificationManagement,.venv/lib/python3.13/site-packages/django/views/decorators/csrf.py:491,infra,,,0,0
async_notification,api-emailnotification-list,/async_notification/objapi/^email_notification\.(?P<format>[a-z0-9]+)/?$,djgentelella.async_notification.views.EmailNotificationManagement,.venv/lib/python3.13/site-packages/django/views/decorators/csrf.py:491,infra,,format,0,0
async_notification,api-emailnotification-detail-template,/async_notification/objapi/^email_notification/detail_template/$,djgentelella.async_notification.views.EmailNotificationManagement,.venv/lib/python3.13/site-packages/django/views/decorators/csrf.py:491,infra,,,0,0
async_notification,api-emailnotification-detail-template,/async_notification/objapi/^email_notification/detail_template\.(?P<format>[a-z0-9]+)/?$,djgentelella.async_notification.views.EmailNotificationManagement,.venv/lib/python3.13/site-packages/django/views/decorators/csrf.py:491,infra,,format,0,0
async_notification,api-emailnotification-send-selected,/async_notification/objapi/^email_notification/send_selected/$,djgentelella.async_notification.views.EmailNotificationManagement,.venv/lib/python3.13/site-packages/django/views/decorators/csrf.py:491,infra,,,0,0
async_notification,api-emailnotification-send-selected,/async_notification/objapi/^email_notification/send_selected\.(?P<format>[a-z0-9]+)/?$,djgentelella.async_notification.views.EmailNotificationManagement,.venv/lib/python3.13/site-packages/django/views/decorators/csrf.py:491,infra,,format,0,0
async_notification,api-emailnotification-detail,/async_notification/objapi/^email_notification/(?P<pk>[^/.]+)/$,djgentelella.async_notification.views.EmailNotificationManagement,.venv/lib/python3.13/site-packages/django/views/decorators/csrf.py:491,infra,,pk,0,0
async_notification,api-emailnotification-detail,/async_notification/objapi/^email_notification/(?P<pk>[^/.]+)\.(?P<format>[a-z0-9]+)/?$,djgentelella.async_notification.views.EmailNotificationManagement,.venv/lib/python3.13/site-packages/django/views/decorators/csrf.py:491,infra,,pk|format,0,0
async_notification,api-emailnotification-duplicate,/async_notification/objapi/^email_notification/(?P<pk>[^/.]+)/duplicate/$,djgentelella.async_notification.views.EmailNotificationManagement,.venv/lib/python3.13/site-packages/django/views/decorators/csrf.py:491,infra,,pk,0,0
async_notification,api-emailnotification-duplicate,/async_notification/objapi/^email_notification/(?P<pk>[^/.]+)/duplicate\.(?P<format>[a-z0-9]+)/?$,djgentelella.async_notification.views.EmailNotificationManagement,.venv/lib/python3.13/site-packages/django/views/decorators/csrf.py:491,infra,,pk|format,0,0
async_notification,api-emailnotification-get-values-for-update,/async_notification/objapi/^email_notification/(?P<pk>[^/.]+)/get_values_for_update/$,djgentelella.async_notification.views.EmailNotificationManagement,.venv/lib/python3.13/site-packages/django/views/decorators/csrf.py:491,infra,,pk,0,0
async_notification,api-emailnotification-get-values-for-update,/async_notification/objapi/^email_notification/(?P<pk>[^/.]+)/get_values_for_update\.(?P<format>[a-z0-9]+)/?$,djgentelella.async_notification.views.EmailNotificationManagement,.venv/lib/python3.13/site-packages/django/views/decorators/csrf.py:491,infra,,pk|format,0,0
async_notification,api-emailnotification-preview,/async_notification/objapi/^email_notification/(?P<pk>[^/.]+)/preview/$,djgentelella.async_notification.views.EmailNotificationManagement,.venv/lib/python3.13/site-packages/django/views/decorators/csrf.py:491,infra,,pk,0,0
async_notification,api-emailnotification-preview,/async_notification/objapi/^email_notification/(?P<pk>[^/.]+)/preview\.(?P<format>[a-z0-9]+)/?$,djgentelella.async_notification.views.EmailNotificationManagement,.venv/lib/python3.13/site-packages/django/views/decorators/csrf.py:491,infra,,pk|format,0,0
async_notification,api-emailnotification-send-email,/async_notification/objapi/^email_notification/(?P<pk>[^/.]+)/send_email/$,djgentelella.async_notification.views.EmailNotificationManagement,.venv/lib/python3.13/site-packages/django/views/decorators/csrf.py:491,infra,,pk,0,0
async_notification,api-emailnotification-send-email,/async_notification/objapi/^email_notification/(?P<pk>[^/.]+)/send_email\.(?P<format>[a-z0-9]+)/?$,djgentelella.async_notification.views.EmailNotificationManagement,.venv/lib/python3.13/site-packages/django/views/decorators/csrf.py:491,infra,,pk|format,0,0
async_notification,api-emailtemplate-list,/async_notification/objapi/^email_template/$,djgentelella.async_notification.views.EmailTemplateManagement,.venv/lib/python3.13/site-packages/django/views/decorators/csrf.py:491,infra,,,0,0
async_notification,api-emailtemplate-list,/async_notification/objapi/^email_template\.(?P<format>[a-z0-9]+)/?$,djgentelella.async_notification.views.EmailTemplateManagement,.venv/lib/python3.13/site-packages/django/views/decorators/csrf.py:491,infra,,format,0,0
async_notification,api-emailtemplate-detail-template,/async_notification/objapi/^email_template/detail_template/$,djgentelella.async_notification.views.EmailTemplateManagement,.venv/lib/python3.13/site-packages/django/views/decorators/csrf.py:491,infra,,,0,0
async_notification,api-emailtemplate-detail-template,/async_notification/objapi/^email_template/detail_template\.(?P<format>[a-z0-9]+)/?$,djgentelella.async_notification.views.EmailTemplateManagement,.venv/lib/python3.13/site-packages/django/views/decorators/csrf.py:491,infra,,format,0,0
async_notification,api-emailtemplate-detail,/async_notification/objapi/^email_template/(?P<pk>[^/.]+)/$,djgentelella.async_notification.views.EmailTemplateManagement,.venv/lib/python3.13/site-packages/django/views/decorators/csrf.py:491,infra,,pk,0,0
async_notification,api-emailtemplate-detail,/async_notification/objapi/^email_template/(?P<pk>[^/.]+)\.(?P<format>[a-z0-9]+)/?$,djgentelella.async_notification.views.EmailTemplateManagement,.venv/lib/python3.13/site-packages/django/views/decorators/csrf.py:491,infra,,pk|format,0,0
async_notification,api-emailtemplate-get-values-for-update,/async_notification/objapi/^email_template/(?P<pk>[^/.]+)/get_values_for_update/$,djgentelella.async_notification.views.EmailTemplateManagement,.venv/lib/python3.13/site-packages/django/views/decorators/csrf.py:491,infra,,pk,0,0
async_notification,api-emailtemplate-get-values-for-update,/async_notification/objapi/^email_template/(?P<pk>[^/.]+)/get_values_for_update\.(?P<format>[a-z0-9]+)/?$,djgentelella.async_notification.views.EmailTemplateManagement,.venv/lib/python3.13/site-packages/django/views/decorators/csrf.py:491,infra,,pk|format,0,0
async_notification,api-emailtemplate-preview,/async_notification/objapi/^email_template/(?P<pk>[^/.]+)/preview/$,djgentelella.async_notification.views.EmailTemplateManagement,.venv/lib/python3.13/site-packages/django/views/decorators/csrf.py:491,infra,,pk,0,0
async_notification,api-emailtemplate-preview,/async_notification/objapi/^email_template/(?P<pk>[^/.]+)/preview\.(?P<format>[a-z0-9]+)/?$,djgentelella.async_notification.views.EmailTemplateManagement,.venv/lib/python3.13/site-packages/django/views/decorators/csrf.py:491,infra,,pk|format,0,0
async_notification,api-newslettertemplate-list,/async_notification/objapi/^newsletter_template/$,djgentelella.async_notification.views.NewsLetterTemplateManagement,.venv/lib/python3.13/site-packages/django/views/decorators/csrf.py:491,infra,,,0,0
async_notification,api-newslettertemplate-list,/async_notification/objapi/^newsletter_template\.(?P<format>[a-z0-9]+)/?$,djgentelella.async_notification.views.NewsLetterTemplateManagement,.venv/lib/python3.13/site-packages/django/views/decorators/csrf.py:491,infra,,format,0,0
async_notification,api-newslettertemplate-detail-template,/async_notification/objapi/^newsletter_template/detail_template/$,djgentelella.async_notification.views.NewsLetterTemplateManagement,.venv/lib/python3.13/site-packages/django/views/decorators/csrf.py:491,infra,,,0,0
async_notification,api-newslettertemplate-detail-template,/async_notification/objapi/^newsletter_template/detail_template\.(?P<format>[a-z0-9]+)/?$,djgentelella.async_notification.views.NewsLetterTemplateManagement,.venv/lib/python3.13/site-packages/django/views/decorators/csrf.py:491,infra,,format,0,0
async_notification,api-newslettertemplate-detail,/async_notification/objapi/^newsletter_template/(?P<pk>[^/.]+)/$,djgentelella.async_notification.views.NewsLetterTemplateManagement,.venv/lib/python3.13/site-packages/django/views/decorators/csrf.py:491,infra,,pk,0,0
async_notification,api-newslettertemplate-detail,/async_notification/objapi/^newsletter_template/(?P<pk>[^/.]+)\.(?P<format>[a-z0-9]+)/?$,djgentelella.async_notification.views.NewsLetterTemplateManagement,.venv/lib/python3.13/site-packages/django/views/decorators/csrf.py:491,infra,,pk|format,0,0
async_notification,api-newslettertemplate-get-values-for-update,/async_notification/objapi/^newsletter_template/(?P<pk>[^/.]+)/get_values_for_update/$,djgentelella.async_notification.views.NewsLetterTemplateManagement,.venv/lib/python3.13/site-packages/django/views/decorators/csrf.py:491,infra,,pk,0,0
async_notification,api-newslettertemplate-get-values-for-update,/async_notification/objapi/^newsletter_template/(?P<pk>[^/.]+)/get_values_for_update\.(?P<format>[a-z0-9]+)/?$,djgentelella.async_notification.views.NewsLetterTemplateManagement,.venv/lib/python3.13/site-packages/django/views/decorators/csrf.py:491,infra,,pk|format,0,0
async_notification,api-newslettertemplate-preview,/async_notification/objapi/^newsletter_template/(?P<pk>[^/.]+)/preview/$,djgentelella.async_notification.views.NewsLetterTemplateManagement,.venv/lib/python3.13/site-packages/django/views/decorators/csrf.py:491,infra,,pk,0,0
async_notification,api-newslettertemplate-preview,/async_notification/objapi/^newsletter_template/(?P<pk>[^/.]+)/preview\.(?P<format>[a-z0-9]+)/?$,djgentelella.async_notification.views.NewsLetterTemplateManagement,.venv/lib/python3.13/site-packages/django/views/decorators/csrf.py:491,infra,,pk|format,0,0
async_notification,api-newsletter-list,/async_notification/objapi/^newsletter/$,djgentelella.async_notification.views.NewsLetterManagement,.venv/lib/python3.13/site-packages/django/views/decorators/csrf.py:491,infra,,,0,0
async_notification,api-newsletter-list,/async_notification/objapi/^newsletter\.(?P<format>[a-z0-9]+)/?$,djgentelella.async_notification.views.NewsLetterManagement,.venv/lib/python3.13/site-packages/django/views/decorators/csrf.py:491,infra,,format,0,0
async_notification,api-newsletter-detail-template,/async_notification/objapi/^newsletter/detail_template/$,djgentelella.async_notification.views.NewsLetterManagement,.venv/lib/python3.13/site-packages/django/views/decorators/csrf.py:491,infra,,,0,0
async_notification,api-newsletter-detail-template,/async_notification/objapi/^newsletter/detail_template\.(?P<format>[a-z0-9]+)/?$,djgentelella.async_notification.views.NewsLetterManagement,.venv/lib/python3.13/site-packages/django/views/decorators/csrf.py:491,infra,,format,0,0
async_notification,api-newsletter-detail,/async_notification/objapi/^newsletter/(?P<pk>[^/.]+)/$,djgentelella.async_notification.views.NewsLetterManagement,.venv/lib/python3.13/site-packages/django/views/decorators/csrf.py:491,infra,,pk,0,0
async_notification,api-newsletter-detail,/async_notification/objapi/^newsletter/(?P<pk>[^/.]+)\.(?P<format>[a-z0-9]+)/?$,djgentelella.async_notification.views.NewsLetterManagement,.venv/lib/python3.13/site-packages/django/views/decorators/csrf.py:491,infra,,pk|format,0,0
async_notification,api-newsletter-get-values-for-update,/async_notification/objapi/^newsletter/(?P<pk>[^/.]+)/get_values_for_update/$,djgentelella.async_notification.views.NewsLetterManagement,.venv/lib/python3.13/site-packages/django/views/decorators/csrf.py:491,infra,,pk,0,0
async_notification,api-newsletter-get-values-for-update,/async_notification/objapi/^newsletter/(?P<pk>[^/.]+)/get_values_for_update\.(?P<format>[a-z0-9]+)/?$,djgentelella.async_notification.views.NewsLetterManagement,.venv/lib/python3.13/site-packages/django/views/decorators/csrf.py:491,infra,,pk|format,0,0
async_notification,api-newsletter-preview,/async_notification/objapi/^newsletter/(?P<pk>[^/.]+)/preview/$,djgentelella.async_notification.views.NewsLetterManagement,.venv/lib/python3.13/site-packages/django/views/decorators/csrf.py:491,infra,,pk,0,0
async_notification,api-newsletter-preview,/async_notification/objapi/^newsletter/(?P<pk>[^/.]+)/preview\.(?P<format>[a-z0-9]+)/?$,djgentelella.async_notification.views.NewsLetterManagement,.venv/lib/python3.13/site-packages/django/views/decorators/csrf.py:491,infra,,pk|format,0,0
async_notification,api-newsletter-preview-recipients,/async_notification/objapi/^newsletter/(?P<pk>[^/.]+)/preview_recipients/$,djgentelella.async_notification.views.NewsLetterManagement,.venv/lib/python3.13/site-packages/django/views/decorators/csrf.py:491,infra,,pk,0,0
async_notification,api-newsletter-preview-recipients,/async_notification/objapi/^newsletter/(?P<pk>[^/.]+)/preview_recipients\.(?P<format>[a-z0-9]+)/?$,djgentelella.async_notification.views.NewsLetterManagement,.venv/lib/python3.13/site-packages/django/views/decorators/csrf.py:491,infra,,pk|format,0,0
async_notification,api-newslettertask-list,/async_notification/objapi/^newsletter_task/$,djgentelella.async_notification.views.NewsLetterTaskManagement,.venv/lib/python3.13/site-packages/django/views/decorators/csrf.py:491,infra,,,0,0
async_notification,api-newslettertask-list,/async_notification/objapi/^newsletter_task\.(?P<format>[a-z0-9]+)/?$,djgentelella.async_notification.views.NewsLetterTaskManagement,.venv/lib/python3.13/site-packages/django/views/decorators/csrf.py:491,infra,,format,0,0
async_notification,api-newslettertask-detail-template,/async_notification/objapi/^newsletter_task/detail_template/$,djgentelella.async_notification.views.NewsLetterTaskManagement,.venv/lib/python3.13/site-packages/django/views/decorators/csrf.py:491,infra,,,0,0
async_notification,api-newslettertask-detail-template,/async_notification/objapi/^newsletter_task/detail_template\.(?P<format>[a-z0-9]+)/?$,djgentelella.async_notification.views.NewsLetterTaskManagement,.venv/lib/python3.13/site-packages/django/views/decorators/csrf.py:491,infra,,format,0,0
async_notification,api-newslettertask-detail,/async_notification/objapi/^newsletter_task/(?P<pk>[^/.]+)/$,djgentelella.async_notification.views.NewsLetterTaskManagement,.venv/lib/python3.13/site-packages/django/views/decorators/csrf.py:491,infra,,pk,0,0
async_notification,api-newslettertask-detail,/async_notification/objapi/^newsletter_task/(?P<pk>[^/.]+)\.(?P<format>[a-z0-9]+)/?$,djgentelella.async_notification.views.NewsLetterTaskManagement,.venv/lib/python3.13/site-packages/django/views/decorators/csrf.py:491,infra,,pk|format,0,0
async_notification,api-newslettertask-get-values-for-update,/async_notification/objapi/^newsletter_task/(?P<pk>[^/.]+)/get_values_for_update/$,djgentelella.async_notification.views.NewsLetterTaskManagement,.venv/lib/python3.13/site-packages/django/views/decorators/csrf.py:491,infra,,pk,0,0
async_notification,api-newslettertask-get-values-for-update,/async_notification/objapi/^newsletter_task/(?P<pk>[^/.]+)/get_values_for_update\.(?P<format>[a-z0-9]+)/?$,djgentelella.async_notification.views.NewsLetterTaskManagement,.venv/lib/python3.13/site-packages/django/views/decorators/csrf.py:491,infra,,pk|format,0,0
async_notification,api-newslettertask-send-now,/async_notification/objapi/^newsletter_task/(?P<pk>[^/.]+)/send_now/$,djgentelella.async_notification.views.NewsLetterTaskManagement,.venv/lib/python3.13/site-packages/django/views/decorators/csrf.py:491,infra,,pk,0,0
async_notification,api-newslettertask-send-now,/async_notification/objapi/^newsletter_task/(?P<pk>[^/.]+)/send_now\.(?P<format>[a-z0-9]+)/?$,djgentelella.async_notification.views.NewsLetterTaskManagement,.venv/lib/python3.13/site-packages/django/views/decorators/csrf.py:491,infra,,pk|format,0,0
async_notification,api-root,/async_notification/objapi/,rest_framework.routers.APIRootView,.venv/lib/python3.13/site-packages/django/views/decorators/csrf.py:97,api,,,0,0
async_notification,api-root,/async_notification/objapi/<drf_format_suffix:format>,rest_framework.routers.APIRootView,.venv/lib/python3.13/site-packages/django/views/decorators/csrf.py:97,api,,format,0,0
async_notification,email_notification,/async_notification/email-notifications/,djgentelella.async_notification.views.email_notification_view,.venv/lib/python3.13/site-packages/django/contrib/auth/decorators.py:489,infra,,,0,0
async_notification,email_template,/async_notification/email-templates/,djgentelella.async_notification.views.email_template_view,.venv/lib/python3.13/site-packages/django/contrib/auth/decorators.py:502,infra,,,0,0
async_notification,newsletter,/async_notification/newsletters/,djgentelella.async_notification.views.newsletter_view,.venv/lib/python3.13/site-packages/django/contrib/auth/decorators.py:515,infra,,,0,0
async_notification,newsletter_template,/async_notification/newsletter-templates/,djgentelella.async_notification.views.newsletter_template_view,.venv/lib/python3.13/site-packages/django/contrib/auth/decorators.py:528,infra,,,0,0
async_notification,newsletter_task,/async_notification/newsletter-tasks/,djgentelella.async_notification.views.newsletter_task_view,.venv/lib/python3.13/site-packages/django/contrib/auth/decorators.py:541,infra,,,0,0
async_notification,email_autocomplete,/async_notification/autocomplete/,djgentelella.async_notification.views.email_autocomplete_view,.venv/lib/python3.13/site-packages/django/contrib/auth/decorators.py:559,infra,,,0,0
async_notification,model_fields,/async_notification/model-fields/,djgentelella.async_notification.views.model_fields_view,.venv/lib/python3.13/site-packages/django/contrib/auth/decorators.py:594,infra,,,0,0
async_notification,async_upload_image,/async_notification/upload-image/,djgentelella.async_notification.views.upload_image_view,.venv/lib/python3.13/site-packages/django/contrib/auth/decorators.py:634,infra,,,0,0
async_notification,async_upload_video,/async_notification/upload-video/,djgentelella.async_notification.views.upload_video_view,.venv/lib/python3.13/site-packages/django/contrib/auth/decorators.py:671,infra,,,0,0
async_notification,preview_file,/async_notification/preview-file/<int:pk>/,djgentelella.async_notification.views.preview_file_view,.venv/lib/python3.13/site-packages/django/contrib/auth/decorators.py:703,infra,,pk,0,0
async_notification,reassociate_files,/async_notification/reassociate-files/,djgentelella.async_notification.views.reassociate_files_view,.venv/lib/python3.13/site-packages/django/contrib/auth/decorators.py:714,infra,,,0,0
async_notification,preview_template,/async_notification/preview-template/,djgentelella.async_notification.views.preview_template_view,.venv/lib/python3.13/site-packages/django/contrib/auth/decorators.py:750,infra,,,0,0
async_notification,newsletter_filter_form,/async_notification/newsletter-filter-form/,djgentelella.async_notification.views.newsletter_filter_form_view,.venv/lib/python3.13/site-packages/django/contrib/auth/decorators.py:848,infra,,,0,0
async_notification,newsletter_recipients_preview,/async_notification/newsletter-recipients-preview/,djgentelella.async_notification.views.newsletter_recipients_preview_view,.venv/lib/python3.13/site-packages/django/contrib/auth/decorators.py:881,infra,,,0,0
async_notification,unsubscribe,/async_notification/unsubscribe/<str:token>/,djgentelella.async_notification.views.unsubscribe_view,.venv/lib/python3.13/site-packages/django/views/decorators/csrf.py:779,infra,,token,0,0
async_notification,suppression_webhook,/async_notification/suppression-webhook/,djgentelella.async_notification.views.suppression_webhook,.venv/lib/python3.13/site-packages/django/views/decorators/csrf.py:815,infra,,,0,0
report,api-report-detail,/report/api/^api_report/(?P<pk>[^/.]+)/$,report.api.views.ReportDataViewSet,.venv/lib/python3.13/site-packages/django/views/decorators/csrf.py:491,api,,pk,0,0
report,api-report-detail,/report/api/^api_report/(?P<pk>[^/.]+)\.(?P<format>[a-z0-9]+)/?$,report.api.views.ReportDataViewSet,.venv/lib/python3.13/site-packages/django/views/decorators/csrf.py:491,api,,pk|format,0,0
report,api-report-log-detail,/report/api/^api_report_log/(?P<pk>[^/.]+)/$,report.api.views.ReportDataLogViewSet,.venv/lib/python3.13/site-packages/django/views/decorators/csrf.py:491,api,,pk,0,0
report,api-report-log-detail,/report/api/^api_report_log/(?P<pk>[^/.]+)\.(?P<format>[a-z0-9]+)/?$,report.api.views.ReportDataLogViewSet,.venv/lib/python3.13/site-packages/django/views/decorators/csrf.py:491,api,,pk|format,0,0
report,api-root,/report/api/,rest_framework.routers.APIRootView,.venv/lib/python3.13/site-packages/django/views/decorators/csrf.py:97,api,,,0,0
report,api-root,/report/api/<drf_format_suffix:format>,rest_framework.routers.APIRootView,.venv/lib/python3.13/site-packages/django/views/decorators/csrf.py:97,api,,format,0,0
report,create_report_request,/report/<int:org_pk>/create/,report.views.base.create_request_by_report,.venv/lib/python3.13/site-packages/django/contrib/auth/decorators.py:154,json,,org_pk,0,0
report,generate_report,/report/<int:org_pk>/download/,report.views.base.download_report,.venv/lib/python3.13/site-packages/django/contrib/auth/decorators.py:229,json,,org_pk,0,0
report,report_table,/report/<int:org_pk>/table/<int:pk>/,report.views.base.report_table,.venv/lib/python3.13/site-packages/django/contrib/auth/decorators.py:293,pagina,report/general_reports.html,org_pk|pk,0,0
report,report_status,/report/<int:org_pk>/status/,report.views.base.report_status,.venv/lib/python3.13/site-packages/django/contrib/auth/decorators.py:327,json,,org_pk,0,0
report,create_organization_report_request,/report/<int:org_pk>/create/organization/,report.views.base.create_organization_request_by_report,.venv/lib/python3.13/site-packages/django/contrib/auth/decorators.py:367,json,,org_pk,0,0
report,generate_organization_report,/report/<int:org_pk>/download/organization/,report.views.base.download__organization_report,.venv/lib/python3.13/site-packages/django/contrib/auth/decorators.py:426,json,,org_pk,0,0
report,report_organization_table,/report/<int:org_pk>/table/organization/<int:pk>/,report.views.base.report_organization_table,.venv/lib/python3.13/site-packages/django/contrib/auth/decorators.py:499,pagina,report/general_organization_report.html,org_pk|pk,0,0
report,report_organization_status,/report/<int:org_pk>/status/,report.views.base.report_status,.venv/lib/python3.13/site-packages/django/contrib/auth/decorators.py:327,json,,org_pk,0,0
report,regency_report,/report/reports/<int:org_pk>/regency/,report.views.base.regency_report,.venv/lib/python3.13/site-packages/django/contrib/auth/decorators.py:527,pagina,report/regency_report.html,org_pk,0,0
report,reports_furniture_detail,/report/reports/<int:org_pk>/list/furniture/,report.views.reports_org.FurnitureReportView,.venv/lib/python3.13/site-packages/django/views/generic/base.py:134,pagina,report/base_report_form_view.html,org_pk,0,1
report,reports_objects_list,/report/reports/<int:org_pk>/list/objects/,report.views.reports_org.ObjectList,.venv/lib/python3.13/site-packages/django/views/generic/base.py:134,pagina,report/base_report_form_view.html,org_pk,0,1
report,reports_limited_shelf_objects_list,/report/reports/<int:org_pk>/list/limited_shelf_objects/,report.views.reports_org.LimitedShelfObjectList,.venv/lib/python3.13/site-packages/django/views/generic/base.py:134,pagina,report/base_report_form_view.html,org_pk,0,0
report,reactive_precursor_object_list,/report/reports/<int:org_pk>/list/reactive_precursor_objects/,report.views.reports_org.ReactivePrecursorObjectList,.venv/lib/python3.13/site-packages/django/views/generic/base.py:134,pagina,report/base_report_form_view.html,org_pk,0,0
report,object_change_logs,/report/reports/<int:org_pk>/objectchanges/,report.views.reports_org.LogObjectView,.venv/lib/python3.13/site-packages/django/views/generic/base.py:134,pagina,report/base_report_form_view.html,org_pk,0,0
report,precursor_report,/report/reports/<int:org_pk>/precursors/,report.views.reports_org.PrecursorsView,.venv/lib/python3.13/site-packages/django/views/generic/base.py:134,pagina,report/precursor_report.html,org_pk,1,1
report,waste_report,/report/reports/<int:org_pk>/list/waste/report,report.views.reports_org.DiscardShelfReportView,.venv/lib/python3.13/site-packages/django/views/generic/base.py:134,pagina,report/base_report_form_view.html,org_pk,0,0
report,reactive_report,/report/reports/<int:org_pk>/list/reactive/report,report.views.reports_org.ReactiveReport,.venv/lib/python3.13/site-packages/django/views/generic/base.py:134,pagina,report/base_report_form_view.html,org_pk,0,0
report,risk_zone_report,/report/reports/<int:org_pk>/risk_zone/,report.views.reports_org.RiskZoneReport,.venv/lib/python3.13/site-packages/django/views/generic/base.py:134,pagina,report/base_report_form_view.html,org_pk,0,0
report,reactive_stock_report,/report/reports/<int:org_pk>/reactive/stock/,report.views.reports_org.ReactiveStockReport,.venv/lib/python3.13/site-packages/django/views/generic/base.py:134,pagina,report/base_report_form_view.html,org_pk,0,0
report,compatibility_report,/report/reports/<int:org_pk>/compatibility/,report.views.reports_org.CompatibilityReport,.venv/lib/python3.13/site-packages/django/views/generic/base.py:134,pagina,report/base_report_form_view.html,org_pk,0,0
report,hazard_map_report,/report/reports/<int:org_pk>/hazard_map/,report.views.reports_org.HazardMapReport,.venv/lib/python3.13/site-packages/django/views/generic/base.py:134,pagina,report/base_report_form_view.html,org_pk,0,0
report,hazard_map_visual,/report/reports/<int:org_pk>/hazard_map/visual/,report.views.riskzones.hazard_map_visual_view,.venv/lib/python3.13/site-packages/django/contrib/auth/decorators.py:514,pagina,report/hazard_map_visual.html,org_pk,0,0
report,precursor_report_values_view,/report/reports/<int:org_pk>/precursor-values-list/<int:precusor_pk>/,report.views.reports_org.PrecursorReportValuesView,.venv/lib/python3.13/site-packages/django/views/generic/base.py:134,pagina,report/precursor_report_values_view.html,org_pk|precusor_pk,0,0
report,donations_report,/report/reports/<int:org_pk>/donations-report/,report.views.reports_org.DonationReportView,.venv/lib/python3.13/site-packages/django/views/generic/base.py:134,pagina,report/base_report_form_view.html,org_pk,0,0
report,api-precursor-report-values-list,/report/api/reports/<int:org_pk>/precusor/<int:precusor_pk>/^api_precursor_report_values/$,report.api.views.PrecursorReportValuesViewSet,.venv/lib/python3.13/site-packages/django/views/decorators/csrf.py:491,api,,org_pk|precusor_pk,0,0
report,api-precursor-report-values-list,/report/api/reports/<int:org_pk>/precusor/<int:precusor_pk>/^api_precursor_report_values\.(?P<format>[a-z0-9]+)/?$,report.api.views.PrecursorReportValuesViewSet,.venv/lib/python3.13/site-packages/django/views/decorators/csrf.py:491,api,,org_pk|precusor_pk|format,0,0
report,api-precursor-report-values-detail-template,/report/api/reports/<int:org_pk>/precusor/<int:precusor_pk>/^api_precursor_report_values/detail_template/$,report.api.views.PrecursorReportValuesViewSet,.venv/lib/python3.13/site-packages/django/views/decorators/csrf.py:491,api,,org_pk|precusor_pk,0,0
report,api-precursor-report-values-detail-template,/report/api/reports/<int:org_pk>/precusor/<int:precusor_pk>/^api_precursor_report_values/detail_template\.(?P<format>[a-z0-9]+)/?$,report.api.views.PrecursorReportValuesViewSet,.venv/lib/python3.13/site-packages/django/views/decorators/csrf.py:491,api,,org_pk|precusor_pk|format,0,0
report,api-precursor-report-values-detail,/report/api/reports/<int:org_pk>/precusor/<int:precusor_pk>/^api_precursor_report_values/(?P<pk>[^/.]+)/$,report.api.views.PrecursorReportValuesViewSet,.venv/lib/python3.13/site-packages/django/views/decorators/csrf.py:491,api,,org_pk|precusor_pk|pk,0,0
report,api-precursor-report-values-detail,/report/api/reports/<int:org_pk>/precusor/<int:precusor_pk>/^api_precursor_report_values/(?P<pk>[^/.]+)\.(?P<format>[a-z0-9]+)/?$,report.api.views.PrecursorReportValuesViewSet,.venv/lib/python3.13/site-packages/django/views/decorators/csrf.py:491,api,,org_pk|precusor_pk|pk|format,0,0
report,api-precursor-report-values-get-values-for-update,/report/api/reports/<int:org_pk>/precusor/<int:precusor_pk>/^api_precursor_report_values/(?P<pk>[^/.]+)/get_values_for_update/$,report.api.views.PrecursorReportValuesViewSet,.venv/lib/python3.13/site-packages/django/views/decorators/csrf.py:491,api,,org_pk|precusor_pk|pk,0,0
report,api-precursor-report-values-get-values-for-update,/report/api/reports/<int:org_pk>/precusor/<int:precusor_pk>/^api_precursor_report_values/(?P<pk>[^/.]+)/get_values_for_update\.(?P<format>[a-z0-9]+)/?$,report.api.views.PrecursorReportValuesViewSet,.venv/lib/python3.13/site-packages/django/views/decorators/csrf.py:491,api,,org_pk|precusor_pk|pk|format,0,0
report,api-root,/report/api/reports/<int:org_pk>/precusor/<int:precusor_pk>/,rest_framework.routers.APIRootView,.venv/lib/python3.13/site-packages/django/views/decorators/csrf.py:97,api,,org_pk|precusor_pk,0,0
report,api-root,/report/api/reports/<int:org_pk>/precusor/<int:precusor_pk>/<drf_format_suffix:format>,rest_framework.routers.APIRootView,.venv/lib/python3.13/site-packages/django/views/decorators/csrf.py:97,api,,org_pk|precusor_pk|format,0,0
report,api-regency-list,/report/api/reports/<int:org_pk>/^api_regency/$,report.api.views.RegencyViewSet,.venv/lib/python3.13/site-packages/django/views/decorators/csrf.py:491,api,,org_pk,0,0
report,api-regency-list,/report/api/reports/<int:org_pk>/^api_regency\.(?P<format>[a-z0-9]+)/?$,report.api.views.RegencyViewSet,.venv/lib/python3.13/site-packages/django/views/decorators/csrf.py:491,api,,org_pk|format,0,0
report,api-regency-detail-template,/report/api/reports/<int:org_pk>/^api_regency/detail_template/$,report.api.views.RegencyViewSet,.venv/lib/python3.13/site-packages/django/views/decorators/csrf.py:491,api,,org_pk,0,0
report,api-regency-detail-template,/report/api/reports/<int:org_pk>/^api_regency/detail_template\.(?P<format>[a-z0-9]+)/?$,report.api.views.RegencyViewSet,.venv/lib/python3.13/site-packages/django/views/decorators/csrf.py:491,api,,org_pk|format,0,0
report,api-regency-detail,/report/api/reports/<int:org_pk>/^api_regency/(?P<pk>[^/.]+)/$,report.api.views.RegencyViewSet,.venv/lib/python3.13/site-packages/django/views/decorators/csrf.py:491,api,,org_pk|pk,0,0
report,api-regency-detail,/report/api/reports/<int:org_pk>/^api_regency/(?P<pk>[^/.]+)\.(?P<format>[a-z0-9]+)/?$,report.api.views.RegencyViewSet,.venv/lib/python3.13/site-packages/django/views/decorators/csrf.py:491,api,,org_pk|pk|format,0,0
report,api-regency-get-values-for-update,/report/api/reports/<int:org_pk>/^api_regency/(?P<pk>[^/.]+)/get_values_for_update/$,report.api.views.RegencyViewSet,.venv/lib/python3.13/site-packages/django/views/decorators/csrf.py:491,api,,org_pk|pk,0,0
report,api-regency-get-values-for-update,/report/api/reports/<int:org_pk>/^api_regency/(?P<pk>[^/.]+)/get_values_for_update\.(?P<format>[a-z0-9]+)/?$,report.api.views.RegencyViewSet,.venv/lib/python3.13/site-packages/django/views/decorators/csrf.py:491,api,,org_pk|pk|format,0,0
report,api-root,/report/api/reports/<int:org_pk>/,rest_framework.routers.APIRootView,.venv/lib/python3.13/site-packages/django/views/decorators/csrf.py:97,api,,org_pk,0,0
report,api-root,/report/api/reports/<int:org_pk>/<drf_format_suffix:format>,rest_framework.routers.APIRootView,.venv/lib/python3.13/site-packages/django/views/decorators/csrf.py:97,api,,org_pk|format,0,0
pending_tasks,api-pending_tasks-list,/pending_tasks/api/^api_pending_tasks/$,pending_tasks.api.views.PendingTaskViewSet,.venv/lib/python3.13/site-packages/django/views/decorators/csrf.py:491,api,,,0,1
pending_tasks,api-pending_tasks-list,/pending_tasks/api/^api_pending_tasks\.(?P<format>[a-z0-9]+)/?$,pending_tasks.api.views.PendingTaskViewSet,.venv/lib/python3.13/site-packages/django/views/decorators/csrf.py:491,api,,format,0,1
pending_tasks,api-pending_tasks-archive-finished,/pending_tasks/api/^api_pending_tasks/archive_finished/$,pending_tasks.api.views.PendingTaskViewSet,.venv/lib/python3.13/site-packages/django/views/decorators/csrf.py:491,api,,,0,0
pending_tasks,api-pending_tasks-archive-finished,/pending_tasks/api/^api_pending_tasks/archive_finished\.(?P<format>[a-z0-9]+)/?$,pending_tasks.api.views.PendingTaskViewSet,.venv/lib/python3.13/site-packages/django/views/decorators/csrf.py:491,api,,format,0,0
pending_tasks,api-pending_tasks-detail,/pending_tasks/api/^api_pending_tasks/(?P<pk>[^/.]+)/$,pending_tasks.api.views.PendingTaskViewSet,.venv/lib/python3.13/site-packages/django/views/decorators/csrf.py:491,api,,pk,0,1
pending_tasks,api-pending_tasks-detail,/pending_tasks/api/^api_pending_tasks/(?P<pk>[^/.]+)\.(?P<format>[a-z0-9]+)/?$,pending_tasks.api.views.PendingTaskViewSet,.venv/lib/python3.13/site-packages/django/views/decorators/csrf.py:491,api,,pk|format,0,1
pending_tasks,api-pending_tasks-get-values-for-update,/pending_tasks/api/^api_pending_tasks/(?P<pk>[^/.]+)/get_values_for_update/$,pending_tasks.api.views.PendingTaskViewSet,.venv/lib/python3.13/site-packages/django/views/decorators/csrf.py:491,api,,pk,0,0
pending_tasks,api-pending_tasks-get-values-for-update,/pending_tasks/api/^api_pending_tasks/(?P<pk>[^/.]+)/get_values_for_update\.(?P<format>[a-z0-9]+)/?$,pending_tasks.api.views.PendingTaskViewSet,.venv/lib/python3.13/site-packages/django/views/decorators/csrf.py:491,api,,pk|format,0,0
pending_tasks,api-root,/pending_tasks/api/,rest_framework.routers.APIRootView,.venv/lib/python3.13/site-packages/django/views/decorators/csrf.py:97,api,,,0,0
pending_tasks,api-root,/pending_tasks/api/<drf_format_suffix:format>,rest_framework.routers.APIRootView,.venv/lib/python3.13/site-packages/django/views/decorators/csrf.py:97,api,,format,0,0
pending_tasks,view_task,/pending_tasks/view-tasks,pending_tasks.views.view_task,.venv/lib/python3.13/site-packages/django/contrib/auth/decorators.py:7,pagina,tasks/tasks-view.html,,0,1
,oidc_authentication_callback,/oidc/callback/,mozilla_django_oidc.views.OIDCAuthenticationCallbackView,.venv/lib/python3.13/site-packages/django/views/generic/base.py:97,infra,,,0,0
,oidc_authentication_init,/oidc/authenticate/,mozilla_django_oidc.views.OIDCAuthenticationRequestView,.venv/lib/python3.13/site-packages/django/views/generic/base.py:97,infra,,,0,0
,oidc_logout,/oidc/logout/,mozilla_django_oidc.views.OIDCLogoutView,.venv/lib/python3.13/site-packages/django/views/generic/base.py:97,infra,,,0,0
,add_user_reservation,/reservation/create,djreservation.views.CreateReservation,.venv/lib/python3.13/site-packages/django/views/generic/base.py:97,infra,,,0,0
,finish_reservation,/reservation/finish,djreservation.views.finish_reservation,.venv/lib/python3.13/site-packages/djreservation/views.py:72,infra,,,0,0
,delete_product_reservation,/reservation/delete_product_reservation/<int:pk>/,djreservation.views.deleteProduct,.venv/lib/python3.13/site-packages/djreservation/views.py:253,infra,,pk,0,0
,reservation_list,/reservation/list,djreservation.views.ReservationList,.venv/lib/python3.13/site-packages/django/views/generic/base.py:97,infra,,,0,0
,api_reservation_management,/rm/api/reservedproduct/(?P<pk>\d+)/,reservations_management.api.views.ApiReservedProductsCRUD,.venv/lib/python3.13/site-packages/django/views/decorators/csrf.py:97,api,,pk,0,0
,api_reservation_management,/rm/api/reservedproduct/(?P<pk>\d+)\.(?P<format>[a-z0-9]+)/?$,reservations_management.api.views.ApiReservedProductsCRUD,.venv/lib/python3.13/site-packages/django/views/decorators/csrf.py:97,api,,pk|format,0,0
,api_reservation_products_list,/rm/api/reservationreservedproducts/(?P<pk>\d+)/list,reservations_management.api.views.ApiListReservationReservedProduct,.venv/lib/python3.13/site-packages/django/views/decorators/csrf.py:97,api,,pk,0,0
,api_reservation_products_list,/rm/api/reservationreservedproducts/(?P<pk>\d+)/list\.(?P<format>[a-z0-9]+)/?$,reservations_management.api.views.ApiListReservationReservedProduct,.venv/lib/python3.13/site-packages/django/views/decorators/csrf.py:97,api,,pk|format,0,0
,regulation_docs,/regulations/,msds.views.regulation_view,src/msds/views.py:187,pagina,regulation/regulations_document.html,,1,1
,download_all_regulations,/regulations/download/all,msds.views.download_all_regulations,src/msds/views.py:199,descarga,,,0,0
,media,/^media/(?P<path>.*),auth_and_perms.views.media_access,src/auth_and_perms/views/__init__.py:6,infra,,path,0,0
,javascript-catalog,/jsi18n/,django.views.i18n.JavaScriptCatalog,.venv/lib/python3.13/site-packages/django/utils/decorators.py:97,infra,,,0,0
